Handle	Title	Body (HTML)	Vendor		Type	Tags	Published	Option1 Name	Option1 Value	Option2 Name	Option2 Value	Option3 Name	Option3 Value	Variant SKU	Variant Grams	Variant Inventory Tracker	Variant Inventory Qty	Variant Inventory Policy	Variant Fulfillment Service	Variant Price	Variant Compare At Price	Variant Requires Shipping	Variant Taxable	Variant Barcode	Image Src	Image Position	Image Alt Text	Gift Card	Variant Image	Variant Weight Unit	Variant Tax Code	Cost per item
aeromax-round-neck-essential-full-sleeve-t-shirt	Aeromax Round Neck Essential Full Sleeve T-Shirt	"<p><strong>Designed for those who value effortless style and all-day comfort.</strong><br>Crafted from premium fabric, this tee offers a soft, breathable feel with the durability and sleek look you need.</p> <ul> <li> <p>? Regular fit for a relaxed yet stylish vibe</p> </li> <li> <p>? Sizes from S to 3XL—find your perfect fit</p> </li> <li> <p>? Premium fabric for lasting comfort and wear</p> </li> <li> <p>? Trendy printed design to elevate everyday fashion</p> </li> </ul> <p>Perfect for casual outings, layering, or making a statement wherever you go!</p>"	TEES				2025-06-10T21:56:05+05:30	Color	LightGray	Size	S				0			deny	manual	99	3499		TRUE		https://cdn.shopify.com/s/files/1/0712/7485/6588/files/photo_2025-02-25_23-07-22.jpg?v=1749572775	1			https://cdn.shopify.com/s/files/1/0712/7485/6588/files/photo_2025-02-25_23-07-22.jpg?v=1749572775			
aeromax-round-neck-essential-full-sleeve-t-shirt								Color	LightGray	Size	M				0			deny	manual	99	3499		TRUE		https://cdn.shopify.com/s/files/1/0712/7485/6588/files/photo_2025-02-25_23-07-24.jpg?v=1749572775	2			https://cdn.shopify.com/s/files/1/0712/7485/6588/files/photo_2025-02-25_23-07-22.jpg?v=1749572775			
aeromax-round-neck-essential-full-sleeve-t-shirt								Color	LightGray	Size	L				0			deny	manual	99	3499		TRUE		https://cdn.shopify.com/s/files/1/0712/7485/6588/files/photo_2025-02-25_23-07-27.jpg?v=1749572775	3			https://cdn.shopify.com/s/files/1/0712/7485/6588/files/photo_2025-02-25_23-07-22.jpg?v=1749572775			
aeromax-round-neck-essential-full-sleeve-t-shirt								Color	LightGray	Size	XL				0			deny	manual	99	3499		TRUE		https://cdn.shopify.com/s/files/1/0712/7485/6588/files/photo_2025-02-25_23-07-26_2.jpg?v=1749572775	4			https://cdn.shopify.com/s/files/1/0712/7485/6588/files/photo_2025-02-25_23-07-22.jpg?v=1749572775			
aeromax-round-neck-essential-full-sleeve-t-shirt								Color	LightGray	Size	XXL				0			deny	manual	99	3499		TRUE		https://cdn.shopify.com/s/files/1/0712/7485/6588/files/photo_2025-02-25_23-07-21.jpg?v=1749572775	5			https://cdn.shopify.com/s/files/1/0712/7485/6588/files/photo_2025-02-25_23-07-22.jpg?v=1749572775			
aeromax-round-neck-essential-full-sleeve-t-shirt								Color	LightGray	Size	3XL				0			deny	manual	99	3499		TRUE		https://cdn.shopify.com/s/files/1/0712/7485/6588/files/photo_2025-02-25_23-07-26.jpg?v=1749572775	6			https://cdn.shopify.com/s/files/1/0712/7485/6588/files/photo_2025-02-25_23-07-22.jpg?v=1749572775			
aeromax-round-neck-essential-full-sleeve-t-shirt								Color	Black	Size	S				0			deny	manual	99	3499		TRUE		https://cdn.shopify.com/s/files/1/0712/7485/6588/files/photo_2025-02-25_23-07-23.jpg?v=1749572775	7			https://cdn.shopify.com/s/files/1/0712/7485/6588/files/photo_2025-02-25_23-07-21.jpg?v=1749572775			
aeromax-round-neck-essential-full-sleeve-t-shirt								Color	Black	Size	M				0			deny	manual	99	3499		TRUE		https://cdn.shopify.com/s/files/1/0712/7485/6588/files/photo_2025-02-25_23-07-24_2.jpg?v=1749572775	8			https://cdn.shopify.com/s/files/1/0712/7485/6588/files/photo_2025-02-25_23-07-21.jpg?v=1749572775			
aeromax-round-neck-essential-full-sleeve-t-shirt								Color	Black	Size	L				0			deny	manual	99	3499		TRUE						https://cdn.shopify.com/s/files/1/0712/7485/6588/files/photo_2025-02-25_23-07-21.jpg?v=1749572775			
aeromax-round-neck-essential-full-sleeve-t-shirt								Color	Black	Size	XL				0			deny	manual	99	3499		TRUE						https://cdn.shopify.com/s/files/1/0712/7485/6588/files/photo_2025-02-25_23-07-21.jpg?v=1749572775			
aeromax-round-neck-essential-full-sleeve-t-shirt								Color	Black	Size	XXL				0			deny	manual	99	3499		TRUE						https://cdn.shopify.com/s/files/1/0712/7485/6588/files/photo_2025-02-25_23-07-21.jpg?v=1749572775			
aeromax-round-neck-essential-full-sleeve-t-shirt								Color	Black	Size	3XL				0			deny	manual	99	3499		TRUE						https://cdn.shopify.com/s/files/1/0712/7485/6588/files/photo_2025-02-25_23-07-21.jpg?v=1749572775			
boldmove-imported-short-sleeve-tee	BoldMove Imported Short Sleeve Tee	"<h3><strong>BoldMove Imported Short Sleeve Tee</strong></h3> <p><strong>Style meets performance.</strong></p> <p>Elevate your workout game with the <strong>BoldMove Short Sleeve Tee</strong>—designed for those who push limits. Made from premium, breathable materials, this tee keeps you cool and comfortable through every rep, run, or rest day.</p> <p>Its sleek, modern design transitions seamlessly from the gym to the streets, combining athletic performance with everyday style.</p> <hr> <p><strong>Why You’ll Love It:</strong></p> <ul> <li> <p>? Lightweight and breathable fabric for all-day comfort</p> </li> <li> <p>? Moisture-wicking design—stay cool and dry</p> </li> <li> <p>? Athletic fit with a modern, minimal aesthetic</p> </li> <li> <p>? Versatile for workouts, casual wear, or layering</p> </li> </ul>"	TEES				2025-06-10T21:55:20+05:30	Size	S	Color	LightGray				0			deny	manual	99	2399		TRUE		https://cdn.shopify.com/s/files/1/0712/7485/6588/files/photo_2025-03-05_14-10-48.jpg?v=1749572730	1			https://cdn.shopify.com/s/files/1/0712/7485/6588/files/photo_2025-03-05_14-10-48.jpg?v=1749572730			
boldmove-imported-short-sleeve-tee								Size	S	Color	Orange				0			deny	manual	99	2399		TRUE		https://cdn.shopify.com/s/files/1/0712/7485/6588/files/photo_2025-03-05_14-17-09.jpg?v=1749572730	2			https://cdn.shopify.com/s/files/1/0712/7485/6588/files/photo_2025-03-05_14-10-46.jpg?v=1749572730			
boldmove-imported-short-sleeve-tee								Size	S	Color	DarkGray				0			deny	manual	99	2399		TRUE		https://cdn.shopify.com/s/files/1/0712/7485/6588/files/photo_2025-03-05_14-10-47.jpg?v=1749572730	3			https://cdn.shopify.com/s/files/1/0712/7485/6588/files/photo_2025-03-05_14-10-47.jpg?v=1749572730			
boldmove-imported-short-sleeve-tee								Size	S	Color	Black				0			deny	manual	99	2399		TRUE		https://cdn.shopify.com/s/files/1/0712/7485/6588/files/photo_2025-03-05_14-17-10.jpg?v=1749572730	4			https://cdn.shopify.com/s/files/1/0712/7485/6588/files/photo_2025-03-05_14-10-49_2.jpg?v=1749572730			
boldmove-imported-short-sleeve-tee								Size	S	Color	Blue				0			deny	manual	99	2399		TRUE		https://cdn.shopify.com/s/files/1/0712/7485/6588/files/photo_2025-03-05_14-10-49.jpg?v=1749572730	5			https://cdn.shopify.com/s/files/1/0712/7485/6588/files/photo_2025-03-05_14-10-49.jpg?v=1749572730			
boldmove-imported-short-sleeve-tee								Size	M	Color	LightGray				0			deny	manual	99	2399		TRUE		https://cdn.shopify.com/s/files/1/0712/7485/6588/files/photo_2025-03-05_14-17-11.jpg?v=1749572730	6			https://cdn.shopify.com/s/files/1/0712/7485/6588/files/photo_2025-03-05_14-10-48.jpg?v=1749572730			
boldmove-imported-short-sleeve-tee								Size	M	Color	Orange				0			deny	manual	99	2399		TRUE		https://cdn.shopify.com/s/files/1/0712/7485/6588/files/photo_2025-03-05_14-10-46.jpg?v=1749572730	7			https://cdn.shopify.com/s/files/1/0712/7485/6588/files/photo_2025-03-05_14-10-46.jpg?v=1749572730			
boldmove-imported-short-sleeve-tee								Size	M	Color	DarkGray				0			deny	manual	99	2399		TRUE		https://cdn.shopify.com/s/files/1/0712/7485/6588/files/photo_2025-03-05_14-17-11_2.jpg?v=1749572730	8			https://cdn.shopify.com/s/files/1/0712/7485/6588/files/photo_2025-03-05_14-10-47.jpg?v=1749572730			
boldmove-imported-short-sleeve-tee								Size	M	Color	Black				0			deny	manual	99	2399		TRUE		https://cdn.shopify.com/s/files/1/0712/7485/6588/files/photo_2025-03-05_14-10-49_2.jpg?v=1749572730	9			https://cdn.shopify.com/s/files/1/0712/7485/6588/files/photo_2025-03-05_14-10-49_2.jpg?v=1749572730			
boldmove-imported-short-sleeve-tee								Size	M	Color	Blue				0			deny	manual	99	2399		TRUE						https://cdn.shopify.com/s/files/1/0712/7485/6588/files/photo_2025-03-05_14-10-49.jpg?v=1749572730			
boldmove-imported-short-sleeve-tee								Size	L	Color	LightGray				0			deny	manual	99	2399		TRUE						https://cdn.shopify.com/s/files/1/0712/7485/6588/files/photo_2025-03-05_14-10-48.jpg?v=1749572730			
boldmove-imported-short-sleeve-tee								Size	L	Color	Orange				0			deny	manual	99	2399		TRUE						https://cdn.shopify.com/s/files/1/0712/7485/6588/files/photo_2025-03-05_14-10-46.jpg?v=1749572730			
boldmove-imported-short-sleeve-tee								Size	L	Color	DarkGray				0			deny	manual	99	2399		TRUE						https://cdn.shopify.com/s/files/1/0712/7485/6588/files/photo_2025-03-05_14-10-47.jpg?v=1749572730			
boldmove-imported-short-sleeve-tee								Size	L	Color	Black				0			deny	manual	99	2399		TRUE						https://cdn.shopify.com/s/files/1/0712/7485/6588/files/photo_2025-03-05_14-10-49_2.jpg?v=1749572730			
boldmove-imported-short-sleeve-tee								Size	L	Color	Blue				0			deny	manual	99	2399		TRUE						https://cdn.shopify.com/s/files/1/0712/7485/6588/files/photo_2025-03-05_14-10-49.jpg?v=1749572730			
boldmove-imported-short-sleeve-tee								Size	XL	Color	LightGray				0			deny	manual	99	2399		TRUE						https://cdn.shopify.com/s/files/1/0712/7485/6588/files/photo_2025-03-05_14-10-48.jpg?v=1749572730			
boldmove-imported-short-sleeve-tee								Size	XL	Color	Orange				0			deny	manual	99	2399		TRUE						https://cdn.shopify.com/s/files/1/0712/7485/6588/files/photo_2025-03-05_14-10-46.jpg?v=1749572730			
boldmove-imported-short-sleeve-tee								Size	XL	Color	DarkGray				0			deny	manual	99	2399		TRUE						https://cdn.shopify.com/s/files/1/0712/7485/6588/files/photo_2025-03-05_14-10-47.jpg?v=1749572730			
boldmove-imported-short-sleeve-tee								Size	XL	Color	Black				0			deny	manual	99	2399		TRUE						https://cdn.shopify.com/s/files/1/0712/7485/6588/files/photo_2025-03-05_14-10-49_2.jpg?v=1749572730			
boldmove-imported-short-sleeve-tee								Size	XL	Color	Blue				0			deny	manual	99	2399		TRUE						https://cdn.shopify.com/s/files/1/0712/7485/6588/files/photo_2025-03-05_14-10-49.jpg?v=1749572730			
boldmove-imported-short-sleeve-tee								Size	XXL	Color	LightGray				0			deny	manual	99	2399		TRUE						https://cdn.shopify.com/s/files/1/0712/7485/6588/files/photo_2025-03-05_14-10-48.jpg?v=1749572730			
boldmove-imported-short-sleeve-tee								Size	XXL	Color	Orange				0			deny	manual	99	2399		TRUE						https://cdn.shopify.com/s/files/1/0712/7485/6588/files/photo_2025-03-05_14-10-46.jpg?v=1749572730			
boldmove-imported-short-sleeve-tee								Size	XXL	Color	DarkGray				0			deny	manual	99	2399		TRUE						https://cdn.shopify.com/s/files/1/0712/7485/6588/files/photo_2025-03-05_14-10-47.jpg?v=1749572730			
boldmove-imported-short-sleeve-tee								Size	XXL	Color	Black				0			deny	manual	99	2399		TRUE						https://cdn.shopify.com/s/files/1/0712/7485/6588/files/photo_2025-03-05_14-10-49_2.jpg?v=1749572730			
boldmove-imported-short-sleeve-tee								Size	XXL	Color	Blue				0			deny	manual	99	2399		TRUE						https://cdn.shopify.com/s/files/1/0712/7485/6588/files/photo_2025-03-05_14-10-49.jpg?v=1749572730			
boldmove-imported-short-sleeve-tee								Size	3XL	Color	LightGray				0			deny	manual	99	2399		TRUE						https://cdn.shopify.com/s/files/1/0712/7485/6588/files/photo_2025-03-05_14-10-48.jpg?v=1749572730			
boldmove-imported-short-sleeve-tee								Size	3XL	Color	Orange				0			deny	manual	99	2399		TRUE						https://cdn.shopify.com/s/files/1/0712/7485/6588/files/photo_2025-03-05_14-10-46.jpg?v=1749572730			
boldmove-imported-short-sleeve-tee								Size	3XL	Color	DarkGray				0			deny	manual	99	2399		TRUE						https://cdn.shopify.com/s/files/1/0712/7485/6588/files/photo_2025-03-05_14-10-47.jpg?v=1749572730			
boldmove-imported-short-sleeve-tee								Size	3XL	Color	Black				0			deny	manual	99	2399		TRUE						https://cdn.shopify.com/s/files/1/0712/7485/6588/files/photo_2025-03-05_14-10-49_2.jpg?v=1749572730			
boldmove-imported-short-sleeve-tee								Size	3XL	Color	Blue				0			deny	manual	99	2399		TRUE						https://cdn.shopify.com/s/files/1/0712/7485/6588/files/photo_2025-03-05_14-10-49.jpg?v=1749572730			
chroma-crisp-polo	Chroma Crisp Polo T-Shirt	"<p>Elevate your style with the Chroma Crisp Polo, crafted from the finest imported cotton for unmatched comfort and breathability. This classic polo features a sleek design with vibrant, lasting colors that add a touch of sophistication to any casual or semi-formal ensemble. Perfect for any occasion, the Chroma Crisp Polo combines timeless elegance with modern flair.</p> <p><strong>Key Features:</strong></p> <ul> <li> <strong>Premium Imported Cotton:</strong> Enjoy the luxurious feel and durability of high-quality cotton.</li> <li> <strong>Vibrant Colors:</strong> The rich hues remain vivid even after multiple washes.</li> <li> <strong>Classic Design:</strong> A versatile piece that complements both casual and semi-formal outfits.</li> <li> <strong>Comfort Fit:</strong> Designed for a comfortable, flattering fit.</li> <li> <strong>Breathable Fabric:</strong> Keeps you cool and comfortable all day long.</li> </ul> <p data-mce-fragment=""1""><strong data-mce-fragment=""1"">Standard Sizing: We follow our sizes do not vary by more than +/- 0.5 inches.</strong></p> <p><strong data-mce-fragment=""1"">Actual color of the product may vary slightly due to photographic lighting sources or your device.</strong></p> <h2 data-mce-fragment=""1""><strong>Size Chart:</strong></h2> <table width=""64%"" data-mce-fragment=""1""> <tbody data-mce-fragment=""1""> <tr data-mce-fragment=""1""> <td width=""68"" data-mce-fragment=""1""> <p data-mce-fragment=""1""><strong data-mce-fragment=""1"">Size</strong></p> </td> <td width=""83"" data-mce-fragment=""1""> <p data-mce-fragment=""1""><strong data-mce-fragment=""1"">Chest</strong></p> </td> <td width=""83"" data-mce-fragment=""1""> <p data-mce-fragment=""1""><strong data-mce-fragment=""1"">Shoulder</strong></p> </td> <td width=""54"" data-mce-fragment=""1""> <p data-mce-fragment=""1""><strong data-mce-fragment=""1"">Length</strong></p> </td> </tr> <tr data-mce-fragment=""1""> <td width=""68"" data-mce-fragment=""1""> <p data-mce-fragment=""1""><strong data-mce-fragment=""1"">S</strong></p> </td> <td width=""83"" data-mce-fragment=""1""> <p data-mce-fragment=""1"">38</p> </td> <td width=""83"" data-mce-fragment=""1""> <p data-mce-fragment=""1"">15.50</p> </td> <td width=""54"" data-mce-fragment=""1""> <p data-mce-fragment=""1"">25.50</p> </td> </tr> <tr data-mce-fragment=""1""> <td width=""68"" data-mce-fragment=""1""> <p data-mce-fragment=""1""><strong data-mce-fragment=""1"">M</strong></p> </td> <td width=""83"" data-mce-fragment=""1""> <p data-mce-fragment=""1"">40</p> </td> <td width=""83"" data-mce-fragment=""1""> <p data-mce-fragment=""1"">16.50</p> </td> <td width=""54"" data-mce-fragment=""1""> <p data-mce-fragment=""1"">26.50</p> </td> </tr> <tr data-mce-fragment=""1""> <td width=""68"" data-mce-fragment=""1""> <p data-mce-fragment=""1""><strong data-mce-fragment=""1"">L</strong></p> </td> <td width=""83"" data-mce-fragment=""1""> <p data-mce-fragment=""1"">42</p> </td> <td width=""83"" data-mce-fragment=""1""> <p data-mce-fragment=""1"">17.50</p> </td> <td width=""54"" data-mce-fragment=""1""> <p data-mce-fragment=""1"">27.50</p> </td> </tr> <tr data-mce-fragment=""1""> <td width=""68"" data-mce-fragment=""1""> <p data-mce-fragment=""1""><strong data-mce-fragment=""1"">XL</strong></p> </td> <td width=""83"" data-mce-fragment=""1""> <p data-mce-fragment=""1"">44</p> </td> <td width=""83"" data-mce-fragment=""1""> <p data-mce-fragment=""1"">18.50</p> </td> <td width=""54"" data-mce-fragment=""1""> <p data-mce-fragment=""1"">28.50</p> </td> </tr> <tr data-mce-fragment=""1""> <td width=""68"" data-mce-fragment=""1""> <p data-mce-fragment=""1""><strong data-mce-fragment=""1"">XXL</strong></p> </td> <td width=""83"" data-mce-fragment=""1""> <p data-mce-fragment=""1"">46</p> </td> <td width=""83"" data-mce-fragment=""1""> <p data-mce-fragment=""1"">19.50</p> </td> <td width=""54"" data-mce-fragment=""1""> <p data-mce-fragment=""1"">29.50</p> </td> </tr> </tbody> </table>"	TEES		T-Shirts		2025-06-10T21:53:01+05:30	Size	S/38	Color	Grey			SP08-S-Grey	300			deny	manual	99	1699		TRUE		https://cdn.shopify.com/s/files/1/0712/7485/6588/files/Untitled-4.png?v=1749572591	1			https://cdn.shopify.com/s/files/1/0712/7485/6588/files/Untitled-4.png?v=1749572591			
chroma-crisp-polo								Size	S/38	Color	Navy Blue			SP08-S-Navy Blue	300			deny	manual	99	1699		TRUE		https://cdn.shopify.com/s/files/1/0712/7485/6588/files/Poshpeno1722929903714-142355969.jpg?v=1749572591	2			https://cdn.shopify.com/s/files/1/0712/7485/6588/files/Poshpeno1722929903714-142355969.jpg?v=1749572591			
chroma-crisp-polo								Size	S/38	Color	White			SP08-S-White	300			deny	manual	99	1699		TRUE		https://cdn.shopify.com/s/files/1/0712/7485/6588/files/Untitled-6.png?v=1749572591	3			https://cdn.shopify.com/s/files/1/0712/7485/6588/files/Untitled-6.png?v=1749572591			
chroma-crisp-polo								Size	S/38	Color	Black			SP08-S-Black	300			deny	manual	99	1699		TRUE		https://cdn.shopify.com/s/files/1/0712/7485/6588/files/Untitled-5.png?v=1749572591	4			https://cdn.shopify.com/s/files/1/0712/7485/6588/files/Untitled-5.png?v=1749572591			
chroma-crisp-polo								Size	M/40	Color	Grey			SP08-M-Grey	300			deny	manual	99	1699		TRUE		https://cdn.shopify.com/s/files/1/0712/7485/6588/files/138d20b1-087f-49bf-8ab9-c22ef1175cfb.jpg?v=1749572591	5			https://cdn.shopify.com/s/files/1/0712/7485/6588/files/Untitled-4.png?v=1749572591			
chroma-crisp-polo								Size	M/40	Color	Navy Blue			SP08-M-Navy Blue	300			deny	manual	99	1699		TRUE		https://cdn.shopify.com/s/files/1/0712/7485/6588/files/0e92fd81-9405-44b0-bc52-d76d7c37e0a4.jpg?v=1749572591	6			https://cdn.shopify.com/s/files/1/0712/7485/6588/files/Poshpeno1722929903714-142355969.jpg?v=1749572591			
chroma-crisp-polo								Size	M/40	Color	White			SP08-M-White	300			deny	manual	99	1699		TRUE		https://cdn.shopify.com/s/files/1/0712/7485/6588/files/Untitled-1.png?v=1749572591	7			https://cdn.shopify.com/s/files/1/0712/7485/6588/files/Untitled-6.png?v=1749572591			
chroma-crisp-polo								Size	M/40	Color	Black			SP08-M-Black	300			deny	manual	99	1699		TRUE		https://cdn.shopify.com/s/files/1/0712/7485/6588/files/Untitled-2.png?v=1749572591	8			https://cdn.shopify.com/s/files/1/0712/7485/6588/files/Untitled-5.png?v=1749572591			
chroma-crisp-polo								Size	L/42	Color	Grey			SP08-L-Grey	300			deny	manual	99	1699		TRUE						https://cdn.shopify.com/s/files/1/0712/7485/6588/files/Untitled-4.png?v=1749572591			
chroma-crisp-polo								Size	L/42	Color	Navy Blue			SP08-L-Navy Blue	300			deny	manual	99	1699		TRUE						https://cdn.shopify.com/s/files/1/0712/7485/6588/files/Poshpeno1722929903714-142355969.jpg?v=1749572591			
chroma-crisp-polo								Size	L/42	Color	White			SP08-L-White	300			deny	manual	99	1699		TRUE						https://cdn.shopify.com/s/files/1/0712/7485/6588/files/Untitled-6.png?v=1749572591			
chroma-crisp-polo								Size	L/42	Color	Black			SP08-L-Black	300			deny	manual	99	1699		TRUE						https://cdn.shopify.com/s/files/1/0712/7485/6588/files/Untitled-5.png?v=1749572591			
chroma-crisp-polo								Size	XL/44	Color	Grey			SP08-XL-Grey	300			deny	manual	99	1699		TRUE						https://cdn.shopify.com/s/files/1/0712/7485/6588/files/Untitled-4.png?v=1749572591			
chroma-crisp-polo								Size	XL/44	Color	Navy Blue			SP08-XL-Navy Blue	300			deny	manual	99	1699		TRUE						https://cdn.shopify.com/s/files/1/0712/7485/6588/files/Poshpeno1722929903714-142355969.jpg?v=1749572591			
chroma-crisp-polo								Size	XL/44	Color	White			SP08-XL-White	300			deny	manual	99	1699		TRUE						https://cdn.shopify.com/s/files/1/0712/7485/6588/files/Untitled-6.png?v=1749572591			
chroma-crisp-polo								Size	XL/44	Color	Black			SP08-XL-Black	300			deny	manual	99	1699		TRUE						https://cdn.shopify.com/s/files/1/0712/7485/6588/files/Untitled-5.png?v=1749572591			
chroma-crisp-polo								Size	XXL/46	Color	Grey			SP08-XXL-Grey	300			deny	manual	99	1699		TRUE						https://cdn.shopify.com/s/files/1/0712/7485/6588/files/Untitled-4.png?v=1749572591			
chroma-crisp-polo								Size	XXL/46	Color	Navy Blue			SP08-XXL-Navy Blue	300			deny	manual	99	1699		TRUE						https://cdn.shopify.com/s/files/1/0712/7485/6588/files/Poshpeno1722929903714-142355969.jpg?v=1749572591			
chroma-crisp-polo								Size	XXL/46	Color	White			SP08-XXL-White	300			deny	manual	99	1699		TRUE						https://cdn.shopify.com/s/files/1/0712/7485/6588/files/Untitled-6.png?v=1749572591			
chroma-crisp-polo								Size	XXL/46	Color	Black			SP08-XXL-Black	300			deny	manual	99	1699		TRUE						https://cdn.shopify.com/s/files/1/0712/7485/6588/files/Untitled-5.png?v=1749572591			
classic-old-money-vintage-t-shirt	Classic Old Money Vintage T-Shirt	"<h3><strong>Vintage Old Money Premium T-Shirt</strong></h3> <p>Embody timeless sophistication and understated wealth with our <em>Vintage Old Money Premium T-Shirt</em>. Crafted from high-quality materials, this tee delivers unmatched comfort and classic style. Elevate your wardrobe with a touch of elegance and luxury—perfect for those who appreciate refined fashion.</p> <hr> <h3><strong>Size Chart (in inches)</strong></h3> <table> <thead> <tr> <th align=""center"">Size</th> <th align=""center"">Chest</th> <th align=""center"">Shoulder</th> <th align=""center"">Length</th> </tr> </thead> <tbody> <tr> <td align=""center"">S</td> <td align=""center"">38</td> <td align=""center"">15.5</td> <td align=""center"">25.5</td> </tr> <tr> <td align=""center"">M</td> <td align=""center"">40</td> <td align=""center"">16.5</td> <td align=""center"">26.5</td> </tr> <tr> <td align=""center"">L</td> <td align=""center"">42</td> <td align=""center"">17.5</td> <td align=""center"">27.5</td> </tr> <tr> <td align=""center"">XL</td> <td align=""center"">44</td> <td align=""center"">18.5</td> <td align=""center"">28.5</td> </tr> <tr> <td align=""center"">XXL</td> <td align=""center"">46</td> <td align=""center"">19.5</td> <td align=""center"">29.5</td> </tr> </tbody> </table> <hr> <p><strong>Key Features:</strong></p> <ul> <li> <p>? Timeless ""Old Money"" inspired design</p> </li> <li> <p>? Ultra-soft, premium fabric</p> </li> <li> <p>? Relaxed, flattering fit</p> </li> <li> <p>? Elegant details for a luxury look</p> </li> </ul> <p>Ideal for casual sophistication, elevated streetwear, or a refined everyday style.</p> <div class=""Modal__Content Rte""> <div class=""Container Container--extraNarrow""></div> </div>"	TEES				2025-06-10T21:55:53+05:30	Size	S						0			deny	manual	99			TRUE		https://cdn.shopify.com/s/files/1/0712/7485/6588/files/photo_2025-02-28_21-39-57_2.jpg?v=1749572763	1			https://cdn.shopify.com/s/files/1/0712/7485/6588/files/photo_2025-02-28_21-39-57_2.jpg?v=1749572763			
classic-old-money-vintage-t-shirt								Size	M						0			deny	manual	99			TRUE		https://cdn.shopify.com/s/files/1/0712/7485/6588/files/photo_2025-02-28_21-39-58.jpg?v=1749572763	2			https://cdn.shopify.com/s/files/1/0712/7485/6588/files/photo_2025-02-28_21-39-58.jpg?v=1749572763			
classic-old-money-vintage-t-shirt								Size	L						0			deny	manual	99			TRUE		https://cdn.shopify.com/s/files/1/0712/7485/6588/files/photo_2025-02-28_21-40-03_2.jpg?v=1749572764	3			https://cdn.shopify.com/s/files/1/0712/7485/6588/files/photo_2025-02-28_21-40-03_2.jpg?v=1749572764			
classic-old-money-vintage-t-shirt								Size	XL						0			deny	manual	99			TRUE		https://cdn.shopify.com/s/files/1/0712/7485/6588/files/photo_2025-02-28_21-40-03.jpg?v=1749572764	4			https://cdn.shopify.com/s/files/1/0712/7485/6588/files/photo_2025-02-28_21-40-03.jpg?v=1749572764			
classic-old-money-vintage-t-shirt								Size	XXL						0			deny	manual	99			TRUE		https://cdn.shopify.com/s/files/1/0712/7485/6588/files/photo_2025-02-28_21-39-57.jpg?v=1749572764	5			https://cdn.shopify.com/s/files/1/0712/7485/6588/files/photo_2025-02-28_21-39-57.jpg?v=1749572764			
classic-old-money-vintage-t-shirt								Size	3XL						0			deny	manual	99			TRUE		https://cdn.shopify.com/s/files/1/0712/7485/6588/files/photo_2025-02-28_21-39-56.jpg?v=1749572764	6			https://cdn.shopify.com/s/files/1/0712/7485/6588/files/photo_2025-02-28_21-39-56.jpg?v=1749572764			
classic-old-money-vintage-t-shirt																									https://cdn.shopify.com/s/files/1/0712/7485/6588/files/photo_2025-02-28_21-40-06.jpg?v=1749572764	7						
classic-old-money-vintage-t-shirt																									https://cdn.shopify.com/s/files/1/0712/7485/6588/files/photo_2025-02-28_21-40-05.jpg?v=1749572764	8						
classic-old-money-vintage-t-shirt																									https://cdn.shopify.com/s/files/1/0712/7485/6588/files/photo_2025-02-28_21-40-04.jpg?v=1749572764	9						
couture-elite-striped-polo-t-shirt	Couture Elite Striped Polo T-Shirt	"<h3>?? <strong>Couture Elite Striped Polo T-Shirt</strong> </h3> <p><strong>Luxury in Every Thread</strong></p> <p>Elevate your everyday style with the <strong>Couture Elite Striped Polo T-Shirt</strong> – a statement of elegance, comfort, and craftsmanship. Designed for the modern gentleman who values both aesthetics and quality, this polo redefines timeless fashion.</p> <hr> <h4>? <strong>Key Highlights:</strong> </h4> <ul> <li> <p>?? <strong>Delicate Striped Pattern</strong> – Adds a layer of refined sophistication</p> </li> <li> <p>?? <strong>Custom-Fitted Silhouette</strong> – Tailored for a flattering and elegant profile</p> </li> <li> <p>?? <strong>Supple Premium Fabric</strong> – Soft, breathable, and crafted for all-day comfort</p> </li> <li> <p>?? <strong>Custom Buttons &amp; Reinforced Stitching</strong> – Built to last with luxury detailing</p> </li> <li> <p>?? <strong>Subtle Embroidered Logo</strong> – A distinguished touch of branding</p> </li> <li> <p>?? <strong>Versatile Styling</strong> – Perfect for both casual Fridays and formal dinners</p> </li> <li> <p>??? <strong>Timeless Design</strong> – Pairs effortlessly with chinos, jeans, or blazers</p> </li> </ul> <hr> <h4>?? <strong>Fit &amp; Fabric</strong> </h4> <ul> <li> <p><strong>Fabric:</strong> Imported for premium quality and comfort</p> </li> <li> <p><strong>Fit:</strong> Regular Fit – sleek yet relaxed</p> </li> <li> <p>?? <strong>Care:</strong> Cold machine wash. (See label for detailed instructions.)</p> </li> <li> <p>?? <em>Note: Color may slightly vary due to lighting and screen settings.</em></p> </li> </ul> <hr> <h4>?? <strong>Size Chart (in inches):</strong> </h4> <table> <thead> <tr> <th>Size</th> <th>Chest</th> <th>Shoulder</th> <th>Length</th> </tr> </thead> <tbody> <tr> <td>S</td> <td>38</td> <td>15.50</td> <td>25.50</td> </tr> <tr> <td>M</td> <td>40</td> <td>16.50</td> <td>26.50</td> </tr> <tr> <td>L</td> <td>42</td> <td>17.50</td> <td>27.50</td> </tr> <tr> <td>XL</td> <td>44</td> <td>18.50</td> <td>28.50</td> </tr> <tr> <td>XXL</td> <td>46</td> <td>19.50</td> <td>29.50</td> </tr> </tbody> </table> <hr> <p>?? <strong>Refine your look. Define your presence.</strong><br><strong>Shop the Couture Elite Striped Polo T-Shirt today!</strong></p>"	TEES		Crisp Tee		2025-06-10T21:50:02+05:30	Size	M/40	Color	Green				455			deny	manual	99	1999		TRUE		https://cdn.shopify.com/s/files/1/0712/7485/6588/files/ssp1_4.png?v=1749572414	1			https://cdn.shopify.com/s/files/1/0712/7485/6588/files/ssp1_4.png?v=1749572414			
couture-elite-striped-polo-t-shirt								Size	M/40	Color	Jet Grey				455			deny	manual	99	1999		TRUE		https://cdn.shopify.com/s/files/1/0712/7485/6588/files/ssp1_3_5555c1c4-2b5e-4f1b-8c73-e481f6117966.jpg?v=1749572414	2			https://cdn.shopify.com/s/files/1/0712/7485/6588/files/ssp1_3.png?v=1749572414			
couture-elite-striped-polo-t-shirt								Size	M/40	Color	White				455			deny	manual	99	1999		TRUE		https://cdn.shopify.com/s/files/1/0712/7485/6588/files/ssp1_3.png?v=1749572414	3			https://cdn.shopify.com/s/files/1/0712/7485/6588/files/ssp1_2.png?v=1749572414			
couture-elite-striped-polo-t-shirt								Size	M/40	Color	Black				455			deny	manual	99	1999		TRUE		https://cdn.shopify.com/s/files/1/0712/7485/6588/files/ssp1_2_749154b7-dda8-404d-82bc-d08a2b73abc8.jpg?v=1749572414	4			https://cdn.shopify.com/s/files/1/0712/7485/6588/files/ssp1_1.png?v=1749572414			
couture-elite-striped-polo-t-shirt								Size	L/42	Color	Green				455			deny	manual	99	1999		TRUE		https://cdn.shopify.com/s/files/1/0712/7485/6588/files/ssp1_6.png?v=1749572414	5			https://cdn.shopify.com/s/files/1/0712/7485/6588/files/ssp1_4.png?v=1749572414			
couture-elite-striped-polo-t-shirt								Size	L/42	Color	Jet Grey				455			deny	manual	99	1999		TRUE		https://cdn.shopify.com/s/files/1/0712/7485/6588/files/ssp1_2.png?v=1749572414	6			https://cdn.shopify.com/s/files/1/0712/7485/6588/files/ssp1_3.png?v=1749572414			
couture-elite-striped-polo-t-shirt								Size	L/42	Color	White				455			deny	manual	99	1999		TRUE		https://cdn.shopify.com/s/files/1/0712/7485/6588/files/ssp1_5_f5f46394-2389-4e00-af0f-9a043666ff09.jpg?v=1749572414	7			https://cdn.shopify.com/s/files/1/0712/7485/6588/files/ssp1_2.png?v=1749572414			
couture-elite-striped-polo-t-shirt								Size	L/42	Color	Black				455			deny	manual	99	1999		TRUE		https://cdn.shopify.com/s/files/1/0712/7485/6588/files/ssp1_1.png?v=1749572414	8			https://cdn.shopify.com/s/files/1/0712/7485/6588/files/ssp1_1.png?v=1749572414			
couture-elite-striped-polo-t-shirt								Size	XL/44	Color	Green				455			deny	manual	99	1999		TRUE		https://cdn.shopify.com/s/files/1/0712/7485/6588/files/ssp1_4_401ab815-d44f-42e4-82d5-e2b1d512b623.jpg?v=1749572414	9			https://cdn.shopify.com/s/files/1/0712/7485/6588/files/ssp1_4.png?v=1749572414			
couture-elite-striped-polo-t-shirt								Size	XL/44	Color	Jet Grey				455			deny	manual	99	1999		TRUE		https://cdn.shopify.com/s/files/1/0712/7485/6588/files/ssp1_1_abcf6f17-5f06-4e30-af54-d07cbe7d16cb.jpg?v=1749572414	10			https://cdn.shopify.com/s/files/1/0712/7485/6588/files/ssp1_3.png?v=1749572414			
couture-elite-striped-polo-t-shirt								Size	XL/44	Color	White				455			deny	manual	99	1999		TRUE						https://cdn.shopify.com/s/files/1/0712/7485/6588/files/ssp1_2.png?v=1749572414			
couture-elite-striped-polo-t-shirt								Size	XL/44	Color	Black				455			deny	manual	99	1999		TRUE						https://cdn.shopify.com/s/files/1/0712/7485/6588/files/ssp1_1.png?v=1749572414			
couture-elite-striped-polo-t-shirt								Size	XXL/46	Color	Green				455			deny	manual	99	1999		TRUE						https://cdn.shopify.com/s/files/1/0712/7485/6588/files/ssp1_4.png?v=1749572414			
couture-elite-striped-polo-t-shirt								Size	XXL/46	Color	Jet Grey				455			deny	manual	99	1999		TRUE						https://cdn.shopify.com/s/files/1/0712/7485/6588/files/ssp1_3.png?v=1749572414			
couture-elite-striped-polo-t-shirt								Size	XXL/46	Color	White				455			deny	manual	99	1999		TRUE						https://cdn.shopify.com/s/files/1/0712/7485/6588/files/ssp1_2.png?v=1749572414			
couture-elite-striped-polo-t-shirt								Size	XXL/46	Color	Black				455			deny	manual	99	1999		TRUE						https://cdn.shopify.com/s/files/1/0712/7485/6588/files/ssp1_1.png?v=1749572414			
crestmark-polo-t-shirt	CrestMark Polo T-Shirt	"<h3><strong>CrestMark Polo – Where Sophistication Meets Style</strong></h3> <p>Elevate your everyday wardrobe with the <strong>CrestMark Polo</strong>, a striking blend of modern elegance and lasting comfort. Designed for the discerning dresser, this versatile polo shirt transitions seamlessly from casual to smart-casual settings.</p> <hr> <h3><strong>Key Features:</strong></h3> <ul> <li> <p>? <strong>Signature Crest Logo</strong> – A refined emblem on the chest that adds a distinct touch of class and individuality</p> </li> <li> <p>? <strong>Premium Imported Fabric</strong> – Soft, breathable, and durable for all-day comfort</p> </li> <li> <p>? <strong>Modern Detailing</strong> – Accented collar and cuffs with precision stitching for a polished look</p> </li> <li> <p>? <strong>Tailored Regular Fit</strong> – A sleek silhouette that doesn’t compromise on comfort or mobility</p> </li> <li> <p>? <strong>Versatile Styling</strong> – Ideal for casual outings, smart office wear, and semi-formal occasions</p> </li> </ul> <blockquote> <p>?? Pair it with chinos, denim, or tailored trousers for an effortlessly confident look.</p> </blockquote> <hr> <h3> <strong>Fabric:</strong> Imported Fabric</h3> <h3> <strong>Fit:</strong> Regular Fit</h3> <h3> <strong>Care:</strong> Cold machine wash. <em>See wash care label for details.</em> </h3> <p>?? <em>Note: Actual product color may vary slightly due to lighting or screen settings.</em></p> <hr> <h3><strong>Size Chart (in inches):</strong></h3> <table> <thead> <tr> <th align=""center""><strong>Size</strong></th> <th align=""center""><strong>Chest</strong></th> <th align=""center""><strong>Shoulder</strong></th> <th align=""center""><strong>Length</strong></th> </tr> </thead> <tbody> <tr> <td align=""center"">S</td> <td align=""center"">38</td> <td align=""center"">15.5</td> <td align=""center"">25.5</td> </tr> <tr> <td align=""center"">M</td> <td align=""center"">40</td> <td align=""center"">16.5</td> <td align=""center"">26.5</td> </tr> <tr> <td align=""center"">L</td> <td align=""center"">42</td> <td align=""center"">17.5</td> <td align=""center"">27.5</td> </tr> <tr> <td align=""center"">XL</td> <td align=""center"">44</td> <td align=""center"">18.5</td> <td align=""center"">28.5</td> </tr> <tr> <td align=""center"">XXL</td> <td align=""center"">46</td> <td align=""center"">19.5</td> <td align=""center"">29.5</td> </tr> </tbody> </table> <p><br></p>"	TEES		T-Shirts		2025-06-10T21:52:21+05:30	Size	M/40	Color	Vanilla				300			deny	manual	99	2299		TRUE		https://cdn.shopify.com/s/files/1/0712/7485/6588/files/MIPOSHPENO_HR_12.png?v=1749572555	1			https://cdn.shopify.com/s/files/1/0712/7485/6588/files/MIPOSHPENO_HR_12.png?v=1749572555			
crestmark-polo-t-shirt								Size	M/40	Color	White				300			deny	manual	99	2299		TRUE		https://cdn.shopify.com/s/files/1/0712/7485/6588/files/MIPOSHPENO_HR_16.png?v=1749572555	2			https://cdn.shopify.com/s/files/1/0712/7485/6588/files/MIPOSHPENO_HR_10.png?v=1749572555			
crestmark-polo-t-shirt								Size	M/40	Color	Black				300			deny	manual	99	2299		TRUE		https://cdn.shopify.com/s/files/1/0712/7485/6588/files/MIPOSHPENO_HR_7.png?v=1749572555	3			https://cdn.shopify.com/s/files/1/0712/7485/6588/files/MIPOSHPENO_HR_11.png?v=1749572555			
crestmark-polo-t-shirt								Size	L/42	Color	Vanilla				300			deny	manual	99	2299		TRUE		https://cdn.shopify.com/s/files/1/0712/7485/6588/files/MIPOSHPENO_HR_8.png?v=1749572555	4			https://cdn.shopify.com/s/files/1/0712/7485/6588/files/MIPOSHPENO_HR_12.png?v=1749572555			
crestmark-polo-t-shirt								Size	L/42	Color	White				300			deny	manual	99	2299		TRUE		https://cdn.shopify.com/s/files/1/0712/7485/6588/files/MIPOSHPENO_HR_10.png?v=1749572555	5			https://cdn.shopify.com/s/files/1/0712/7485/6588/files/MIPOSHPENO_HR_10.png?v=1749572555			
crestmark-polo-t-shirt								Size	L/42	Color	Black				300			deny	manual	99	2299		TRUE		https://cdn.shopify.com/s/files/1/0712/7485/6588/files/MIPOSHPENO_HR_15.png?v=1749572555	6			https://cdn.shopify.com/s/files/1/0712/7485/6588/files/MIPOSHPENO_HR_11.png?v=1749572555			
crestmark-polo-t-shirt								Size	XL/44	Color	Vanilla				300			deny	manual	99	2299		TRUE		https://cdn.shopify.com/s/files/1/0712/7485/6588/files/MIPOSHPENO_HR_9.png?v=1749572555	7			https://cdn.shopify.com/s/files/1/0712/7485/6588/files/MIPOSHPENO_HR_12.png?v=1749572555			
crestmark-polo-t-shirt								Size	XL/44	Color	White				300			deny	manual	99	2299		TRUE		https://cdn.shopify.com/s/files/1/0712/7485/6588/files/MIPOSHPENO_HR_11.png?v=1749572555	8			https://cdn.shopify.com/s/files/1/0712/7485/6588/files/MIPOSHPENO_HR_10.png?v=1749572555			
crestmark-polo-t-shirt								Size	XL/44	Color	Black				300			deny	manual	99	2299		TRUE		https://cdn.shopify.com/s/files/1/0712/7485/6588/files/MIPOSHPENO_HR_17.png?v=1749572555	9			https://cdn.shopify.com/s/files/1/0712/7485/6588/files/MIPOSHPENO_HR_11.png?v=1749572555			
crestmark-polo-t-shirt								Size	XXL/46	Color	Vanilla				300			deny	manual	99	2299		TRUE		https://cdn.shopify.com/s/files/1/0712/7485/6588/files/MIPOSHPENO_HR_1.png?v=1749572555	10			https://cdn.shopify.com/s/files/1/0712/7485/6588/files/MIPOSHPENO_HR_12.png?v=1749572555			
crestmark-polo-t-shirt								Size	XXL/46	Color	White				300			deny	manual	99	2299		TRUE		https://cdn.shopify.com/s/files/1/0712/7485/6588/files/MIPOSHPENO_HR_2.png?v=1749572555	11			https://cdn.shopify.com/s/files/1/0712/7485/6588/files/MIPOSHPENO_HR_10.png?v=1749572555			
crestmark-polo-t-shirt								Size	XXL/46	Color	Black				300			deny	manual	99	2299		TRUE		https://cdn.shopify.com/s/files/1/0712/7485/6588/files/MIPOSHPENO_HR_6.png?v=1749572555	12			https://cdn.shopify.com/s/files/1/0712/7485/6588/files/MIPOSHPENO_HR_11.png?v=1749572555			
elegant-plaid-emblem-polo-t-shirt	Elegant  Plaid Emblem Polo T-Shirt	"<h3> <strong>Textured Crest Polo – Where Comfort Meets Character</strong> ???</h3> <p>Refine your casual wardrobe with the <strong>Textured Crest Polo</strong>, a perfect blend of everyday comfort and distinctive style. Designed with a focus on detail, this polo offers both form and function, making it a versatile must-have.</p> <hr> <h4><strong>Key Features:</strong></h4> <ul> <li> <p>?? <strong>Half Sleeves</strong> – Ideal for warm weather and easy layering.</p> </li> <li> <p>?? <strong>Textured Design</strong> – Adds depth and visual interest to your look.</p> </li> <li> <p>?? <strong>Embroidered Logo</strong> – Signature detailing that speaks of quality.</p> </li> <li> <p>?? <strong>Spread Collar</strong> – Gives a structured, polished touch.</p> </li> <li> <p>?? <strong>Curved Hem Design</strong> – Modern silhouette with a refined finish.</p> </li> <li> <p>?? <strong>Regular Fit</strong> – Comfortable yet flattering for everyday wear.</p> </li> </ul> <hr> <h4><strong>Fabric &amp; Care:</strong></h4> <ul> <li> <p>?? <strong>FABRIC:</strong> Premium Imported Fabric</p> </li> <li> <p>?? <strong>CARE:</strong> Machine wash. Do <strong>not</strong> dry clean. (See care label for more details)</p> </li> <li> <p>?? <em>Note: Actual color may vary slightly due to lighting or your device.</em></p> </li> </ul> <hr> <h4>?? <strong>Size Chart (in inches):</strong> </h4> <table> <thead> <tr> <th align=""center""><strong>Size</strong></th> <th align=""center""><strong>Chest</strong></th> <th align=""center""><strong>Shoulder</strong></th> <th align=""center""><strong>Length</strong></th> </tr> </thead> <tbody> <tr> <td align=""center"">S</td> <td align=""center"">38</td> <td align=""center"">15.5</td> <td align=""center"">25.5</td> </tr> <tr> <td align=""center"">M</td> <td align=""center"">40</td> <td align=""center"">16.5</td> <td align=""center"">26.5</td> </tr> <tr> <td align=""center"">L</td> <td align=""center"">42</td> <td align=""center"">17.5</td> <td align=""center"">27.5</td> </tr> <tr> <td align=""center"">XL</td> <td align=""center"">44</td> <td align=""center"">18.5</td> <td align=""center"">28.5</td> </tr> <tr> <td align=""center"">XXL</td> <td align=""center"">46</td> <td align=""center"">19.5</td> <td align=""center"">29.5</td> </tr> </tbody> </table> <hr> <p>??? <strong>Step into effortless style with the Textured Crest Polo — available now!</strong></p>"	TEES		T-Shirts		2025-06-10T21:50:33+05:30	Size	M	Color	White				455			deny	manual	99	1999		TRUE		https://cdn.shopify.com/s/files/1/0712/7485/6588/files/Az_HHHH_B_MI_SP__1734350193389_jpg.png?v=1749572442	1			https://cdn.shopify.com/s/files/1/0712/7485/6588/files/Az_HHHH_B_MI_SP__1734350193389_jpg.png?v=1749572442			
elegant-plaid-emblem-polo-t-shirt								Size	M	Color	Black				455			deny	manual	99	1999		TRUE		https://cdn.shopify.com/s/files/1/0712/7485/6588/files/Az_HHHH_B_MI_SP__1734350190951_jpg.png?v=1749572442	2			https://cdn.shopify.com/s/files/1/0712/7485/6588/files/Az_HHHH_B_MI_SP__1734350190951_jpg.png?v=1749572442			
elegant-plaid-emblem-polo-t-shirt								Size	L	Color	White				455			deny	manual	99	1999		TRUE		https://cdn.shopify.com/s/files/1/0712/7485/6588/files/Az_HHHH_B_MI_SP_1734350218663.jpg?v=1749572442	3			https://cdn.shopify.com/s/files/1/0712/7485/6588/files/Az_HHHH_B_MI_SP__1734350193389_jpg.png?v=1749572442			
elegant-plaid-emblem-polo-t-shirt								Size	L	Color	Black				455			deny	manual	99	1999		TRUE		https://cdn.shopify.com/s/files/1/0712/7485/6588/files/Az_HHHH_B_MI_SP_1734350223421.jpg?v=1749572442	4			https://cdn.shopify.com/s/files/1/0712/7485/6588/files/Az_HHHH_B_MI_SP__1734350190951_jpg.png?v=1749572442			
elegant-plaid-emblem-polo-t-shirt								Size	XL	Color	White				455			deny	manual	99	1999		TRUE		https://cdn.shopify.com/s/files/1/0712/7485/6588/files/Az_HHHH_B_MI_SP__1734350196938_jpg.png?v=1749572442	5			https://cdn.shopify.com/s/files/1/0712/7485/6588/files/Az_HHHH_B_MI_SP__1734350193389_jpg.png?v=1749572442			
elegant-plaid-emblem-polo-t-shirt								Size	XL	Color	Black				455			deny	manual	99	1999		TRUE		https://cdn.shopify.com/s/files/1/0712/7485/6588/files/Az_HHHH_B_MI_SP_1734350223953.jpg?v=1749572442	6			https://cdn.shopify.com/s/files/1/0712/7485/6588/files/Az_HHHH_B_MI_SP__1734350190951_jpg.png?v=1749572442			
elegant-plaid-emblem-polo-t-shirt								Size	XXL	Color	White				455			deny	manual	99	1999		TRUE		https://cdn.shopify.com/s/files/1/0712/7485/6588/files/Az_HHHH_B_MI_SP_1734350225844.jpg?v=1749572442	7			https://cdn.shopify.com/s/files/1/0712/7485/6588/files/Az_HHHH_B_MI_SP__1734350193389_jpg.png?v=1749572442			
elegant-plaid-emblem-polo-t-shirt								Size	XXL	Color	Black				455			deny	manual	99	1999		TRUE		https://cdn.shopify.com/s/files/1/0712/7485/6588/files/Az_HHHH_B_MI_SP__1734350200639_jpg.png?v=1749572442	8			https://cdn.shopify.com/s/files/1/0712/7485/6588/files/Az_HHHH_B_MI_SP__1734350190951_jpg.png?v=1749572442			
elegant-b-silk-texture-t-shirt-for-men	Elegant B Silk Texture T-Shirt for Men	"<h3 style=""text-align: left;""><strong>Regular Fit Imported T-Shirt</strong></h3> <p><strong>Where fashion meets performance.</strong></p> <p>Upgrade your wardrobe with this <strong>Silk Short Sleeve T-Shirt</strong>, expertly designed to balance comfort, breathability, and style. Featuring <strong>mesh paneling for superior ventilation</strong>, it keeps you cool and fresh throughout your day—whether you're at the gym, outdoors, or just relaxing with friends.</p> <p>The <strong>regular fit</strong> ensures a relaxed and flattering look for all body types, while the <strong>premium materials</strong> deliver a soft, lightweight feel that lasts.</p> <hr> <h3><strong>Size Chart (in inches)</strong></h3> <table> <thead> <tr> <th align=""center""><strong>Size</strong></th> <th align=""center""><strong>Chest</strong></th> <th align=""center""><strong>Shoulder</strong></th> <th align=""center""><strong>Length</strong></th> </tr> </thead> <tbody> <tr> <td align=""center"">S</td> <td align=""center"">38</td> <td align=""center"">15.5</td> <td align=""center"">25.5</td> </tr> <tr> <td align=""center"">M</td> <td align=""center"">40</td> <td align=""center"">16.5</td> <td align=""center"">26.5</td> </tr> <tr> <td align=""center"">L</td> <td align=""center"">42</td> <td align=""center"">17.5</td> <td align=""center"">27.5</td> </tr> <tr> <td align=""center"">XL</td> <td align=""center"">44</td> <td align=""center"">18.5</td> <td align=""center"">28.5</td> </tr> <tr> <td align=""center"">XXL</td> <td align=""center"">46</td> <td align=""center"">19.5</td> <td align=""center"">29.5</td> </tr> </tbody> </table> <hr> <p><strong>Highlights:</strong></p> <ul> <li> <p>? Mesh ventilation for superior airflow</p> </li> <li> <p>? Silk-like fabric for all-day softness</p> </li> <li> <p>? Regular fit for effortless style and comfort</p> </li> <li> <p>? Ideal for sports, casual wear, or social outings</p> </li> </ul>"	TEES				2025-06-10T21:54:46+05:30	Size	S	Color	Black			BLACK TSHIRT	240			deny	manual	99	2899		TRUE		https://cdn.shopify.com/s/files/1/0712/7485/6588/files/photo_2025-02-22_17-52-59.jpg?v=1749572691	1			https://cdn.shopify.com/s/files/1/0712/7485/6588/files/photo_2025-02-22_17-52-59.jpg?v=1749572691			
elegant-b-silk-texture-t-shirt-for-men								Size	S	Color	White			WHITE TSHIRT	240			deny	manual	99	2899		TRUE		https://cdn.shopify.com/s/files/1/0712/7485/6588/files/photo_2025-02-22_17-53-11.jpg?v=1749572691	2			https://cdn.shopify.com/s/files/1/0712/7485/6588/files/photo_2025-02-22_17-53-17.jpg?v=1749572691			
elegant-b-silk-texture-t-shirt-for-men								Size	S	Color	Grey			GREY TSHIRT	240			deny	manual	99	2899		TRUE		https://cdn.shopify.com/s/files/1/0712/7485/6588/files/photo_2025-02-22_17-53-17.jpg?v=1749572691	3			https://cdn.shopify.com/s/files/1/0712/7485/6588/files/photo_2025-02-22_17-53-05.jpg?v=1749572691			
elegant-b-silk-texture-t-shirt-for-men								Size	S	Color	Cream			KHAKHI TSHIRT	240			deny	manual	99	2899		TRUE		https://cdn.shopify.com/s/files/1/0712/7485/6588/files/photo_2025-02-22_17-53-05.jpg?v=1749572691	4			https://cdn.shopify.com/s/files/1/0712/7485/6588/files/photo_2025-02-22_17-53-11.jpg?v=1749572691			
elegant-b-silk-texture-t-shirt-for-men								Size	M	Color	Black			BLACK TSHIRT	240			deny	manual	99	2899		TRUE		https://cdn.shopify.com/s/files/1/0712/7485/6588/files/photo_2024-01-17_19-13-58.jpg?v=1749572691	5			https://cdn.shopify.com/s/files/1/0712/7485/6588/files/photo_2025-02-22_17-52-59.jpg?v=1749572691			
elegant-b-silk-texture-t-shirt-for-men								Size	M	Color	White			WHITE TSHIRT	240			deny	manual	99	2899		TRUE						https://cdn.shopify.com/s/files/1/0712/7485/6588/files/photo_2025-02-22_17-53-17.jpg?v=1749572691			
elegant-b-silk-texture-t-shirt-for-men								Size	M	Color	Grey			GREY TSHIRT	240			deny	manual	99	2899		TRUE						https://cdn.shopify.com/s/files/1/0712/7485/6588/files/photo_2025-02-22_17-53-05.jpg?v=1749572691			
elegant-b-silk-texture-t-shirt-for-men								Size	M	Color	Cream			KHAKHI TSHIRT	240			deny	manual	99	2899		TRUE						https://cdn.shopify.com/s/files/1/0712/7485/6588/files/photo_2025-02-22_17-53-11.jpg?v=1749572691			
elegant-b-silk-texture-t-shirt-for-men								Size	L	Color	Black			BLACK TSHIRT	240			deny	manual	99	2899		TRUE						https://cdn.shopify.com/s/files/1/0712/7485/6588/files/photo_2025-02-22_17-52-59.jpg?v=1749572691			
elegant-b-silk-texture-t-shirt-for-men								Size	L	Color	White			WHITE TSHIRT	240			deny	manual	99	2899		TRUE						https://cdn.shopify.com/s/files/1/0712/7485/6588/files/photo_2025-02-22_17-53-17.jpg?v=1749572691			
elegant-b-silk-texture-t-shirt-for-men								Size	L	Color	Grey			GREY TSHIRT	240			deny	manual	99	2899		TRUE						https://cdn.shopify.com/s/files/1/0712/7485/6588/files/photo_2025-02-22_17-53-05.jpg?v=1749572691			
elegant-b-silk-texture-t-shirt-for-men								Size	L	Color	Cream			KHAKHI TSHIRT	240			deny	manual	99	2899		TRUE						https://cdn.shopify.com/s/files/1/0712/7485/6588/files/photo_2025-02-22_17-53-11.jpg?v=1749572691			
elegant-b-silk-texture-t-shirt-for-men								Size	XL	Color	Black			BLACK TSHIRT	240			deny	manual	99	2899		TRUE						https://cdn.shopify.com/s/files/1/0712/7485/6588/files/photo_2025-02-22_17-52-59.jpg?v=1749572691			
elegant-b-silk-texture-t-shirt-for-men								Size	XL	Color	White			WHITE TSHIRT	240			deny	manual	99	2899		TRUE						https://cdn.shopify.com/s/files/1/0712/7485/6588/files/photo_2025-02-22_17-53-17.jpg?v=1749572691			
elegant-b-silk-texture-t-shirt-for-men								Size	XL	Color	Grey			GREY TSHIRT	240			deny	manual	99	2899		TRUE						https://cdn.shopify.com/s/files/1/0712/7485/6588/files/photo_2025-02-22_17-53-05.jpg?v=1749572691			
elegant-b-silk-texture-t-shirt-for-men								Size	XL	Color	Cream			KHAKHI TSHIRT	240			deny	manual	99	2899		TRUE						https://cdn.shopify.com/s/files/1/0712/7485/6588/files/photo_2025-02-22_17-53-11.jpg?v=1749572691			
elegant-b-silk-texture-t-shirt-for-men								Size	XXL	Color	Black			BLACK TSHIRT	240			deny	manual	99	2899		TRUE						https://cdn.shopify.com/s/files/1/0712/7485/6588/files/photo_2025-02-22_17-52-59.jpg?v=1749572691			
elegant-b-silk-texture-t-shirt-for-men								Size	XXL	Color	White			WHITE TSHIRT	240			deny	manual	99	2899		TRUE						https://cdn.shopify.com/s/files/1/0712/7485/6588/files/photo_2025-02-22_17-53-17.jpg?v=1749572691			
elegant-b-silk-texture-t-shirt-for-men								Size	XXL	Color	Grey			GREY TSHIRT	240			deny	manual	99	2899		TRUE						https://cdn.shopify.com/s/files/1/0712/7485/6588/files/photo_2025-02-22_17-53-05.jpg?v=1749572691			
elegant-b-silk-texture-t-shirt-for-men								Size	XXL	Color	Cream			KHAKHI TSHIRT	240			deny	manual	99	2899		TRUE						https://cdn.shopify.com/s/files/1/0712/7485/6588/files/photo_2025-02-22_17-53-11.jpg?v=1749572691			
elegant-b-silk-texture-t-shirt-for-men								Size	3XL	Color	Black				240			deny	manual	99	2899		TRUE						https://cdn.shopify.com/s/files/1/0712/7485/6588/files/photo_2025-02-22_17-52-59.jpg?v=1749572691			
elegant-b-silk-texture-t-shirt-for-men								Size	3XL	Color	White				240			deny	manual	99	2899		TRUE						https://cdn.shopify.com/s/files/1/0712/7485/6588/files/photo_2025-02-22_17-53-17.jpg?v=1749572691			
elegant-b-silk-texture-t-shirt-for-men								Size	3XL	Color	Grey				240			deny	manual	99	2899		TRUE						https://cdn.shopify.com/s/files/1/0712/7485/6588/files/photo_2025-02-22_17-53-05.jpg?v=1749572691			
elegant-b-silk-texture-t-shirt-for-men								Size	3XL	Color	Cream				240			deny	manual	99	2899		TRUE						https://cdn.shopify.com/s/files/1/0712/7485/6588/files/photo_2025-02-22_17-53-11.jpg?v=1749572691			
elite-prestige-collar-polo-t-shirt	Elite Prestige Collar Polo T-Shirt	"<h3>?? <strong>Elite Prestige Collar Polo</strong> </h3> <p><strong>Where Elegance Meets Unmatched Comfort</strong></p> <p>Experience <strong>timeless sophistication</strong> with the <strong>Elite Prestige Collar Polo</strong>, a premium piece designed for those who appreciate the finer details in fashion. Whether you're heading to a smart-casual gathering or a weekend brunch, this polo defines upscale style with ease.</p> <hr> <h4>? <strong>Key Features:</strong> </h4> <ul> <li> <p>?? <strong>Luxurious Collar Design</strong> – Statement-making collar with refined striped accents for a polished edge</p> </li> <li> <p>??? <strong>Premium Fabric Blend</strong> – Soft, breathable &amp; durable material ensures all-day comfort</p> </li> <li> <p>?? <strong>Sophisticated Embroidered Emblem</strong> – Adds a mark of exclusivity and elegance</p> </li> <li> <p>?? <strong>Perfect Tailored Fit</strong> – Sleek silhouette for a flattering, modern look</p> </li> <li> <p>?? <strong>Versatile Styling</strong> – Seamlessly transitions from casual to semi-formal occasions</p> </li> </ul> <hr> <h4>?? <strong>Care Instructions:</strong> </h4> <ul> <li> <p>Cold machine wash, gentle cycle</p> </li> <li> <p>Tumble dry low or line dry</p> </li> <li> <p>Iron on low heat if needed</p> </li> </ul> <p>?? <em>Note: Actual product color may slightly vary due to photographic lighting or screen settings.</em></p> <hr> <h4>?? <strong>Size Chart (in inches):</strong> </h4> <table> <thead> <tr> <th>Size</th> <th>Chest</th> <th>Shoulder</th> <th>Length</th> </tr> </thead> <tbody> <tr> <td>S</td> <td>38</td> <td>15.50</td> <td>25.50</td> </tr> <tr> <td>M</td> <td>40</td> <td>16.50</td> <td>26.50</td> </tr> <tr> <td>L</td> <td>42</td> <td>17.50</td> <td>27.50</td> </tr> <tr> <td>XL</td> <td>44</td> <td>18.50</td> <td>28.50</td> </tr> <tr> <td>XXL</td> <td>46</td> <td>19.50</td> <td>29.50</td> </tr> </tbody> </table> <hr> <p>??? <strong>Elevate your wardrobe with the Elite Prestige Collar Polo – because true style starts with the details.</strong></p>"	TEES		Crisp Tee		2025-06-10T21:50:15+05:30	Size	M/40	Color	Brown				455			deny	manual	99	2119		TRUE		https://cdn.shopify.com/s/files/1/0712/7485/6588/files/AZORTA_1.jpg?v=1749572423	1			https://cdn.shopify.com/s/files/1/0712/7485/6588/files/AZORTA_1.jpg?v=1749572423			
elite-prestige-collar-polo-t-shirt								Size	M/40	Color	Jet Grey				455			deny	manual	99	2119		TRUE		https://cdn.shopify.com/s/files/1/0712/7485/6588/files/AZORTA_10.png?v=1749572423	2			https://cdn.shopify.com/s/files/1/0712/7485/6588/files/AZORTA_2.jpg?v=1749572423			
elite-prestige-collar-polo-t-shirt								Size	M/40	Color	Black				455			deny	manual	99	2119		TRUE		https://cdn.shopify.com/s/files/1/0712/7485/6588/files/AZORTA_2.jpg?v=1749572423	3			https://cdn.shopify.com/s/files/1/0712/7485/6588/files/AZORTA_3.jpg?v=1749572423			
elite-prestige-collar-polo-t-shirt								Size	L/42	Color	Brown				455			deny	manual	99	2119		TRUE		https://cdn.shopify.com/s/files/1/0712/7485/6588/files/AZORTA_8.png?v=1749572423	4			https://cdn.shopify.com/s/files/1/0712/7485/6588/files/AZORTA_1.jpg?v=1749572423			
elite-prestige-collar-polo-t-shirt								Size	L/42	Color	Jet Grey				455			deny	manual	99	2119		TRUE		https://cdn.shopify.com/s/files/1/0712/7485/6588/files/AZORTA_3.jpg?v=1749572423	5			https://cdn.shopify.com/s/files/1/0712/7485/6588/files/AZORTA_2.jpg?v=1749572423			
elite-prestige-collar-polo-t-shirt								Size	L/42	Color	Black				455			deny	manual	99	2119		TRUE		https://cdn.shopify.com/s/files/1/0712/7485/6588/files/AZORTA.png?v=1749572423	6			https://cdn.shopify.com/s/files/1/0712/7485/6588/files/AZORTA_3.jpg?v=1749572423			
elite-prestige-collar-polo-t-shirt								Size	XL/44	Color	Brown				455			deny	manual	99	2119		TRUE						https://cdn.shopify.com/s/files/1/0712/7485/6588/files/AZORTA_1.jpg?v=1749572423			
elite-prestige-collar-polo-t-shirt								Size	XL/44	Color	Jet Grey				455			deny	manual	99	2119		TRUE						https://cdn.shopify.com/s/files/1/0712/7485/6588/files/AZORTA_2.jpg?v=1749572423			
elite-prestige-collar-polo-t-shirt								Size	XL/44	Color	Black				455			deny	manual	99	2119		TRUE						https://cdn.shopify.com/s/files/1/0712/7485/6588/files/AZORTA_3.jpg?v=1749572423			
elite-prestige-collar-polo-t-shirt								Size	XXL/46	Color	Brown				455			deny	manual	99	2119		TRUE						https://cdn.shopify.com/s/files/1/0712/7485/6588/files/AZORTA_1.jpg?v=1749572423			
elite-prestige-collar-polo-t-shirt								Size	XXL/46	Color	Jet Grey				455			deny	manual	99	2119		TRUE						https://cdn.shopify.com/s/files/1/0712/7485/6588/files/AZORTA_2.jpg?v=1749572423			
elite-prestige-collar-polo-t-shirt								Size	XXL/46	Color	Black				455			deny	manual	99	2119		TRUE						https://cdn.shopify.com/s/files/1/0712/7485/6588/files/AZORTA_3.jpg?v=1749572423			
eminence-icon-legacy-polo-t-shirt	Eminence Icon Legacy Polo T-Shirt	"<h3><strong>Eminence Icon Legacy Polo</strong></h3> <p><strong>Where Sophistication Meets Signature Style</strong></p> <p>Experience the pinnacle of modern menswear with the <strong>Eminence Icon Legacy Polo</strong> — a statement piece tailored for those who value <strong>elegance, craftsmanship, and detail</strong>.</p> <hr> <h4>?? <strong>Key Features:</strong> </h4> <ul> <li> <p>?? <strong>Premium Imported Fabric</strong> – Soft, breathable &amp; built for long-lasting comfort</p> </li> <li> <p>?? <strong>Signature Collar Design</strong> – Intricately detailed for a refined and upscale look</p> </li> <li> <p>?? <strong>Embroidered Icon Emblem</strong> – A bold accent that defines prestige</p> </li> <li> <p>?? <strong>Tailored Fit</strong> – Flatters your physique while offering everyday ease</p> </li> <li> <p>?? <strong>Versatile Styling</strong> – Transitions effortlessly from casual to upscale occasions</p> </li> </ul> <hr> <h4>?? <strong>Why Choose This Polo?</strong> </h4> <p>? Combines classic luxury with modern flair<br>? Designed for the discerning gentleman<br>? Perfect for office wear, weekend outings, or evening dinners</p> <hr> <h4>?? <strong>Care Instructions:</strong> </h4> <ul> <li> <p>?? Machine wash cold, gentle cycle</p> </li> <li> <p>?? Tumble dry low or line dry</p> </li> <li> <p>?? Iron on low heat if necessary<br><em>See wash care label for full details</em></p> </li> </ul> <p>?? <em>Note: Actual product color may slightly vary due to lighting or screen differences.</em></p> <hr> <h4>?? <strong>Size Chart (in inches):</strong> </h4> <table> <thead> <tr> <th>Size</th> <th>Chest</th> <th>Shoulder</th> <th>Length</th> </tr> </thead> <tbody> <tr> <td>S</td> <td>38</td> <td>15.50</td> <td>25.50</td> </tr> <tr> <td>M</td> <td>40</td> <td>16.50</td> <td>26.50</td> </tr> <tr> <td>L</td> <td>42</td> <td>17.50</td> <td>27.50</td> </tr> <tr> <td>XL</td> <td>44</td> <td>18.50</td> <td>28.50</td> </tr> <tr> <td>XXL</td> <td>46</td> <td>19.50</td> <td>29.50</td> </tr> </tbody> </table> <hr> <p>??? <strong>Redefine your wardrobe with timeless elegance — add the Eminence Icon Legacy Polo to your collection today.</strong></p>"	TEES		Crisp Tee		2025-06-10T21:49:34+05:30	Size	M/40	Color	Jet Grey				455			deny	manual	99	2119		TRUE		https://cdn.shopify.com/s/files/1/0712/7485/6588/files/AZORTA_5.png?v=1749572388	1			https://cdn.shopify.com/s/files/1/0712/7485/6588/files/AZORTA_5.png?v=1749572388			
eminence-icon-legacy-polo-t-shirt								Size	M/40	Color	Brown				455			deny	manual	99	2119		TRUE		https://cdn.shopify.com/s/files/1/0712/7485/6588/files/AZORTA_1.png?v=1749572388	2			https://cdn.shopify.com/s/files/1/0712/7485/6588/files/AZORTA_6.png?v=1749572388			
eminence-icon-legacy-polo-t-shirt								Size	M/40	Color	Black				455			deny	manual	99	2119		TRUE		https://cdn.shopify.com/s/files/1/0712/7485/6588/files/AZORTA_9.png?v=1749572388	3			https://cdn.shopify.com/s/files/1/0712/7485/6588/files/AZORTA_7.png?v=1749572388			
eminence-icon-legacy-polo-t-shirt								Size	L/42	Color	Jet Grey				455			deny	manual	99	2119		TRUE		https://cdn.shopify.com/s/files/1/0712/7485/6588/files/AZORTA_6.png?v=1749572388	4			https://cdn.shopify.com/s/files/1/0712/7485/6588/files/AZORTA_5.png?v=1749572388			
eminence-icon-legacy-polo-t-shirt								Size	L/42	Color	Brown				455			deny	manual	99	2119		TRUE		https://cdn.shopify.com/s/files/1/0712/7485/6588/files/AZORTA_3.png?v=1749572388	5			https://cdn.shopify.com/s/files/1/0712/7485/6588/files/AZORTA_6.png?v=1749572388			
eminence-icon-legacy-polo-t-shirt								Size	L/42	Color	Black				455			deny	manual	99	2119		TRUE		https://cdn.shopify.com/s/files/1/0712/7485/6588/files/AZORTA_2.png?v=1749572388	6			https://cdn.shopify.com/s/files/1/0712/7485/6588/files/AZORTA_7.png?v=1749572388			
eminence-icon-legacy-polo-t-shirt								Size	XL/44	Color	Jet Grey				455			deny	manual	99	2119		TRUE		https://cdn.shopify.com/s/files/1/0712/7485/6588/files/AZORTA_7.png?v=1749572388	7			https://cdn.shopify.com/s/files/1/0712/7485/6588/files/AZORTA_5.png?v=1749572388			
eminence-icon-legacy-polo-t-shirt								Size	XL/44	Color	Brown				455			deny	manual	99	2119		TRUE		https://cdn.shopify.com/s/files/1/0712/7485/6588/files/AZORTA_11.png?v=1749572388	8			https://cdn.shopify.com/s/files/1/0712/7485/6588/files/AZORTA_6.png?v=1749572388			
eminence-icon-legacy-polo-t-shirt								Size	XL/44	Color	Black				455			deny	manual	99	2119		TRUE		https://cdn.shopify.com/s/files/1/0712/7485/6588/files/AZORTA_4.png?v=1749572388	9			https://cdn.shopify.com/s/files/1/0712/7485/6588/files/AZORTA_7.png?v=1749572388			
eminence-icon-legacy-polo-t-shirt								Size	XXL/46	Color	Jet Grey				455			deny	manual	99	2119		TRUE		https://cdn.shopify.com/s/files/1/0712/7485/6588/files/AZORTA_a276cc05-fedd-4ad5-bad9-6af6a7200908.png?v=1749572388	10			https://cdn.shopify.com/s/files/1/0712/7485/6588/files/AZORTA_5.png?v=1749572388			
eminence-icon-legacy-polo-t-shirt								Size	XXL/46	Color	Brown				455			deny	manual	99	2119		TRUE						https://cdn.shopify.com/s/files/1/0712/7485/6588/files/AZORTA_6.png?v=1749572388			
eminence-icon-legacy-polo-t-shirt								Size	XXL/46	Color	Black				455			deny	manual	99	2119		TRUE						https://cdn.shopify.com/s/files/1/0712/7485/6588/files/AZORTA_7.png?v=1749572388			
emprio-paris-full-sleeve-tshirt	Emprio Paris Full Sleeve Tshirt	"<h3><strong>Effortless Style, All-Day Comfort</strong></h3> <p>Designed for those who appreciate laid-back style without compromising on quality. This tee is crafted from <strong>premium fabric</strong> that delivers a soft, breathable feel while offering <strong>long-lasting durability</strong> and a <strong>sleek, modern look</strong>.</p> <hr> <p><strong>Features:</strong></p> <ul> <li> <p>? <strong>Regular fit</strong> for a relaxed yet stylish silhouette</p> </li> <li> <p>? <strong>Available in sizes S to 3XL</strong> – a perfect fit for everyone</p> </li> <li> <p>? <strong>Premium fabric</strong> for superior comfort and durability</p> </li> <li> <p>? <strong>Trendy printed design</strong> to elevate your everyday style</p> </li> </ul> <hr> <p><strong>Perfect for:</strong><br>Casual outings, layering with jackets or hoodies, or making a statement wherever you go.</p>"	TEES				2025-06-10T21:54:53+05:30	Color	LightGray	Size	S				0			deny	manual	99	3499		TRUE		https://cdn.shopify.com/s/files/1/0712/7485/6588/files/photo_2025-02-25_22-42-35.jpg?v=1749572705	1			https://cdn.shopify.com/s/files/1/0712/7485/6588/files/photo_2025-02-25_22-42-35.jpg?v=1749572705			
emprio-paris-full-sleeve-tshirt								Color	LightGray	Size	M				0			deny	manual	99	3499		TRUE		https://cdn.shopify.com/s/files/1/0712/7485/6588/files/photo_2025-02-25_22-42-36.jpg?v=1749572705	2			https://cdn.shopify.com/s/files/1/0712/7485/6588/files/photo_2025-02-25_22-42-35.jpg?v=1749572705			
emprio-paris-full-sleeve-tshirt								Color	LightGray	Size	L				0			deny	manual	99	3499		TRUE		https://cdn.shopify.com/s/files/1/0712/7485/6588/files/photo_2025-02-25_22-42-34_2.jpg?v=1749572705	3			https://cdn.shopify.com/s/files/1/0712/7485/6588/files/photo_2025-02-25_22-42-35.jpg?v=1749572705			
emprio-paris-full-sleeve-tshirt								Color	LightGray	Size	XL				0			deny	manual	99	3499		TRUE		https://cdn.shopify.com/s/files/1/0712/7485/6588/files/photo_2025-02-25_22-42-34.jpg?v=1749572705	4			https://cdn.shopify.com/s/files/1/0712/7485/6588/files/photo_2025-02-25_22-42-35.jpg?v=1749572705			
emprio-paris-full-sleeve-tshirt								Color	LightGray	Size	XXL				0			deny	manual	99	3499		TRUE		https://cdn.shopify.com/s/files/1/0712/7485/6588/files/photo_2025-02-25_22-42-27.jpg?v=1749572705	5			https://cdn.shopify.com/s/files/1/0712/7485/6588/files/photo_2025-02-25_22-42-35.jpg?v=1749572705			
emprio-paris-full-sleeve-tshirt								Color	LightGray	Size	3XL				0			deny	manual	99	3499		TRUE		https://cdn.shopify.com/s/files/1/0712/7485/6588/files/photo_2025-02-25_22-42-28.jpg?v=1749572705	6			https://cdn.shopify.com/s/files/1/0712/7485/6588/files/photo_2025-02-25_22-42-35.jpg?v=1749572705			
emprio-paris-full-sleeve-tshirt								Color	Black	Size	S				0			deny	manual	99	3499		TRUE		https://cdn.shopify.com/s/files/1/0712/7485/6588/files/photo_2025-02-25_22-42-33.jpg?v=1749572705	7			https://cdn.shopify.com/s/files/1/0712/7485/6588/files/photo_2025-02-25_22-42-27.jpg?v=1749572705			
emprio-paris-full-sleeve-tshirt								Color	Black	Size	M				0			deny	manual	99	3499		TRUE		https://cdn.shopify.com/s/files/1/0712/7485/6588/files/photo_2025-02-25_22-42-31.jpg?v=1749572705	8			https://cdn.shopify.com/s/files/1/0712/7485/6588/files/photo_2025-02-25_22-42-27.jpg?v=1749572705			
emprio-paris-full-sleeve-tshirt								Color	Black	Size	L				0			deny	manual	99	3499		TRUE		https://cdn.shopify.com/s/files/1/0712/7485/6588/files/photo_2025-02-25_22-42-32.jpg?v=1749572705	9			https://cdn.shopify.com/s/files/1/0712/7485/6588/files/photo_2025-02-25_22-42-27.jpg?v=1749572705			
emprio-paris-full-sleeve-tshirt								Color	Black	Size	XL				0			deny	manual	99	3499		TRUE		https://cdn.shopify.com/s/files/1/0712/7485/6588/files/photo_2025-02-25_22-42-29.jpg?v=1749572705	10			https://cdn.shopify.com/s/files/1/0712/7485/6588/files/photo_2025-02-25_22-42-27.jpg?v=1749572705			
emprio-paris-full-sleeve-tshirt								Color	Black	Size	XXL				0			deny	manual	99	3499		TRUE		https://cdn.shopify.com/s/files/1/0712/7485/6588/files/photo_2025-02-25_22-42-30.jpg?v=1749572705	11			https://cdn.shopify.com/s/files/1/0712/7485/6588/files/photo_2025-02-25_22-42-27.jpg?v=1749572705			
emprio-paris-full-sleeve-tshirt								Color	Black	Size	3XL				0			deny	manual	99	3499		TRUE						https://cdn.shopify.com/s/files/1/0712/7485/6588/files/photo_2025-02-25_22-42-27.jpg?v=1749572705			
elite-bimiane-elite-textured-polo-t-shirt	Eternal Bimiane Textured Polo T-Shirt	"<h3><strong>Bimiane Branded Polo Shirt</strong></h3> <p>Effortlessly elevate your style with the <strong>Bimiane Branded Polo Shirt</strong>, a refined blend of sophistication and everyday comfort. With its premium craftsmanship and thoughtful detailing, this piece is designed to make a statement—whether you're headed to a casual brunch or a semi-formal gathering.</p> <hr> <h4><strong>Key Features</strong></h4> <ul> <li> <p><strong>?? Distinctive Bimiane Logo</strong> – Subtly embroidered for a refined and signature finish.</p> </li> <li> <p><strong>?? Premium Textured Fabric</strong> – Rich, breathable fabric offers an elegant appearance and all-day comfort.</p> </li> <li> <p><strong>?? Elegant Contrast Collar</strong> – Adds a stylish and distinguished flair to the classic polo silhouette.</p> </li> <li> <p><strong>?? Buttoned Placket Design</strong> – Offers a clean, versatile look that transitions easily from day to night.</p> </li> <li> <p><strong>?? Versatile Wardrobe Staple</strong> – Perfectly suited for both relaxed and semi-formal occasions.</p> </li> </ul> <hr> <h4><strong>Product Details</strong></h4> <ul> <li> <p><strong>Fabric Type:</strong> Imported Fabric</p> </li> <li> <p><strong>Fit:</strong> Regular Fit</p> </li> <li> <p><strong>Care Instructions:</strong> Cold machine wash. Refer to the wash care label for details.</p> </li> <li> <p>?? <em>Note: Product color may vary slightly due to lighting or device screen settings.</em></p> </li> </ul> <hr> <h3><strong>Size Chart (in inches):</strong></h3> <table> <thead> <tr> <th align=""center""><strong>Size</strong></th> <th align=""center""><strong>Chest</strong></th> <th align=""center""><strong>Shoulder</strong></th> <th align=""center""><strong>Length</strong></th> </tr> </thead> <tbody> <tr> <td align=""center"">S</td> <td align=""center"">38</td> <td align=""center"">15.5</td> <td align=""center"">25.5</td> </tr> <tr> <td align=""center"">M</td> <td align=""center"">40</td> <td align=""center"">16.5</td> <td align=""center"">26.5</td> </tr> <tr> <td align=""center"">L</td> <td align=""center"">42</td> <td align=""center"">17.5</td> <td align=""center"">27.5</td> </tr> <tr> <td align=""center"">XL</td> <td align=""center"">44</td> <td align=""center"">18.5</td> <td align=""center"">28.5</td> </tr> <tr> <td align=""center"">XXL</td> <td align=""center"">46</td> <td align=""center"">19.5</td> <td align=""center"">29.5</td> </tr> </tbody> </table> <p><br></p>"	TEES		T-Shirts		2025-06-10T21:51:38+05:30	Size	M/40	Color	Brown Rust			BIMI-M-Brown Rust	300			deny	manual	99	2299		TRUE		https://cdn.shopify.com/s/files/1/0712/7485/6588/files/Pp_bimiane_p3__1725008834771_jpg.png?v=1749572507	1			https://cdn.shopify.com/s/files/1/0712/7485/6588/files/Pp_bimiane_p3__1725008834771_jpg.png?v=1749572507			
elite-bimiane-elite-textured-polo-t-shirt								Size	M/40	Color	Dirt Brown			BIMI-M-Dirt Brown	300			deny	manual	99	2299		TRUE		https://cdn.shopify.com/s/files/1/0712/7485/6588/files/Pp_bimiane_p3__1725008838136_jpg.png?v=1749572507	2			https://cdn.shopify.com/s/files/1/0712/7485/6588/files/Pp_bimiane_p3__1725008838136_jpg.png?v=1749572507			
elite-bimiane-elite-textured-polo-t-shirt								Size	M/40	Color	White			BIMI-M-White	300			deny	manual	99	2299		TRUE		https://cdn.shopify.com/s/files/1/0712/7485/6588/files/Pp_bimiane_p3__1725008847360_jpg.png?v=1749572507	3			https://cdn.shopify.com/s/files/1/0712/7485/6588/files/Pp_bimiane_p3__1725008847360_jpg.png?v=1749572507			
elite-bimiane-elite-textured-polo-t-shirt								Size	M/40	Color	Black			BIMI-M-Black	300			deny	manual	99	2299		TRUE		https://cdn.shopify.com/s/files/1/0712/7485/6588/files/Pp_bimiane_p3__1725008851004_jpg.png?v=1749572507	4			https://cdn.shopify.com/s/files/1/0712/7485/6588/files/Pp_bimiane_p3__1725008851004_jpg.png?v=1749572507			
elite-bimiane-elite-textured-polo-t-shirt								Size	L/42	Color	Brown Rust			BIMI-L-Brown Rust	300			deny	manual	99	2299		TRUE		https://cdn.shopify.com/s/files/1/0712/7485/6588/files/Pp_bimiane_p3_1725008776379--1726537337.jpg?v=1749572507	5			https://cdn.shopify.com/s/files/1/0712/7485/6588/files/Pp_bimiane_p3__1725008834771_jpg.png?v=1749572507			
elite-bimiane-elite-textured-polo-t-shirt								Size	L/42	Color	Dirt Brown			BIMI-L-Dirt Brown	300			deny	manual	99	2299		TRUE		https://cdn.shopify.com/s/files/1/0712/7485/6588/files/Pp_bimiane_p3_1725008776996--306079619.jpg?v=1749572507	6			https://cdn.shopify.com/s/files/1/0712/7485/6588/files/Pp_bimiane_p3__1725008838136_jpg.png?v=1749572507			
elite-bimiane-elite-textured-polo-t-shirt								Size	L/42	Color	White			BIMI-L-White	300			deny	manual	99	2299		TRUE		https://cdn.shopify.com/s/files/1/0712/7485/6588/files/Pp_bimiane_p3_1725008777529-1846293667.jpg?v=1749572507	7			https://cdn.shopify.com/s/files/1/0712/7485/6588/files/Pp_bimiane_p3__1725008847360_jpg.png?v=1749572507			
elite-bimiane-elite-textured-polo-t-shirt								Size	L/42	Color	Black			BIMI-L-Black	300			deny	manual	99	2299		TRUE		https://cdn.shopify.com/s/files/1/0712/7485/6588/files/Pp_bimiane_p3_1725008778046--1498920225.jpg?v=1749572507	8			https://cdn.shopify.com/s/files/1/0712/7485/6588/files/Pp_bimiane_p3__1725008851004_jpg.png?v=1749572507			
elite-bimiane-elite-textured-polo-t-shirt								Size	XL/44	Color	Brown Rust			BIMI-XL-Brown Rust	300			deny	manual	99	2299		TRUE		https://cdn.shopify.com/s/files/1/0712/7485/6588/files/Pp_bimiane_p3_1725008872870_jpg.png?v=1749572507	9			https://cdn.shopify.com/s/files/1/0712/7485/6588/files/Pp_bimiane_p3__1725008834771_jpg.png?v=1749572507			
elite-bimiane-elite-textured-polo-t-shirt								Size	XL/44	Color	Dirt Brown			BIMI-XL-Dirt Brown	300			deny	manual	99	2299		TRUE						https://cdn.shopify.com/s/files/1/0712/7485/6588/files/Pp_bimiane_p3__1725008838136_jpg.png?v=1749572507			
elite-bimiane-elite-textured-polo-t-shirt								Size	XL/44	Color	White			BIMI-XL-White	300			deny	manual	99	2299		TRUE						https://cdn.shopify.com/s/files/1/0712/7485/6588/files/Pp_bimiane_p3__1725008847360_jpg.png?v=1749572507			
elite-bimiane-elite-textured-polo-t-shirt								Size	XL/44	Color	Black			BIMI-XL-Black	300			deny	manual	99	2299		TRUE						https://cdn.shopify.com/s/files/1/0712/7485/6588/files/Pp_bimiane_p3__1725008851004_jpg.png?v=1749572507			
elite-bimiane-elite-textured-polo-t-shirt								Size	XXL/46	Color	Brown Rust			BIMI-XXL-Brown Rust	300			deny	manual	99	2299		TRUE						https://cdn.shopify.com/s/files/1/0712/7485/6588/files/Pp_bimiane_p3__1725008834771_jpg.png?v=1749572507			
elite-bimiane-elite-textured-polo-t-shirt								Size	XXL/46	Color	Dirt Brown			BIMI-XXL-Dirt Brown	300			deny	manual	99	2299		TRUE						https://cdn.shopify.com/s/files/1/0712/7485/6588/files/Pp_bimiane_p3__1725008838136_jpg.png?v=1749572507			
elite-bimiane-elite-textured-polo-t-shirt								Size	XXL/46	Color	White			BIMI-XXL-White	300			deny	manual	99	2299		TRUE						https://cdn.shopify.com/s/files/1/0712/7485/6588/files/Pp_bimiane_p3__1725008847360_jpg.png?v=1749572507			
elite-bimiane-elite-textured-polo-t-shirt								Size	XXL/46	Color	Black			BIMI-XXL-Black	300			deny	manual	99	2299		TRUE						https://cdn.shopify.com/s/files/1/0712/7485/6588/files/Pp_bimiane_p3__1725008851004_jpg.png?v=1749572507			
eternal-gaolin-branded-polo-t-shirt	Eternal Gaolin Branded Polo T-Shirt	"<h3><strong>Product Specifications</strong></h3> <ul> <li> <p><strong>Sleeve Style:</strong> Half Sleeves</p> </li> <li> <p><strong>Collar Type:</strong> Spread Collar</p> </li> <li> <p><strong>Hem Style:</strong> Curved Hem Design</p> </li> <li> <p><strong>Fabric Type:</strong> Imported Fabric</p> </li> <li> <p><strong>Fit:</strong> Regular Fit</p> </li> <li> <p><strong>Care Instructions:</strong> Cold machine wash. Please refer to the wash care label for detailed instructions.</p> </li> </ul> <hr> <h3><strong>Order &amp; Delivery</strong></h3> <ul> <li> <p><strong>Order Processing Time:</strong> 24 to 48 hours</p> </li> <li> <p><strong>Estimated Delivery Time:</strong> 3 to 4 business days</p> </li> </ul> <hr> <h3><strong>Disclaimer</strong></h3> <ul> <li> <p><strong>Standard Sizing:</strong> All sizes adhere to standard measurements and may vary by only ±0.5 inches.</p> </li> <li> <p><strong>Color Accuracy:</strong> Actual product color may vary slightly due to photographic lighting or screen settings.</p> </li> </ul> <hr> <h3><strong>Size Chart (in inches)</strong></h3> <table> <thead> <tr> <th align=""center""><strong>Size</strong></th> <th align=""center""><strong>Chest</strong></th> <th align=""center""><strong>Shoulder</strong></th> <th align=""center""><strong>Length</strong></th> </tr> </thead> <tbody> <tr> <td align=""center"">S</td> <td align=""center"">38</td> <td align=""center"">15.5</td> <td align=""center"">25.5</td> </tr> <tr> <td align=""center"">M</td> <td align=""center"">40</td> <td align=""center"">16.5</td> <td align=""center"">26.5</td> </tr> <tr> <td align=""center"">L</td> <td align=""center"">42</td> <td align=""center"">17.5</td> <td align=""center"">27.5</td> </tr> <tr> <td align=""center"">XL</td> <td align=""center"">44</td> <td align=""center"">18.5</td> <td align=""center"">28.5</td> </tr> <tr> <td align=""center"">XXL</td> <td align=""center"">46</td> <td align=""center"">19.5</td> <td align=""center"">29.5</td> </tr> </tbody> </table> <p><br></p>"	TEES		T-Shirts		2025-06-10T21:51:31+05:30	Size	M/40	Color	Quill Grey			DR04-M-Quill Grey	300			deny	manual	99	1999		TRUE		https://cdn.shopify.com/s/files/1/0712/7485/6588/files/1721391771072-853682509.jpg?v=1749572497	1			https://cdn.shopify.com/s/files/1/0712/7485/6588/files/1721391771072-853682509.jpg?v=1749572497			
eternal-gaolin-branded-polo-t-shirt								Size	M/40	Color	Cool Blue			DR04-M-Cool Blue	300			deny	manual	99	1999		TRUE		https://cdn.shopify.com/s/files/1/0712/7485/6588/files/1721391771011--1521303695.jpg?v=1749572497	2			https://cdn.shopify.com/s/files/1/0712/7485/6588/files/1721391771011--1521303695.jpg?v=1749572497			
eternal-gaolin-branded-polo-t-shirt								Size	M/40	Color	Orange			DR04-M-Orange	300			deny	manual	99	1999		TRUE		https://cdn.shopify.com/s/files/1/0712/7485/6588/files/1721391771044--1214508443.jpg?v=1749572497	3			https://cdn.shopify.com/s/files/1/0712/7485/6588/files/1721391771044--1214508443.jpg?v=1749572497			
eternal-gaolin-branded-polo-t-shirt								Size	M/40	Color	Black			DR04-M-Black	300			deny	manual	99	1999		TRUE		https://cdn.shopify.com/s/files/1/0712/7485/6588/files/1721391771152-976963792.jpg?v=1749572497	4			https://cdn.shopify.com/s/files/1/0712/7485/6588/files/1721391771152-976963792.jpg?v=1749572497			
eternal-gaolin-branded-polo-t-shirt								Size	M/40	Color	White			DR04-M-White	300			deny	manual	99	1999		TRUE		https://cdn.shopify.com/s/files/1/0712/7485/6588/files/PoshpenoGao_share_1721453826255_jpg.png?v=1749572497	5			https://cdn.shopify.com/s/files/1/0712/7485/6588/files/PoshpenoGao_share_1721453826255_jpg.png?v=1749572497			
eternal-gaolin-branded-polo-t-shirt								Size	L/42	Color	Quill Grey			DR04-L-Quill Grey	300			deny	manual	99	1999		TRUE						https://cdn.shopify.com/s/files/1/0712/7485/6588/files/1721391771072-853682509.jpg?v=1749572497			
eternal-gaolin-branded-polo-t-shirt								Size	L/42	Color	Cool Blue			DR04-L-Cool Blue	300			deny	manual	99	1999		TRUE						https://cdn.shopify.com/s/files/1/0712/7485/6588/files/1721391771011--1521303695.jpg?v=1749572497			
eternal-gaolin-branded-polo-t-shirt								Size	L/42	Color	Orange			DR04-L-Orange	300			deny	manual	99	1999		TRUE						https://cdn.shopify.com/s/files/1/0712/7485/6588/files/1721391771044--1214508443.jpg?v=1749572497			
eternal-gaolin-branded-polo-t-shirt								Size	L/42	Color	Black			DR04-L-Black	300			deny	manual	99	1999		TRUE						https://cdn.shopify.com/s/files/1/0712/7485/6588/files/1721391771152-976963792.jpg?v=1749572497			
eternal-gaolin-branded-polo-t-shirt								Size	L/42	Color	White			DR04-L-White	300			deny	manual	99	1999		TRUE						https://cdn.shopify.com/s/files/1/0712/7485/6588/files/PoshpenoGao_share_1721453826255_jpg.png?v=1749572497			
eternal-gaolin-branded-polo-t-shirt								Size	XL/44	Color	Quill Grey			DR04-XL-Quill Grey	300			deny	manual	99	1999		TRUE						https://cdn.shopify.com/s/files/1/0712/7485/6588/files/1721391771072-853682509.jpg?v=1749572497			
eternal-gaolin-branded-polo-t-shirt								Size	XL/44	Color	Cool Blue			DR04-XL-Cool Blue	300			deny	manual	99	1999		TRUE						https://cdn.shopify.com/s/files/1/0712/7485/6588/files/1721391771011--1521303695.jpg?v=1749572497			
eternal-gaolin-branded-polo-t-shirt								Size	XL/44	Color	Orange			DR04-XL-Orange	300			deny	manual	99	1999		TRUE						https://cdn.shopify.com/s/files/1/0712/7485/6588/files/1721391771044--1214508443.jpg?v=1749572497			
eternal-gaolin-branded-polo-t-shirt								Size	XL/44	Color	Black			DR04-XL-Black	300			deny	manual	99	1999		TRUE						https://cdn.shopify.com/s/files/1/0712/7485/6588/files/1721391771152-976963792.jpg?v=1749572497			
eternal-gaolin-branded-polo-t-shirt								Size	XL/44	Color	White			DR04-XL-White	300			deny	manual	99	1999		TRUE						https://cdn.shopify.com/s/files/1/0712/7485/6588/files/PoshpenoGao_share_1721453826255_jpg.png?v=1749572497			
eternal-gaolin-branded-polo-t-shirt								Size	XXL/46	Color	Quill Grey			DR04-XXL-Quill Grey	300			deny	manual	99	1999		TRUE						https://cdn.shopify.com/s/files/1/0712/7485/6588/files/1721391771072-853682509.jpg?v=1749572497			
eternal-gaolin-branded-polo-t-shirt								Size	XXL/46	Color	Cool Blue			DR04-XXL-Cool Blue	300			deny	manual	99	1999		TRUE						https://cdn.shopify.com/s/files/1/0712/7485/6588/files/1721391771011--1521303695.jpg?v=1749572497			
eternal-gaolin-branded-polo-t-shirt								Size	XXL/46	Color	Orange			DR04-XXL-Orange	300			deny	manual	99	1999		TRUE						https://cdn.shopify.com/s/files/1/0712/7485/6588/files/1721391771044--1214508443.jpg?v=1749572497			
eternal-gaolin-branded-polo-t-shirt								Size	XXL/46	Color	Black			DR04-XXL-Black	300			deny	manual	99	1999		TRUE						https://cdn.shopify.com/s/files/1/0712/7485/6588/files/1721391771152-976963792.jpg?v=1749572497			
eternal-gaolin-branded-polo-t-shirt								Size	XXL/46	Color	White			DR04-XXL-White	300			deny	manual	99	1999		TRUE						https://cdn.shopify.com/s/files/1/0712/7485/6588/files/PoshpenoGao_share_1721453826255_jpg.png?v=1749572497			
eternal-plaid-branded-polo-t-shirts	Eternal Plaid Branded Polo T-Shirts	"<h3><strong>Eternal Plaid Branded Polo T-Shirt</strong></h3> <p><strong>Sophistication Meets Everyday Comfort</strong></p> <p>Upgrade your wardrobe with the <strong>Eternal Plaid Branded Polo T-Shirt</strong> — a flawless blend of timeless style and modern luxury. Designed for the modern man who values premium quality and refined aesthetics, this polo offers a tailored silhouette and all-day comfort with breathable, imported fabric.</p> <hr> <h3><strong>Key Features:</strong></h3> <ul> <li> <p>? <strong>Premium Imported Fabric</strong> – Lightweight, breathable, and ultra-soft</p> </li> <li> <p>? <strong>Timeless Plaid Design</strong> – Classic checkered pattern for a sophisticated edge</p> </li> <li> <p>? <strong>Signature Embroidered Branding</strong> – Meticulously stitched emblem for a luxe finish</p> </li> <li> <p>? <strong>Smart Polo Collar</strong> – Reinforced for a crisp, polished look</p> </li> <li> <p>? <strong>Tailored Regular Fit</strong> – Sleek, flattering cut suitable for all body types</p> </li> <li> <p>? <strong>Versatile Styling</strong> – Perfect for casual days, office wear, or semi-formal occasions</p> </li> </ul> <blockquote> <p>?? <em>Designed for the man who appreciates effortless style with premium comfort.</em></p> </blockquote> <hr> <h3> <strong>Fabric:</strong> Imported Cotton Blend</h3> <h3> <strong>Fit:</strong> Regular Fit</h3> <p>?? <em>Note: Product color may vary slightly due to photographic lighting or screen display.</em></p> <hr> <h3><strong>Size Chart (in inches)</strong></h3> <table> <thead> <tr> <th align=""center""><strong>Size</strong></th> <th align=""center""><strong>Chest</strong></th> <th align=""center""><strong>Shoulder</strong></th> <th align=""center""><strong>Length</strong></th> </tr> </thead> <tbody> <tr> <td align=""center"">S</td> <td align=""center"">38</td> <td align=""center"">15.5</td> <td align=""center"">25.5</td> </tr> <tr> <td align=""center"">M</td> <td align=""center"">40</td> <td align=""center"">16.5</td> <td align=""center"">26.5</td> </tr> <tr> <td align=""center"">L</td> <td align=""center"">42</td> <td align=""center"">17.5</td> <td align=""center"">27.5</td> </tr> <tr> <td align=""center"">XL</td> <td align=""center"">44</td> <td align=""center"">18.5</td> <td align=""center"">28.5</td> </tr> <tr> <td align=""center"">XXL</td> <td align=""center"">46</td> <td align=""center"">19.5</td> <td align=""center"">29.5</td> </tr> </tbody> </table> <p><br></p>"	TEES		T-Shirts		2025-06-10T21:52:37+05:30	Size	S/38	Color	Blue			TP02-S-Blue-Black	300			deny	manual	99	2320		TRUE		https://cdn.shopify.com/s/files/1/0712/7485/6588/files/Pp_pso3_1724958279708--1160824029.jpg?v=1749572564	1			https://cdn.shopify.com/s/files/1/0712/7485/6588/files/Pp_pso3_1724958279708--1160824029.jpg?v=1749572564			
eternal-plaid-branded-polo-t-shirts								Size	S/38	Color	Yellow			TP01-S-Gingham	300			deny	manual	99	2320		TRUE		https://cdn.shopify.com/s/files/1/0712/7485/6588/files/Pp_pso3_1724958279747--1911059432.jpg?v=1749572564	2			https://cdn.shopify.com/s/files/1/0712/7485/6588/files/Pp_pso3_1724958279747--1911059432.jpg?v=1749572564			
eternal-plaid-branded-polo-t-shirts								Size	S/38	Color	Pink			TP3-S-Monochrome	300			deny	manual	99	2320		TRUE		https://cdn.shopify.com/s/files/1/0712/7485/6588/files/Pp_pso3_1724958279796--1798196330.jpg?v=1749572564	3			https://cdn.shopify.com/s/files/1/0712/7485/6588/files/Pp_pso3_1724958279796--1798196330.jpg?v=1749572564			
eternal-plaid-branded-polo-t-shirts								Size	M/40	Color	Blue			TP02-M-Blue-Black	300			deny	manual	99	2320		TRUE		https://cdn.shopify.com/s/files/1/0712/7485/6588/files/Pp_pso3_1724958268233--848625503.jpg?v=1749572564	4			https://cdn.shopify.com/s/files/1/0712/7485/6588/files/Pp_pso3_1724958279708--1160824029.jpg?v=1749572564			
eternal-plaid-branded-polo-t-shirts								Size	M/40	Color	Yellow			TP01-M-Gingham	300			deny	manual	99	2320		TRUE		https://cdn.shopify.com/s/files/1/0712/7485/6588/files/Pp_pso3_1724958268719--2144042089.jpg?v=1749572564	5			https://cdn.shopify.com/s/files/1/0712/7485/6588/files/Pp_pso3_1724958279747--1911059432.jpg?v=1749572564			
eternal-plaid-branded-polo-t-shirts								Size	M/40	Color	Pink			TP3-M-Monochrome	300			deny	manual	99	2320		TRUE		https://cdn.shopify.com/s/files/1/0712/7485/6588/files/Pp_pso3_1724958269124--1394199200.jpg?v=1749572564	6			https://cdn.shopify.com/s/files/1/0712/7485/6588/files/Pp_pso3_1724958279796--1798196330.jpg?v=1749572564			
eternal-plaid-branded-polo-t-shirts								Size	L/42	Color	Blue			TP02-L-Blue-Black	300			deny	manual	99	2320		TRUE		https://cdn.shopify.com/s/files/1/0712/7485/6588/files/Pp_pso3_1724958279837-977881966.jpg?v=1749572564	7			https://cdn.shopify.com/s/files/1/0712/7485/6588/files/Pp_pso3_1724958279708--1160824029.jpg?v=1749572564			
eternal-plaid-branded-polo-t-shirts								Size	L/42	Color	Yellow			TP01-L-Gingham	300			deny	manual	99	2320		TRUE						https://cdn.shopify.com/s/files/1/0712/7485/6588/files/Pp_pso3_1724958279747--1911059432.jpg?v=1749572564			
eternal-plaid-branded-polo-t-shirts								Size	L/42	Color	Pink			TP3-L-Monochrome	300			deny	manual	99	2320		TRUE						https://cdn.shopify.com/s/files/1/0712/7485/6588/files/Pp_pso3_1724958279796--1798196330.jpg?v=1749572564			
eternal-plaid-branded-polo-t-shirts								Size	XL/44	Color	Blue			TP02-XL-Blue-Black	300			deny	manual	99	2320		TRUE						https://cdn.shopify.com/s/files/1/0712/7485/6588/files/Pp_pso3_1724958279708--1160824029.jpg?v=1749572564			
eternal-plaid-branded-polo-t-shirts								Size	XL/44	Color	Yellow			TP01-XL-Gingham	300			deny	manual	99	2320		TRUE						https://cdn.shopify.com/s/files/1/0712/7485/6588/files/Pp_pso3_1724958279747--1911059432.jpg?v=1749572564			
eternal-plaid-branded-polo-t-shirts								Size	XL/44	Color	Pink			TP3-XL-Monochrome	300			deny	manual	99	2320		TRUE						https://cdn.shopify.com/s/files/1/0712/7485/6588/files/Pp_pso3_1724958279796--1798196330.jpg?v=1749572564			
eternal-plaid-branded-polo-t-shirts								Size	XXL/46	Color	Blue			TP02-XXL-Blue-Black	300			deny	manual	99	2320		TRUE						https://cdn.shopify.com/s/files/1/0712/7485/6588/files/Pp_pso3_1724958279708--1160824029.jpg?v=1749572564			
eternal-plaid-branded-polo-t-shirts								Size	XXL/46	Color	Yellow			TP01-XXL-Gingham	300			deny	manual	99	2320		TRUE						https://cdn.shopify.com/s/files/1/0712/7485/6588/files/Pp_pso3_1724958279747--1911059432.jpg?v=1749572564			
eternal-plaid-branded-polo-t-shirts								Size	XXL/46	Color	Pink			TP3-XXL-Monochrome	300			deny	manual	99	2320		TRUE						https://cdn.shopify.com/s/files/1/0712/7485/6588/files/Pp_pso3_1724958279796--1798196330.jpg?v=1749572564			
executive-stripe-crest-polo	Executive Stripe Crest Polo	"<ul></ul> <h3><strong>Executive Stripe Crest Polo</strong></h3> <p><strong>Refined. Classic. Professional.</strong><br>The <strong>Executive Stripe Crest Polo</strong> embodies effortless elegance, tailored for the modern gentleman. Crafted from premium imported fabric, this polo delivers both style and substance—offering a breathable, lightweight fit with elevated design details.</p> <hr> <h4><strong>Key Features</strong></h4> <ul> <li> <p><strong>Premium Imported Fabric</strong><br>Soft, smooth, and breathable—crafted for long-lasting comfort and a luxurious feel.</p> </li> <li> <p><strong>Tailored Regular Fit</strong><br>Structured for a flattering silhouette while offering day-long ease.</p> </li> <li> <p><strong>Bold Stripe Pattern</strong><br>Timeless vertical stripes provide a sleek, sophisticated edge.</p> </li> <li> <p><strong>Contrast Collar &amp; Cuffs</strong><br>Sharp detailing for a clean, modern finish.</p> </li> <li> <p><strong>Embroidered Crest Emblem</strong><br>A symbol of craftsmanship and prestige, subtly elevating the look.</p> </li> <li> <p><strong>Breathable &amp; Moisture-Wicking</strong><br>Designed to keep you cool, confident, and comfortable—wherever the day takes you.</p> </li> </ul> <hr> <h4><strong>Ideal For:</strong></h4> <ul> <li> <p>Business casual and workwear</p> </li> <li> <p>Weekend social outings</p> </li> <li> <p>Smart, relaxed office dressing</p> </li> </ul> <hr> <h4><strong>Care Instructions</strong></h4> <ul> <li> <p>Cold machine wash recommended</p> </li> <li> <p>Refer to the attached care label for detailed instructions</p> </li> </ul> <hr> <h4><strong>Disclaimer</strong></h4> <ul> <li> <p>Color may vary slightly due to lighting or screen settings</p> </li> <li> <p>Standard sizing may vary by up to ±0.5 inches</p> </li> </ul> <hr> <h3><strong>Size Chart (in inches)</strong></h3> <table> <thead> <tr> <th align=""center""><strong>Size</strong></th> <th align=""center""><strong>Chest</strong></th> <th align=""center""><strong>Shoulder</strong></th> <th align=""center""><strong>Length</strong></th> </tr> </thead> <tbody> <tr> <td align=""center"">S</td> <td align=""center"">38</td> <td align=""center"">15.5</td> <td align=""center"">25.5</td> </tr> <tr> <td align=""center"">M</td> <td align=""center"">40</td> <td align=""center"">16.5</td> <td align=""center"">26.5</td> </tr> <tr> <td align=""center"">L</td> <td align=""center"">42</td> <td align=""center"">17.5</td> <td align=""center"">27.5</td> </tr> <tr> <td align=""center"">XL</td> <td align=""center"">44</td> <td align=""center"">18.5</td> <td align=""center"">28.5</td> </tr> <tr> <td align=""center"">XXL</td> <td align=""center"">46</td> <td align=""center"">19.5</td> <td align=""center"">29.5</td> </tr> </tbody> </table> <hr> <p><strong>Redefine your wardrobe with the Executive Stripe Crest Polo—where modern craftsmanship meets timeless appeal.</strong></p> <p data-start=""92"" data-end=""401""><br><br></p>"	TEES		T-Shirts		2025-06-10T21:51:00+05:30	Size	M/40	Color	Sea Green				300			deny	manual	99	2299		TRUE		https://cdn.shopify.com/s/files/1/0712/7485/6588/files/Poshpeno_6.jpg?v=1749572478	1			https://cdn.shopify.com/s/files/1/0712/7485/6588/files/Poshpeno_6.jpg?v=1749572478			
executive-stripe-crest-polo								Size	M/40	Color	Wine				300			deny	manual	99	2299		TRUE		https://cdn.shopify.com/s/files/1/0712/7485/6588/files/Poshpeno_7.jpg?v=1749572478	2			https://cdn.shopify.com/s/files/1/0712/7485/6588/files/Poshpeno_7.jpg?v=1749572478			
executive-stripe-crest-polo								Size	M/40	Color	Nile Blue				300			deny	manual	99	2299		TRUE		https://cdn.shopify.com/s/files/1/0712/7485/6588/files/Poshpeno_8.jpg?v=1749572478	3			https://cdn.shopify.com/s/files/1/0712/7485/6588/files/Poshpeno_8.jpg?v=1749572478			
executive-stripe-crest-polo								Size	L/42	Color	Sea Green				300			deny	manual	99	2299		TRUE		https://cdn.shopify.com/s/files/1/0712/7485/6588/files/Poshpeno_1.jpg?v=1749572478	4			https://cdn.shopify.com/s/files/1/0712/7485/6588/files/Poshpeno_6.jpg?v=1749572478			
executive-stripe-crest-polo								Size	L/42	Color	Wine				300			deny	manual	99	2299		TRUE		https://cdn.shopify.com/s/files/1/0712/7485/6588/files/Poshpeno_2.jpg?v=1749572478	5			https://cdn.shopify.com/s/files/1/0712/7485/6588/files/Poshpeno_7.jpg?v=1749572478			
executive-stripe-crest-polo								Size	L/42	Color	Nile Blue				300			deny	manual	99	2299		TRUE		https://cdn.shopify.com/s/files/1/0712/7485/6588/files/Poshpeno_16.jpg?v=1749572478	6			https://cdn.shopify.com/s/files/1/0712/7485/6588/files/Poshpeno_8.jpg?v=1749572478			
executive-stripe-crest-polo								Size	XL/44	Color	Sea Green				300			deny	manual	99	2299		TRUE		https://cdn.shopify.com/s/files/1/0712/7485/6588/files/Poshpeno_18.jpg?v=1749572478	7			https://cdn.shopify.com/s/files/1/0712/7485/6588/files/Poshpeno_6.jpg?v=1749572478			
executive-stripe-crest-polo								Size	XL/44	Color	Wine				300			deny	manual	99	2299		TRUE		https://cdn.shopify.com/s/files/1/0712/7485/6588/files/Poshpeno_17.jpg?v=1749572478	8			https://cdn.shopify.com/s/files/1/0712/7485/6588/files/Poshpeno_7.jpg?v=1749572478			
executive-stripe-crest-polo								Size	XL/44	Color	Nile Blue				300			deny	manual	99	2299		TRUE		https://cdn.shopify.com/s/files/1/0712/7485/6588/files/Poshpeno_10.jpg?v=1749572478	9			https://cdn.shopify.com/s/files/1/0712/7485/6588/files/Poshpeno_8.jpg?v=1749572478			
executive-stripe-crest-polo								Size	XXL/46	Color	Sea Green				300			deny	manual	99	2299		TRUE		https://cdn.shopify.com/s/files/1/0712/7485/6588/files/Poshpeno_9.jpg?v=1749572478	10			https://cdn.shopify.com/s/files/1/0712/7485/6588/files/Poshpeno_6.jpg?v=1749572478			
executive-stripe-crest-polo								Size	XXL/46	Color	Wine				300			deny	manual	99	2299		TRUE		https://cdn.shopify.com/s/files/1/0712/7485/6588/files/Poshpeno_14.jpg?v=1749572478	11			https://cdn.shopify.com/s/files/1/0712/7485/6588/files/Poshpeno_7.jpg?v=1749572478			
executive-stripe-crest-polo								Size	XXL/46	Color	Nile Blue				300			deny	manual	99	2299		TRUE		https://cdn.shopify.com/s/files/1/0712/7485/6588/files/Poshpeno_12.jpg?v=1749572478	12			https://cdn.shopify.com/s/files/1/0712/7485/6588/files/Poshpeno_8.jpg?v=1749572478			
executive-stripe-crest-polo																									https://cdn.shopify.com/s/files/1/0712/7485/6588/files/Poshpeno_4.jpg?v=1749572478	13						
executive-stripe-crest-polo																									https://cdn.shopify.com/s/files/1/0712/7485/6588/files/Poshpeno_5.jpg?v=1749572478	14						
executive-stripe-crest-polo																									https://cdn.shopify.com/s/files/1/0712/7485/6588/files/Poshpeno_3.jpg?v=1749572478	15						
executive-stripe-crest-polo																									https://cdn.shopify.com/s/files/1/0712/7485/6588/files/Poshpeno_2.png?v=1749572478	16						
geometric-grid-luxe-polo-t-shirt	Geometric Grid Luxe Polo T-Shirt	"<h3>?? <strong>Textured Classic Polo Shirt</strong> </h3> <p><strong>Style Meets Comfort in Every Stitch</strong></p> <p>Refresh your wardrobe with this <strong>refined and versatile polo shirt</strong>, designed for both casual ease and subtle sophistication. With its structured design and modern fit, this is a must-have staple for any season.</p> <hr> <h4>?? <strong>Product Highlights:</strong> </h4> <ul> <li> <p>?? <strong>Half Sleeves</strong> – For effortless, breathable comfort</p> </li> <li> <p>?? <strong>Textured Design</strong> – Adds depth and a touch of sophistication</p> </li> <li> <p>?? <strong>Spread Collar</strong> – Sharp and stylish for a polished appearance</p> </li> <li> <p>?? <strong>Curved Hem Design</strong> – Enhances movement and fit</p> </li> <li> <p>?? <strong>Regular Fit</strong> – Comfortable and flattering for everyday wear</p> </li> </ul> <hr> <h4>?? <strong>Fabric &amp; Care:</strong> </h4> <ul> <li> <p><strong>FABRIC:</strong> ?? Imported Fabric – Soft, breathable, and built to last</p> </li> <li> <p><strong>FIT:</strong> ?? Regular Fit</p> </li> <li> <p><strong>CARE:</strong> ?? Machine wash only. <em>Do not dry clean.</em><br><em>(Refer to the wash care label for detailed instructions)</em></p> </li> </ul> <p>?? <em>Note: Actual product color may slightly vary due to lighting and screen differences.</em></p> <hr> <h4>?? <strong>Size Chart (in inches):</strong> </h4> <table> <thead> <tr> <th>Size</th> <th>Chest</th> <th>Shoulder</th> <th>Length</th> </tr> </thead> <tbody> <tr> <td>S</td> <td>38</td> <td>15.50</td> <td>25.50</td> </tr> <tr> <td>M</td> <td>40</td> <td>16.50</td> <td>26.50</td> </tr> <tr> <td>L</td> <td>42</td> <td>17.50</td> <td>27.50</td> </tr> <tr> <td>XL</td> <td>44</td> <td>18.50</td> <td>28.50</td> </tr> <tr> <td>XXL</td> <td>46</td> <td>19.50</td> <td>29.50</td> </tr> </tbody> </table> <hr> <p>?? <strong>Add this effortlessly stylish piece to your collection today and enjoy comfort that never compromises on class.</strong></p>"	TEES		T-Shirts		2025-06-10T21:49:49+05:30	Size	M	Color	Green				455			deny	manual	99	1699		TRUE		https://cdn.shopify.com/s/files/1/0712/7485/6588/files/MIPAZO_1.jpg?v=1749572400	1			https://cdn.shopify.com/s/files/1/0712/7485/6588/files/MIPAZO_1.jpg?v=1749572400			
geometric-grid-luxe-polo-t-shirt								Size	M	Color	White				455			deny	manual	99	1699		TRUE		https://cdn.shopify.com/s/files/1/0712/7485/6588/files/MIPAZO_9.jpg?v=1749572400	2			https://cdn.shopify.com/s/files/1/0712/7485/6588/files/MIPAZO_4.jpg?v=1749572400			
geometric-grid-luxe-polo-t-shirt								Size	M	Color	Orange				455			deny	manual	99	1699		TRUE		https://cdn.shopify.com/s/files/1/0712/7485/6588/files/MIPAZO_4.jpg?v=1749572400	3			https://cdn.shopify.com/s/files/1/0712/7485/6588/files/MIPAZO_5.jpg?v=1749572400			
geometric-grid-luxe-polo-t-shirt								Size	M	Color	Navy Blue				455			deny	manual	99	1699		TRUE		https://cdn.shopify.com/s/files/1/0712/7485/6588/files/MIPAZO_6.jpg?v=1749572400	4			https://cdn.shopify.com/s/files/1/0712/7485/6588/files/MIPAZO_2.jpg?v=1749572400			
geometric-grid-luxe-polo-t-shirt								Size	M	Color	Black				455			deny	manual	99	1699		TRUE		https://cdn.shopify.com/s/files/1/0712/7485/6588/files/MIPAZO_5.jpg?v=1749572400	5			https://cdn.shopify.com/s/files/1/0712/7485/6588/files/MIPAZO_3.jpg?v=1749572400			
geometric-grid-luxe-polo-t-shirt								Size	L	Color	Green				455			deny	manual	99	1699		TRUE		https://cdn.shopify.com/s/files/1/0712/7485/6588/files/MIPAZO_10.jpg?v=1749572400	6			https://cdn.shopify.com/s/files/1/0712/7485/6588/files/MIPAZO_1.jpg?v=1749572400			
geometric-grid-luxe-polo-t-shirt								Size	L	Color	White				455			deny	manual	99	1699		TRUE		https://cdn.shopify.com/s/files/1/0712/7485/6588/files/MIPAZO_2.jpg?v=1749572400	7			https://cdn.shopify.com/s/files/1/0712/7485/6588/files/MIPAZO_4.jpg?v=1749572400			
geometric-grid-luxe-polo-t-shirt								Size	L	Color	Orange				455			deny	manual	99	1699		TRUE		https://cdn.shopify.com/s/files/1/0712/7485/6588/files/MIPAZO_8.jpg?v=1749572400	8			https://cdn.shopify.com/s/files/1/0712/7485/6588/files/MIPAZO_5.jpg?v=1749572400			
geometric-grid-luxe-polo-t-shirt								Size	L	Color	Navy Blue				455			deny	manual	99	1699		TRUE		https://cdn.shopify.com/s/files/1/0712/7485/6588/files/MIPAZO_3.jpg?v=1749572400	9			https://cdn.shopify.com/s/files/1/0712/7485/6588/files/MIPAZO_2.jpg?v=1749572400			
geometric-grid-luxe-polo-t-shirt								Size	L	Color	Black				455			deny	manual	99	1699		TRUE		https://cdn.shopify.com/s/files/1/0712/7485/6588/files/MIPAZO_7.jpg?v=1749572400	10			https://cdn.shopify.com/s/files/1/0712/7485/6588/files/MIPAZO_3.jpg?v=1749572400			
geometric-grid-luxe-polo-t-shirt								Size	XL	Color	Green				455			deny	manual	99	1699		TRUE						https://cdn.shopify.com/s/files/1/0712/7485/6588/files/MIPAZO_1.jpg?v=1749572400			
geometric-grid-luxe-polo-t-shirt								Size	XL	Color	White				455			deny	manual	99	1699		TRUE						https://cdn.shopify.com/s/files/1/0712/7485/6588/files/MIPAZO_4.jpg?v=1749572400			
geometric-grid-luxe-polo-t-shirt								Size	XL	Color	Orange				455			deny	manual	99	1699		TRUE						https://cdn.shopify.com/s/files/1/0712/7485/6588/files/MIPAZO_5.jpg?v=1749572400			
geometric-grid-luxe-polo-t-shirt								Size	XL	Color	Navy Blue				455			deny	manual	99	1699		TRUE						https://cdn.shopify.com/s/files/1/0712/7485/6588/files/MIPAZO_2.jpg?v=1749572400			
geometric-grid-luxe-polo-t-shirt								Size	XL	Color	Black				455			deny	manual	99	1699		TRUE						https://cdn.shopify.com/s/files/1/0712/7485/6588/files/MIPAZO_3.jpg?v=1749572400			
geometric-grid-luxe-polo-t-shirt								Size	XXL	Color	Green				455			deny	manual	99	1699		TRUE						https://cdn.shopify.com/s/files/1/0712/7485/6588/files/MIPAZO_1.jpg?v=1749572400			
geometric-grid-luxe-polo-t-shirt								Size	XXL	Color	White				455			deny	manual	99	1699		TRUE						https://cdn.shopify.com/s/files/1/0712/7485/6588/files/MIPAZO_4.jpg?v=1749572400			
geometric-grid-luxe-polo-t-shirt								Size	XXL	Color	Orange				455			deny	manual	99	1699		TRUE						https://cdn.shopify.com/s/files/1/0712/7485/6588/files/MIPAZO_5.jpg?v=1749572400			
geometric-grid-luxe-polo-t-shirt								Size	XXL	Color	Navy Blue				455			deny	manual	99	1699		TRUE						https://cdn.shopify.com/s/files/1/0712/7485/6588/files/MIPAZO_2.jpg?v=1749572400			
geometric-grid-luxe-polo-t-shirt								Size	XXL	Color	Black				455			deny	manual	99	1699		TRUE						https://cdn.shopify.com/s/files/1/0712/7485/6588/files/MIPAZO_3.jpg?v=1749572400			
gingham-polo-shirt	Gingham Plaid Branded Polo Shirt	"<h3><strong>Gingham Plaid Branded Polo T-Shirt</strong></h3> <p><strong>Classic charm meets modern sophistication.</strong></p> <p>Upgrade your wardrobe with the <strong>Gingham Plaid Polo</strong>, a refined essential that combines <strong>heritage aesthetics</strong> with a <strong>modern tailored fit</strong>. Ideal for both casual settings and smart occasions, this polo brings a touch of elegance to your everyday style.</p> <hr> <p><strong>Key Features:</strong></p> <ul> <li> <p>? <strong>Premium Imported Fabric</strong> – Soft, breathable, and durable for all-day comfort</p> </li> <li> <p>? <strong>Gingham Plaid Design</strong> – A timeless pattern that adds texture and appeal</p> </li> <li> <p>? <strong>Signature Embroidered Branding</strong> – Subtle detailing for a premium finish</p> </li> <li> <p>? <strong>Contrast Collar &amp; Cuffs</strong> – Stylish accents that elevate the overall look</p> </li> <li> <p>? <strong>Tailored Regular Fit</strong> – Flattering silhouette without sacrificing comfort</p> </li> <li> <p>? <strong>Versatile Styling</strong> – Pairs effortlessly with jeans, chinos, or shorts</p> </li> </ul> <blockquote> <p>?? <em>Perfect for workdays, weekend getaways, or casual evenings out.</em></p> </blockquote> <hr> <h3><strong>Size Chart (in inches)</strong></h3> <table> <thead> <tr> <th align=""center""><strong>Size</strong></th> <th align=""center""><strong>Chest</strong></th> <th align=""center""><strong>Shoulder</strong></th> <th align=""center""><strong>Length</strong></th> </tr> </thead> <tbody> <tr> <td align=""center"">S</td> <td align=""center"">38</td> <td align=""center"">15.5</td> <td align=""center"">25.5</td> </tr> <tr> <td align=""center"">M</td> <td align=""center"">40</td> <td align=""center"">16.5</td> <td align=""center"">26.5</td> </tr> <tr> <td align=""center"">L</td> <td align=""center"">42</td> <td align=""center"">17.5</td> <td align=""center"">27.5</td> </tr> <tr> <td align=""center"">XL</td> <td align=""center"">44</td> <td align=""center"">18.5</td> <td align=""center"">28.5</td> </tr> <tr> <td align=""center"">XXL</td> <td align=""center"">46</td> <td align=""center"">19.5</td> <td align=""center"">29.5</td> </tr> </tbody> </table> <hr> <p>?? <strong>Fabric</strong>: Imported Cotton Blend<br>?? <strong>Fit</strong>: Regular Fit<br>?? <em>Note: Actual product color may vary slightly due to lighting or screen settings.</em></p>"	TEES		T-Shirts		2025-06-10T21:53:13+05:30	Size	S/38					TP01-S-Gingham	300			deny	manual	99	2320		TRUE		https://cdn.shopify.com/s/files/1/0712/7485/6588/files/main-image-2.jpg?v=1749572599	1			https://cdn.shopify.com/s/files/1/0712/7485/6588/files/main-image-2.jpg?v=1749572599			
gingham-polo-shirt								Size	M/40					TP01-M-Gingham	300			deny	manual	99	2320		TRUE		https://cdn.shopify.com/s/files/1/0712/7485/6588/files/main-image-5.jpg?v=1749572599	2			https://cdn.shopify.com/s/files/1/0712/7485/6588/files/main-image-5.jpg?v=1749572599			
gingham-polo-shirt								Size	L/42					TP01-L-Gingham	300			deny	manual	99	2320		TRUE		https://cdn.shopify.com/s/files/1/0712/7485/6588/files/posn17.webp?v=1749572599	3			https://cdn.shopify.com/s/files/1/0712/7485/6588/files/posn17.webp?v=1749572599			
gingham-polo-shirt								Size	XL/44					TP01-XL-Gingham	300			deny	manual	99	2320		TRUE		https://cdn.shopify.com/s/files/1/0712/7485/6588/files/posn141.png?v=1749572599	4			https://cdn.shopify.com/s/files/1/0712/7485/6588/files/posn141.png?v=1749572599			
gingham-polo-shirt								Size	XXL/46					TP01-XXL-Gingham	300			deny	manual	99	2320		TRUE		https://cdn.shopify.com/s/files/1/0712/7485/6588/files/posn15.webp?v=1749572599	5			https://cdn.shopify.com/s/files/1/0712/7485/6588/files/posn15.webp?v=1749572599			
gingham-polo-shirt																									https://cdn.shopify.com/s/files/1/0712/7485/6588/files/posn161.png?v=1749572599	6						
heraldic-weave-signature-polo-t-shirt	Heraldic Weave Signature Polo T-Shirt	"<h3><strong>Heraldic Weave Signature Polo</strong></h3> <p>Elevate your wardrobe with the <strong>Heraldic Weave Signature Polo</strong> — a refined fusion of timeless elegance and contemporary comfort. Crafted from <strong>premium imported fabric</strong>, this round-neck, half-sleeve polo is tailored for all-day wear with a luxuriously soft feel.</p> <hr> <h4><strong>Key Features</strong></h4> <ul> <li> <p><strong>Premium Imported Fabric:</strong> Soft, breathable, and durable for long-lasting comfort.</p> </li> <li> <p><strong>Round Neck Design:</strong> Modern and versatile, offering a refined casual look.</p> </li> <li> <p><strong>Half Sleeves:</strong> Ideal for warm weather or stylish layering.</p> </li> <li> <p><strong>Heraldic Weave Emblem:</strong> Signature embroidered logo adds a distinguished finishing touch.</p> </li> <li> <p><strong>Regular Fit:</strong> Comfortable yet flattering silhouette for everyday wear.</p> </li> </ul> <hr> <h4><strong>Care Instructions</strong></h4> <ul> <li> <p>Cold machine wash recommended.</p> </li> <li> <p>Please refer to the wash care label for detailed guidance.</p> </li> </ul> <hr> <h4><strong>Disclaimer</strong></h4> <ul> <li> <p>Product color may slightly vary due to lighting or screen settings.</p> </li> <li> <p>Sizing may vary by ±0.5 inches within standard tolerance.</p> </li> </ul> <hr> <h3><strong>Size Chart (in inches)</strong></h3> <table> <thead> <tr> <th align=""center""><strong>Size</strong></th> <th align=""center""><strong>Chest</strong></th> <th align=""center""><strong>Shoulder</strong></th> <th align=""center""><strong>Length</strong></th> </tr> </thead> <tbody> <tr> <td align=""center"">S</td> <td align=""center"">38</td> <td align=""center"">15.5</td> <td align=""center"">25.5</td> </tr> <tr> <td align=""center"">M</td> <td align=""center"">40</td> <td align=""center"">16.5</td> <td align=""center"">26.5</td> </tr> <tr> <td align=""center"">L</td> <td align=""center"">42</td> <td align=""center"">17.5</td> <td align=""center"">27.5</td> </tr> <tr> <td align=""center"">XL</td> <td align=""center"">44</td> <td align=""center"">18.5</td> <td align=""center"">28.5</td> </tr> <tr> <td align=""center"">XXL</td> <td align=""center"">46</td> <td align=""center"">19.5</td> <td align=""center"">29.5</td> </tr> </tbody> </table> <p><br></p>"	TEES		T-Shirts		2025-06-10T21:51:24+05:30	Size	M/40	Color	White				300			deny	manual	99	1849		TRUE		https://cdn.shopify.com/s/files/1/0712/7485/6588/files/PPM_5.jpg?v=1749572490	1			https://cdn.shopify.com/s/files/1/0712/7485/6588/files/PPM_5.jpg?v=1749572490			
heraldic-weave-signature-polo-t-shirt								Size	M/40	Color	Orange				300			deny	manual	99	1849		TRUE		https://cdn.shopify.com/s/files/1/0712/7485/6588/files/PPM_7.jpg?v=1749572490	2			https://cdn.shopify.com/s/files/1/0712/7485/6588/files/PPM_7.jpg?v=1749572490			
heraldic-weave-signature-polo-t-shirt								Size	M/40	Color	Black				300			deny	manual	99	1849		TRUE		https://cdn.shopify.com/s/files/1/0712/7485/6588/files/PPM_8.jpg?v=1749572490	3			https://cdn.shopify.com/s/files/1/0712/7485/6588/files/PPM_8.jpg?v=1749572490			
heraldic-weave-signature-polo-t-shirt								Size	L/42	Color	White				300			deny	manual	99	1849		TRUE		https://cdn.shopify.com/s/files/1/0712/7485/6588/files/PPM_1.jpg?v=1749572490	4			https://cdn.shopify.com/s/files/1/0712/7485/6588/files/PPM_5.jpg?v=1749572490			
heraldic-weave-signature-polo-t-shirt								Size	L/42	Color	Orange				300			deny	manual	99	1849		TRUE		https://cdn.shopify.com/s/files/1/0712/7485/6588/files/PPM_4.jpg?v=1749572490	5			https://cdn.shopify.com/s/files/1/0712/7485/6588/files/PPM_7.jpg?v=1749572490			
heraldic-weave-signature-polo-t-shirt								Size	L/42	Color	Black				300			deny	manual	99	1849		TRUE		https://cdn.shopify.com/s/files/1/0712/7485/6588/files/PPM_6.jpg?v=1749572490	6			https://cdn.shopify.com/s/files/1/0712/7485/6588/files/PPM_8.jpg?v=1749572490			
heraldic-weave-signature-polo-t-shirt								Size	XL/44	Color	White				300			deny	manual	99	1849		TRUE						https://cdn.shopify.com/s/files/1/0712/7485/6588/files/PPM_5.jpg?v=1749572490			
heraldic-weave-signature-polo-t-shirt								Size	XL/44	Color	Orange				300			deny	manual	99	1849		TRUE						https://cdn.shopify.com/s/files/1/0712/7485/6588/files/PPM_7.jpg?v=1749572490			
heraldic-weave-signature-polo-t-shirt								Size	XL/44	Color	Black				300			deny	manual	99	1849		TRUE						https://cdn.shopify.com/s/files/1/0712/7485/6588/files/PPM_8.jpg?v=1749572490			
heraldic-weave-signature-polo-t-shirt								Size	XXL/46	Color	White				300			deny	manual	99	1849		TRUE						https://cdn.shopify.com/s/files/1/0712/7485/6588/files/PPM_5.jpg?v=1749572490			
heraldic-weave-signature-polo-t-shirt								Size	XXL/46	Color	Orange				300			deny	manual	99	1849		TRUE						https://cdn.shopify.com/s/files/1/0712/7485/6588/files/PPM_7.jpg?v=1749572490			
heraldic-weave-signature-polo-t-shirt								Size	XXL/46	Color	Black				300			deny	manual	99	1849		TRUE						https://cdn.shopify.com/s/files/1/0712/7485/6588/files/PPM_8.jpg?v=1749572490			
heritage-plaid-emblem-polo-t-shirt	Heritage Plaid Emblem Polo T-Shirt	"<h3><strong>?? Textured Crest Polo – Effortless Style Meets Everyday Comfort</strong></h3> <p>Upgrade your essentials with the <strong>Textured Crest Polo</strong>, a modern classic crafted for those who appreciate subtle style and reliable comfort. Perfect for both casual and smart-casual settings, this polo delivers on versatility and detail.</p> <hr> <h4><strong>?? Key Features:</strong></h4> <ul> <li> <p>?? <strong>Half Sleeves</strong> – Perfect for all-season layering or warm weather wear.</p> </li> <li> <p>?? <strong>Textured Design</strong> – Adds a refined, premium look.</p> </li> <li> <p>?? <strong>Embroidered Logo</strong> – Elevates the shirt with a signature detail.</p> </li> <li> <p>?? <strong>Spread Collar</strong> – Offers a sharp, polished appearance.</p> </li> <li> <p>?? <strong>Curved Hem Design</strong> – For a clean, contemporary fit.</p> </li> <li> <p>?? <strong>Regular Fit</strong> – Designed for comfort without compromising style.</p> </li> </ul> <hr> <h4><strong>?? Fabric &amp; Care Instructions:</strong></h4> <ul> <li> <p><strong>Fabric:</strong> Imported fabric for breathability and durability.</p> </li> <li> <p>?? <strong>Care:</strong> Machine wash only. Do <strong>not</strong> dry clean. (Check care label for details.)</p> </li> <li> <p>?? <em>Note: Actual colour of the product may slightly vary due to lighting and screen settings.</em></p> </li> </ul> <hr> <h4>?? <strong>Size Chart (in inches):</strong> </h4> <table> <thead> <tr> <th>Size</th> <th>Chest</th> <th>Shoulder</th> <th>Length</th> </tr> </thead> <tbody> <tr> <td>S</td> <td>38</td> <td>15.50</td> <td>25.50</td> </tr> <tr> <td>M</td> <td>40</td> <td>16.50</td> <td>26.50</td> </tr> <tr> <td>L</td> <td>42</td> <td>17.50</td> <td>27.50</td> </tr> <tr> <td>XL</td> <td>44</td> <td>18.50</td> <td>28.50</td> </tr> <tr> <td>XXL</td> <td>46</td> <td>19.50</td> <td>29.50</td> </tr> </tbody> </table> <hr> <p>??? <strong>Add a touch of texture to your wardrobe. The Textured Crest Polo is ready for wherever your day takes you!</strong></p>"	TEES		T-Shirts		2025-06-10T21:50:24+05:30	Size	M	Color	White				455			deny	manual	99	1999		TRUE		https://cdn.shopify.com/s/files/1/0712/7485/6588/files/MIPAZO_1.png?v=1749572432	1			https://cdn.shopify.com/s/files/1/0712/7485/6588/files/MIPAZO_1.png?v=1749572432			
heritage-plaid-emblem-polo-t-shirt								Size	M	Color	Black				455			deny	manual	99	1999		TRUE		https://cdn.shopify.com/s/files/1/0712/7485/6588/files/MIPAZO_7.png?v=1749572432	2			https://cdn.shopify.com/s/files/1/0712/7485/6588/files/MIPAZO_2.png?v=1749572432			
heritage-plaid-emblem-polo-t-shirt								Size	L	Color	White				455			deny	manual	99	1999		TRUE		https://cdn.shopify.com/s/files/1/0712/7485/6588/files/MIPAZO_2.png?v=1749572432	3			https://cdn.shopify.com/s/files/1/0712/7485/6588/files/MIPAZO_1.png?v=1749572432			
heritage-plaid-emblem-polo-t-shirt								Size	L	Color	Black				455			deny	manual	99	1999		TRUE		https://cdn.shopify.com/s/files/1/0712/7485/6588/files/MIPAZO_6.png?v=1749572432	4			https://cdn.shopify.com/s/files/1/0712/7485/6588/files/MIPAZO_2.png?v=1749572432			
heritage-plaid-emblem-polo-t-shirt								Size	XL	Color	White				455			deny	manual	99	1999		TRUE		https://cdn.shopify.com/s/files/1/0712/7485/6588/files/MIPAZO_5.png?v=1749572432	5			https://cdn.shopify.com/s/files/1/0712/7485/6588/files/MIPAZO_1.png?v=1749572432			
heritage-plaid-emblem-polo-t-shirt								Size	XL	Color	Black				455			deny	manual	99	1999		TRUE		https://cdn.shopify.com/s/files/1/0712/7485/6588/files/MIPAZO_3.png?v=1749572432	6			https://cdn.shopify.com/s/files/1/0712/7485/6588/files/MIPAZO_2.png?v=1749572432			
heritage-plaid-emblem-polo-t-shirt								Size	XXL	Color	White				455			deny	manual	99	1999		TRUE		https://cdn.shopify.com/s/files/1/0712/7485/6588/files/MIPAZO_4.png?v=1749572432	7			https://cdn.shopify.com/s/files/1/0712/7485/6588/files/MIPAZO_1.png?v=1749572432			
heritage-plaid-emblem-polo-t-shirt								Size	XXL	Color	Black				455			deny	manual	99	1999		TRUE						https://cdn.shopify.com/s/files/1/0712/7485/6588/files/MIPAZO_2.png?v=1749572432			
iconic-crest-polo-t-shirt	Iconic Crest Polo T-Shirt	"<p>Elevate your style with the Iconic Crest Polo, where sophistication meets modern design. Crafted for those who appreciate the finer things in life, this polo shirt stands out with its distinctive branded collar, a hallmark of luxury and elegance.</p> <p><strong>Key Features:</strong></p> <ul> <li> <strong>Distinctive Branded Collar:</strong> The eye-catching collar design sets this polo apart, adding a touch of high-end fashion to your wardrobe.</li> <li> <strong>Premium Craftsmanship:</strong> Made from high-quality fabric, ensuring comfort and durability for everyday wear.</li> <li> <strong>Embroidered Logo:</strong> The subtle yet stylish embroidered logo on the chest represents premium quality and attention to detail.</li> <li> <strong>Tailored Fit:</strong> Designed to provide a flattering silhouette, perfect for both casual and semi-formal occasions.</li> <li> <strong>Versatile Design:</strong> Easily pairs with jeans, chinos, or shorts for a polished look that transitions effortlessly from day to night</li> </ul> <p><strong data-mce-fragment=""1"">Actual color of the product may vary slightly due to photographic lighting sources or your device.</strong></p> <h2 data-mce-fragment=""1""><strong>Size Chart:</strong></h2> <table width=""64%"" data-mce-fragment=""1""> <tbody data-mce-fragment=""1""> <tr data-mce-fragment=""1""> <td width=""68"" data-mce-fragment=""1""> <p data-mce-fragment=""1""><strong data-mce-fragment=""1"">Size</strong></p> </td> <td width=""83"" data-mce-fragment=""1""> <p data-mce-fragment=""1""><strong data-mce-fragment=""1"">Chest</strong></p> </td> <td width=""83"" data-mce-fragment=""1""> <p data-mce-fragment=""1""><strong data-mce-fragment=""1"">Shoulder</strong></p> </td> <td width=""54"" data-mce-fragment=""1""> <p data-mce-fragment=""1""><strong data-mce-fragment=""1"">Length</strong></p> </td> </tr> <tr data-mce-fragment=""1""> <td width=""68"" data-mce-fragment=""1""> <p data-mce-fragment=""1""><strong data-mce-fragment=""1"">S</strong></p> </td> <td width=""83"" data-mce-fragment=""1""> <p data-mce-fragment=""1"">38</p> </td> <td width=""83"" data-mce-fragment=""1""> <p data-mce-fragment=""1"">15.50</p> </td> <td width=""54"" data-mce-fragment=""1""> <p data-mce-fragment=""1"">25.50</p> </td> </tr> <tr data-mce-fragment=""1""> <td width=""68"" data-mce-fragment=""1""> <p data-mce-fragment=""1""><strong data-mce-fragment=""1"">M</strong></p> </td> <td width=""83"" data-mce-fragment=""1""> <p data-mce-fragment=""1"">40</p> </td> <td width=""83"" data-mce-fragment=""1""> <p data-mce-fragment=""1"">16.50</p> </td> <td width=""54"" data-mce-fragment=""1""> <p data-mce-fragment=""1"">26.50</p> </td> </tr> <tr data-mce-fragment=""1""> <td width=""68"" data-mce-fragment=""1""> <p data-mce-fragment=""1""><strong data-mce-fragment=""1"">L</strong></p> </td> <td width=""83"" data-mce-fragment=""1""> <p data-mce-fragment=""1"">42</p> </td> <td width=""83"" data-mce-fragment=""1""> <p data-mce-fragment=""1"">17.50</p> </td> <td width=""54"" data-mce-fragment=""1""> <p data-mce-fragment=""1"">27.50</p> </td> </tr> <tr data-mce-fragment=""1""> <td width=""68"" data-mce-fragment=""1""> <p data-mce-fragment=""1""><strong data-mce-fragment=""1"">XL</strong></p> </td> <td width=""83"" data-mce-fragment=""1""> <p data-mce-fragment=""1"">44</p> </td> <td width=""83"" data-mce-fragment=""1""> <p data-mce-fragment=""1"">18.50</p> </td> <td width=""54"" data-mce-fragment=""1""> <p data-mce-fragment=""1"">28.50</p> </td> </tr> <tr data-mce-fragment=""1""> <td width=""68"" data-mce-fragment=""1""> <p data-mce-fragment=""1""><strong data-mce-fragment=""1"">XXL</strong></p> </td> <td width=""83"" data-mce-fragment=""1""> <p data-mce-fragment=""1"">46</p> </td> <td width=""83"" data-mce-fragment=""1""> <p data-mce-fragment=""1"">19.50</p> </td> <td width=""54"" data-mce-fragment=""1""> <p data-mce-fragment=""1"">29.50</p> </td> </tr> </tbody> </table>"	TEES		T-Shirts		2025-06-10T21:51:49+05:30	Size	S/38	Color	White			ZA11-S-White	300			deny	manual	99	2149		TRUE		https://cdn.shopify.com/s/files/1/0712/7485/6588/files/POSH_2.png?v=1749572517	1			https://cdn.shopify.com/s/files/1/0712/7485/6588/files/POSH_2.png?v=1749572517			
iconic-crest-polo-t-shirt								Size	S/38	Color	Black			ZA11-S-Black	300			deny	manual	99	2149		TRUE		https://cdn.shopify.com/s/files/1/0712/7485/6588/files/POSH_1.png?v=1749572517	2			https://cdn.shopify.com/s/files/1/0712/7485/6588/files/POSH_1.png?v=1749572517			
iconic-crest-polo-t-shirt								Size	M/40	Color	White			ZA11-M-White	300			deny	manual	99	2149		TRUE		https://cdn.shopify.com/s/files/1/0712/7485/6588/files/PP_M_13_2.jpg?v=1749572517	3			https://cdn.shopify.com/s/files/1/0712/7485/6588/files/POSH_2.png?v=1749572517			
iconic-crest-polo-t-shirt								Size	M/40	Color	Black			ZA11-M-Black	300			deny	manual	99	2149		TRUE		https://cdn.shopify.com/s/files/1/0712/7485/6588/files/PP_M_13_3.jpg?v=1749572517	4			https://cdn.shopify.com/s/files/1/0712/7485/6588/files/POSH_1.png?v=1749572517			
iconic-crest-polo-t-shirt								Size	L/42	Color	White			ZA11-L-White	300			deny	manual	99	2149		TRUE		https://cdn.shopify.com/s/files/1/0712/7485/6588/files/PP_M_13_1.jpg?v=1749572517	5			https://cdn.shopify.com/s/files/1/0712/7485/6588/files/POSH_2.png?v=1749572517			
iconic-crest-polo-t-shirt								Size	L/42	Color	Black			ZA11-L-Black	300			deny	manual	99	2149		TRUE						https://cdn.shopify.com/s/files/1/0712/7485/6588/files/POSH_1.png?v=1749572517			
iconic-crest-polo-t-shirt								Size	XL/44	Color	White			ZA11-XL-White	300			deny	manual	99	2149		TRUE						https://cdn.shopify.com/s/files/1/0712/7485/6588/files/POSH_2.png?v=1749572517			
iconic-crest-polo-t-shirt								Size	XL/44	Color	Black			ZA11-XL-Black	300			deny	manual	99	2149		TRUE						https://cdn.shopify.com/s/files/1/0712/7485/6588/files/POSH_1.png?v=1749572517			
iconic-crest-polo-t-shirt								Size	XXL/46	Color	White			ZA11-XXL-White	300			deny	manual	99	2149		TRUE						https://cdn.shopify.com/s/files/1/0712/7485/6588/files/POSH_2.png?v=1749572517			
iconic-crest-polo-t-shirt								Size	XXL/46	Color	Black			ZA11-XXL-Black	300			deny	manual	99	2149		TRUE						https://cdn.shopify.com/s/files/1/0712/7485/6588/files/POSH_1.png?v=1749572517			
imperial-heritage-polo-t-shirt	Imperial Heritage Polo T-Shirt	"<h3><strong>Elite Designer Branded T-Shirt</strong></h3> <p><strong>Luxury meets everyday wear.</strong></p> <p>Crafted for those who appreciate the perfect balance of <strong>fashion and function</strong>, the <strong>Elite Designer T-Shirt</strong> brings high-end style to your daily wardrobe. Made from <strong>premium-quality materials</strong>, it delivers a soft, breathable feel with exceptional durability—ensuring you stay comfortable and stylish all day long.</p> <hr> <p><strong>Why You'll Love It:</strong></p> <ul> <li> <p>? <strong>Premium fabric</strong> for unmatched softness and durability</p> </li> <li> <p>? <strong>Tailored fit</strong> for a sleek, modern silhouette</p> </li> <li> <p>? Ideal for both <strong>casual wear and upscale layering</strong></p> </li> <li> <p>? A true wardrobe essential for the fashion-forward</p> </li> </ul> <hr> <h3><strong>Size Chart (in inches)</strong></h3> <table> <thead> <tr> <th align=""center""><strong>Size</strong></th> <th align=""center""><strong>Chest</strong></th> <th align=""center""><strong>Shoulder</strong></th> <th align=""center""><strong>Length</strong></th> </tr> </thead> <tbody> <tr> <td align=""center"">S</td> <td align=""center"">38</td> <td align=""center"">15.5</td> <td align=""center"">25.5</td> </tr> <tr> <td align=""center"">M</td> <td align=""center"">40</td> <td align=""center"">16.5</td> <td align=""center"">26.5</td> </tr> <tr> <td align=""center"">L</td> <td align=""center"">42</td> <td align=""center"">17.5</td> <td align=""center"">27.5</td> </tr> <tr> <td align=""center"">XL</td> <td align=""center"">44</td> <td align=""center"">18.5</td> <td align=""center"">28.5</td> </tr> <tr> <td align=""center"">XXL</td> <td align=""center"">46</td> <td align=""center"">19.5</td> <td align=""center"">29.5</td> </tr> </tbody> </table> <hr> <p><strong>Elevate your everyday look—because elite style is never accidental.</strong></p>"	TEES				2025-06-10T21:53:56+05:30	Size	S	Color	LightGray			S Stripe T-shirt- White	240			deny	manual	99	2999		TRUE		https://cdn.shopify.com/s/files/1/0712/7485/6588/files/photo_2024-07-23_13-55-09.jpg?v=1749572641	1			https://cdn.shopify.com/s/files/1/0712/7485/6588/files/photo_2024-07-23_13-55-09.jpg?v=1749572641			
imperial-heritage-polo-t-shirt								Size	S	Color	Black			S Stripe T-shirt-Black	240			deny	manual	99	2999		TRUE		https://cdn.shopify.com/s/files/1/0712/7485/6588/files/photo_2024-07-23_13-55-26.jpg?v=1749572641	2			https://cdn.shopify.com/s/files/1/0712/7485/6588/files/photo_2024-07-23_13-54-57.jpg?v=1749572641			
imperial-heritage-polo-t-shirt								Size	M	Color	LightGray			M Stripe T-shirt-White	240			deny	manual	99	2999		TRUE		https://cdn.shopify.com/s/files/1/0712/7485/6588/files/photo_2024-07-23_13-54-57.jpg?v=1749572641	3			https://cdn.shopify.com/s/files/1/0712/7485/6588/files/photo_2024-07-23_13-55-09.jpg?v=1749572641			
imperial-heritage-polo-t-shirt								Size	M	Color	Black			M Stripe T-shirt-Black	240			deny	manual	99	2999		TRUE		https://cdn.shopify.com/s/files/1/0712/7485/6588/files/photo_2024-07-23_13-55-13.jpg?v=1749572641	4			https://cdn.shopify.com/s/files/1/0712/7485/6588/files/photo_2024-07-23_13-54-57.jpg?v=1749572641			
imperial-heritage-polo-t-shirt								Size	L	Color	LightGray			L Stripe T-shirt-White	240			deny	manual	99	2999		TRUE						https://cdn.shopify.com/s/files/1/0712/7485/6588/files/photo_2024-07-23_13-55-09.jpg?v=1749572641			
imperial-heritage-polo-t-shirt								Size	L	Color	Black			L Stripe T-shirt-Black	240			deny	manual	99	2999		TRUE						https://cdn.shopify.com/s/files/1/0712/7485/6588/files/photo_2024-07-23_13-54-57.jpg?v=1749572641			
imperial-heritage-polo-t-shirt								Size	XL	Color	LightGray			XL Stripe T-shirt-White	240			deny	manual	99	2999		TRUE						https://cdn.shopify.com/s/files/1/0712/7485/6588/files/photo_2024-07-23_13-55-09.jpg?v=1749572641			
imperial-heritage-polo-t-shirt								Size	XL	Color	Black			XL Stripe T-shirt-Black	240			deny	manual	99	2999		TRUE						https://cdn.shopify.com/s/files/1/0712/7485/6588/files/photo_2024-07-23_13-54-57.jpg?v=1749572641			
imperial-heritage-polo-t-shirt								Size	XXL	Color	LightGray			XX L Stripe T-shirt-White	240			deny	manual	99	2999		TRUE						https://cdn.shopify.com/s/files/1/0712/7485/6588/files/photo_2024-07-23_13-55-09.jpg?v=1749572641			
imperial-heritage-polo-t-shirt								Size	XXL	Color	Black			XXL Stripe T-shirt-Black	240			deny	manual	99	2999		TRUE						https://cdn.shopify.com/s/files/1/0712/7485/6588/files/photo_2024-07-23_13-54-57.jpg?v=1749572641			
imperial-heritage-polo-t-shirt								Size	3XL	Color	LightGray			3XLStripe T-shirt-White	240			deny	manual	99	2999		TRUE						https://cdn.shopify.com/s/files/1/0712/7485/6588/files/photo_2024-07-23_13-55-09.jpg?v=1749572641			
imperial-heritage-polo-t-shirt								Size	3XL	Color	Black			3XL Stripe T-shirt-Black	240			deny	manual	99	2999		TRUE						https://cdn.shopify.com/s/files/1/0712/7485/6588/files/photo_2024-07-23_13-54-57.jpg?v=1749572641			
luxe-plaid-branded-polo-t-shirts	Luxe Plaid Branded Polo T-Shirts	"<h3><strong>Luxe Plaid Branded Polo T-Shirt</strong></h3> <p>Upgrade your wardrobe with the <strong>Luxe Plaid Branded Polo T-Shirt</strong> — a perfect blend of classic sophistication and contemporary craftsmanship. Designed for individuals who value premium comfort and refined aesthetics, this polo seamlessly transitions from casual outings to semi-formal occasions.</p> <hr> <h4><strong>Key Features</strong></h4> <ul> <li> <p>?? <strong>Premium Imported Fabric</strong> – Breathable, smooth, and durable for all-day comfort.</p> </li> <li> <p>?? <strong>Elegant Plaid Pattern</strong> – A timeless design that exudes modern sophistication.</p> </li> <li> <p>?? <strong>Signature Branding</strong> – Finely embroidered crest for a touch of exclusivity.</p> </li> <li> <p>?? <strong>Refined Collar &amp; Button Placket</strong> – Structured for a sharp, polished look.</p> </li> <li> <p>?? <strong>Tailored Fit</strong> – Sleek silhouette offering both style and ease of movement.</p> </li> <li> <p>?? <strong>Versatile Styling</strong> – Pair effortlessly with chinos, jeans, or shorts for a smart-casual vibe.</p> </li> </ul> <hr> <h4><strong>Product Details</strong></h4> <ul> <li> <p><strong>Fabric Type:</strong> Imported Fabric</p> </li> <li> <p><strong>Fit:</strong> Regular Fit</p> </li> <li> <p><strong>Care Instructions:</strong> Cold machine wash. Refer to the wash care label for details.</p> </li> <li> <p>?? <em>Note: Actual color may vary slightly due to photographic lighting or device display settings.</em></p> </li> </ul> <hr> <h3><strong>Size Chart (in inches):</strong></h3> <table> <thead> <tr> <th align=""center""><strong>Size</strong></th> <th align=""center""><strong>Chest</strong></th> <th align=""center""><strong>Shoulder</strong></th> <th align=""center""><strong>Length</strong></th> </tr> </thead> <tbody> <tr> <td align=""center"">S</td> <td align=""center"">38</td> <td align=""center"">15.5</td> <td align=""center"">25.5</td> </tr> <tr> <td align=""center"">M</td> <td align=""center"">40</td> <td align=""center"">16.5</td> <td align=""center"">26.5</td> </tr> <tr> <td align=""center"">L</td> <td align=""center"">42</td> <td align=""center"">17.5</td> <td align=""center"">27.5</td> </tr> <tr> <td align=""center"">XL</td> <td align=""center"">44</td> <td align=""center"">18.5</td> <td align=""center"">28.5</td> </tr> <tr> <td align=""center"">XXL</td> <td align=""center"">46</td> <td align=""center"">19.5</td> <td align=""center"">29.5</td> </tr> </tbody> </table> <p><br></p>"	TEES		T-Shirts		2025-06-10T21:51:58+05:30	Size	S/38	Color	Blue			TP02-S-Blue-Black	300			deny	manual	99	2320		TRUE		https://cdn.shopify.com/s/files/1/0712/7485/6588/files/PP_Pso51724958213343-463569483.jpg?v=1749572527	1			https://cdn.shopify.com/s/files/1/0712/7485/6588/files/PP_Pso51724958213343-463569483.jpg?v=1749572527			
luxe-plaid-branded-polo-t-shirts								Size	S/38	Color	Yellow			TP01-S-Gingham	300			deny	manual	99	2320		TRUE		https://cdn.shopify.com/s/files/1/0712/7485/6588/files/PP_Pso51724958213393-1832666894_1.jpg?v=1749572527	2			https://cdn.shopify.com/s/files/1/0712/7485/6588/files/PP_Pso51724958213393-1832666894_1.jpg?v=1749572527			
luxe-plaid-branded-polo-t-shirts								Size	S/38	Color	Pink			TP3-S-Monochrome	300			deny	manual	99	2320		TRUE		https://cdn.shopify.com/s/files/1/0712/7485/6588/files/PP_Pso51724958213244--1660494088.jpg?v=1749572527	3			https://cdn.shopify.com/s/files/1/0712/7485/6588/files/PP_Pso51724958213244--1660494088.jpg?v=1749572527			
luxe-plaid-branded-polo-t-shirts								Size	M/40	Color	Blue			TP02-M-Blue-Black	300			deny	manual	99	2320		TRUE		https://cdn.shopify.com/s/files/1/0712/7485/6588/files/PP_Pso51724958211306-1616683560.jpg?v=1749572527	4			https://cdn.shopify.com/s/files/1/0712/7485/6588/files/PP_Pso51724958213343-463569483.jpg?v=1749572527			
luxe-plaid-branded-polo-t-shirts								Size	M/40	Color	Yellow			TP01-M-Gingham	300			deny	manual	99	2320		TRUE		https://cdn.shopify.com/s/files/1/0712/7485/6588/files/PP_Pso51724958349556--882350575.jpg?v=1749572527	5			https://cdn.shopify.com/s/files/1/0712/7485/6588/files/PP_Pso51724958213393-1832666894_1.jpg?v=1749572527			
luxe-plaid-branded-polo-t-shirts								Size	M/40	Color	Pink			TP3-M-Monochrome	300			deny	manual	99	2320		TRUE		https://cdn.shopify.com/s/files/1/0712/7485/6588/files/Pp_psp4_1724958341098--1850497673_73d28e14-78a7-4b83-a422-decc0b70bd80.jpg?v=1749572527	6			https://cdn.shopify.com/s/files/1/0712/7485/6588/files/PP_Pso51724958213244--1660494088.jpg?v=1749572527			
luxe-plaid-branded-polo-t-shirts								Size	L/42	Color	Blue			TP02-L-Blue-Black	300			deny	manual	99	2320		TRUE		https://cdn.shopify.com/s/files/1/0712/7485/6588/files/Pp_psp4_1724958350492--76377745_f554ccd2-bc15-4902-abd4-a6151f083752.jpg?v=1749572527	7			https://cdn.shopify.com/s/files/1/0712/7485/6588/files/PP_Pso51724958213343-463569483.jpg?v=1749572527			
luxe-plaid-branded-polo-t-shirts								Size	L/42	Color	Yellow			TP01-L-Gingham	300			deny	manual	99	2320		TRUE		https://cdn.shopify.com/s/files/1/0712/7485/6588/files/Pp_psp4_1724958350992--427208602_84bc04a2-974e-4b82-83d4-540e89447867.jpg?v=1749572527	8			https://cdn.shopify.com/s/files/1/0712/7485/6588/files/PP_Pso51724958213393-1832666894_1.jpg?v=1749572527			
luxe-plaid-branded-polo-t-shirts								Size	L/42	Color	Pink			TP3-L-Monochrome	300			deny	manual	99	2320		TRUE		https://cdn.shopify.com/s/files/1/0712/7485/6588/files/Pp_psp4_1724958351643--458163112_5a35ed87-9380-48c4-acc5-8675cafef790.jpg?v=1749572527	9			https://cdn.shopify.com/s/files/1/0712/7485/6588/files/PP_Pso51724958213244--1660494088.jpg?v=1749572527			
luxe-plaid-branded-polo-t-shirts								Size	XL/44	Color	Blue			TP02-XL-Blue-Black	300			deny	manual	99	2320		TRUE						https://cdn.shopify.com/s/files/1/0712/7485/6588/files/PP_Pso51724958213343-463569483.jpg?v=1749572527			
luxe-plaid-branded-polo-t-shirts								Size	XL/44	Color	Yellow			TP01-XL-Gingham	300			deny	manual	99	2320		TRUE						https://cdn.shopify.com/s/files/1/0712/7485/6588/files/PP_Pso51724958213393-1832666894_1.jpg?v=1749572527			
luxe-plaid-branded-polo-t-shirts								Size	XL/44	Color	Pink			TP3-XL-Monochrome	300			deny	manual	99	2320		TRUE						https://cdn.shopify.com/s/files/1/0712/7485/6588/files/PP_Pso51724958213244--1660494088.jpg?v=1749572527			
luxe-plaid-branded-polo-t-shirts								Size	XXL/46	Color	Blue			TP02-XXL-Blue-Black	300			deny	manual	99	2320		TRUE						https://cdn.shopify.com/s/files/1/0712/7485/6588/files/PP_Pso51724958213343-463569483.jpg?v=1749572527			
luxe-plaid-branded-polo-t-shirts								Size	XXL/46	Color	Yellow			TP01-XXL-Gingham	300			deny	manual	99	2320		TRUE						https://cdn.shopify.com/s/files/1/0712/7485/6588/files/PP_Pso51724958213393-1832666894_1.jpg?v=1749572527			
luxe-plaid-branded-polo-t-shirts								Size	XXL/46	Color	Pink			TP3-XXL-Monochrome	300			deny	manual	99	2320		TRUE						https://cdn.shopify.com/s/files/1/0712/7485/6588/files/PP_Pso51724958213244--1660494088.jpg?v=1749572527			
mens-business-logo-button-down-short-sleeve-polo-shirt	Men's Business Logo Button-Down Short Sleeve Polo T-Shirt	"<p><strong>Description</strong><br><strong>Material:</strong> Polyester<br><strong>Style:</strong> Business, Work, Sporty, Daily, College, Street, Vintage ?????????<br><strong>Pattern Type:</strong> Striped, Letter ??<br><strong>Elastic:</strong> Yes (Elastic) ??</p> <p><em>The item does not include any accessories in the picture, unless stated otherwise in the product description.</em></p> <hr> <p><strong>Size Chart</strong></p> <table> <thead> <tr> <th>Size</th> <th>Shoulder (cm/inch)</th> <th>Bust (cm/inch)</th> <th>Sleeve Length (cm/inch)</th> <th>Clothing Length (cm/inch)</th> </tr> </thead> <tbody> <tr> <td>S</td> <td>45.0 / 17.72</td> <td>106.0 / 41.73</td> <td>20.5 / 8.07</td> <td>70.0 / 27.56</td> </tr> <tr> <td>M</td> <td>46.5 / 18.31</td> <td>112.0 / 44.09</td> <td>21.0 / 8.27</td> <td>72.0 / 28.35</td> </tr> <tr> <td>L</td> <td>48.0 / 18.90</td> <td>118.0 / 46.46</td> <td>21.5 / 8.46</td> <td>74.0 / 29.13</td> </tr> <tr> <td>XL</td> <td>49.5 / 19.49</td> <td>124.0 / 48.82</td> <td>22.0 / 8.66</td> <td>76.0 / 29.92</td> </tr> <tr> <td>2XL</td> <td>51.0 / 20.08</td> <td>132.0 / 51.97</td> <td>22.5 / 8.86</td> <td>78.0 / 30.71</td> </tr> <tr> <td>3XL</td> <td>52.5 / 20.67</td> <td>140.0 / 55.12</td> <td>23.0 / 9.06</td> <td>80.0 / 31.50</td> </tr> <tr> <td>4XL</td> <td>54.0 / 21.26</td> <td>146.0 / 57.48</td> <td>23.5 / 9.25</td> <td>82.0 / 32.28</td> </tr> <tr> <td>5XL</td> <td>55.5 / 21.85</td> <td>152.0 / 59.84</td> <td>24.0 / 9.45</td> <td>84.0 / 33.07</td> </tr> </tbody> </table> <p>This polyester shirt combines a stylish striped and letter pattern with an elastic design for all-day comfort and a contemporary look. Whether you're dressing for business, casual outings, or sports activities, this versatile shirt fits the occasion.</p>"	SALE				2025-06-10T21:49:20+05:30	Size	M						0			deny	manual	99	1399		FALSE		https://cdn.shopify.com/s/files/1/0712/7485/6588/files/b8254728e928a3354c77bed9b3874961220acbb1-900.png?v=1749572361	1			https://cdn.shopify.com/s/files/1/0712/7485/6588/files/b8254728e928a3354c77bed9b3874961220acbb1-900.png?v=1749572361			
mens-business-logo-button-down-short-sleeve-polo-shirt								Size	L						0			deny	manual	99	1399		FALSE									
mens-business-logo-button-down-short-sleeve-polo-shirt								Size	XL						0			deny	manual	99	1399		FALSE									
mens-business-logo-button-down-short-sleeve-polo-shirt								Size	2XL						0			deny	manual	99	1399		FALSE									
mens-business-logo-button-down-short-sleeve-polo-shirt								Size	3XL						0			deny	manual	99	1399		FALSE									
mens-business-logo-button-down-short-sleeve-polo-shirt								Size	4XL						0			deny	manual	99	1399		FALSE									
mens-business-logo-button-down-short-sleeve-polo-shirt								Size	5XL						0			deny	manual	99	1399		FALSE									
mens-business-logo-button-down-short-sleeve-polo-shirt-1	Men's Business Logo Button-Down Short Sleeve Polo T-Shirt	"<p><strong>Description</strong><br><strong>SPU:</strong> MPO513206<br><strong>Material:</strong> Polyester ??<br><strong>Style:</strong> Business/Work/Sporty/Daily/College/Street/Vintage ??<br><strong>Pattern Type:</strong> Striped/Letter ??<br><strong>Elastic:</strong> Yes (Elastic) ??</p> <p><em>The item does not include any accessories in the picture, unless stated otherwise in the product description.</em></p> <hr> <p><strong>Size Chart</strong></p> <table> <thead> <tr> <th>Size</th> <th>Shoulder (cm/inch)</th> <th>Bust (cm/inch)</th> <th>Sleeve Length (cm/inch)</th> <th>Clothing Length (cm/inch)</th> </tr> </thead> <tbody> <tr> <td>S</td> <td>45.0 / 17.72</td> <td>106.0 / 41.73</td> <td>20.5 / 8.07</td> <td>70.0 / 27.56</td> </tr> <tr> <td>M</td> <td>46.5 / 18.31</td> <td>112.0 / 44.09</td> <td>21.0 / 8.27</td> <td>72.0 / 28.35</td> </tr> <tr> <td>L</td> <td>48.0 / 18.90</td> <td>118.0 / 46.46</td> <td>21.5 / 8.46</td> <td>74.0 / 29.13</td> </tr> <tr> <td>XL</td> <td>49.5 / 19.49</td> <td>124.0 / 48.82</td> <td>22.0 / 8.66</td> <td>76.0 / 29.92</td> </tr> <tr> <td>2XL</td> <td>51.0 / 20.08</td> <td>132.0 / 51.97</td> <td>22.5 / 8.86</td> <td>78.0 / 30.71</td> </tr> <tr> <td>3XL</td> <td>52.5 / 20.67</td> <td>140.0 / 55.12</td> <td>23.0 / 9.06</td> <td>80.0 / 31.50</td> </tr> <tr> <td>4XL</td> <td>54.0 / 21.26</td> <td>146.0 / 57.48</td> <td>23.5 / 9.25</td> <td>82.0 / 32.28</td> </tr> <tr> <td>5XL</td> <td>55.5 / 21.85</td> <td>152.0 / 59.84</td> <td>24.0 / 9.45</td> <td>84.0 / 33.07</td> </tr> </tbody> </table> <p>This stylish striped and letter pattern top combines comfort and elegance with an elastic fit, making it perfect for daily wear, sports, or business settings. ??</p>"	SALE				2025-06-10T21:48:42+05:30	Size	M						0			deny	manual	99	1499		FALSE		https://cdn.shopify.com/s/files/1/0712/7485/6588/files/4a042bea4a4f8b0e8041008cb08f700db418199d-1200.png?v=1749572323	1			https://cdn.shopify.com/s/files/1/0712/7485/6588/files/4a042bea4a4f8b0e8041008cb08f700db418199d-1200.png?v=1749572323			
mens-business-logo-button-down-short-sleeve-polo-shirt-1								Size	L						0			deny	manual	99	1499		FALSE									
mens-business-logo-button-down-short-sleeve-polo-shirt-1								Size	XL						0			deny	manual	99	1499		FALSE									
mens-business-logo-button-down-short-sleeve-polo-shirt-1								Size	2XL						0			deny	manual	99	1499		FALSE									
mens-business-logo-button-down-short-sleeve-polo-shirt-1								Size	3XL						0			deny	manual	99	1499		FALSE									
mens-business-logo-button-down-short-sleeve-polo-shirt-1								Size	4XL						0			deny	manual	99	1499		FALSE									
mens-business-logo-button-down-short-sleeve-polo-shirt-1								Size	5XL						0			deny	manual	99	1499		FALSE									
mens-business-luxury-printed-button-short-sleeve-polo-shirt	Men's Business Luxury Printed Button Short Sleeve Polo T-Shirt	"<p><strong>Description</strong><br><strong>SPU:</strong> MPO521745<br><strong>Material:</strong> Polyester<br><strong>Style:</strong> Business, Work, Sporty, Daily, College, Street, Vintage ??<br><strong>Elastic:</strong> Yes (Elastic) ?????</p> <p><em>The item does not include any accessories in the picture, unless stated otherwise in the product description.</em></p> <p><strong>Size Chart</strong></p> <table> <thead> <tr> <th>Size</th> <th>Shoulder (cm/inch)</th> <th>Bust (cm/inch)</th> <th>Sleeve Length (cm/inch)</th> <th>Clothing Length (cm/inch)</th> </tr> </thead> <tbody> <tr> <td>S</td> <td>45.0 / 17.72</td> <td>106.0 / 41.73</td> <td>20.5 / 8.07</td> <td>70.0 / 27.56</td> </tr> <tr> <td>M</td> <td>46.5 / 18.31</td> <td>112.0 / 44.09</td> <td>21.0 / 8.27</td> <td>72.0 / 28.35</td> </tr> <tr> <td>L</td> <td>48.0 / 18.90</td> <td>118.0 / 46.46</td> <td>21.5 / 8.46</td> <td>74.0 / 29.13</td> </tr> <tr> <td>XL</td> <td>49.5 / 19.49</td> <td>124.0 / 48.82</td> <td>22.0 / 8.66</td> <td>76.0 / 29.92</td> </tr> <tr> <td>2XL</td> <td>51.0 / 20.08</td> <td>132.0 / 51.97</td> <td>22.5 / 8.86</td> <td>78.0 / 30.71</td> </tr> <tr> <td>3XL</td> <td>52.5 / 20.67</td> <td>140.0 / 55.12</td> <td>23.0 / 9.06</td> <td>80.0 / 31.50</td> </tr> <tr> <td>4XL</td> <td>54.0 / 21.26</td> <td>146.0 / 57.48</td> <td>23.5 / 9.25</td> <td>82.0 / 32.28</td> </tr> <tr> <td>5XL</td> <td>55.5 / 21.85</td> <td>152.0 / 59.84</td> <td>24.0 / 9.45</td> <td>84.0 / 33.07</td> </tr> </tbody> </table> <p>This t-shirt combines a sporty, stylish look with functional comfort, ideal for various occasions like work, college, or daily wear! Featuring an elastic fit, it ensures you feel great while looking effortlessly fashionable. ??</p>"	SALE				2025-06-10T21:49:32+05:30	Size	S						0			deny	manual	99	1499		FALSE		https://cdn.shopify.com/s/files/1/0712/7485/6588/files/320ceaa9480522cc9c72e8bb0de8dd91c849087f-1200.jpg?v=1749572373	1			https://cdn.shopify.com/s/files/1/0712/7485/6588/files/320ceaa9480522cc9c72e8bb0de8dd91c849087f-1200.jpg?v=1749572373			
mens-business-luxury-printed-button-short-sleeve-polo-shirt								Size	M						0			deny	manual	99	1499		FALSE									
mens-business-luxury-printed-button-short-sleeve-polo-shirt								Size	L						0			deny	manual	99	1499		FALSE									
mens-business-luxury-printed-button-short-sleeve-polo-shirt								Size	XL						0			deny	manual	99	1499		FALSE									
mens-business-luxury-printed-button-short-sleeve-polo-shirt								Size	2XL						0			deny	manual	99	1499		FALSE									
mens-business-luxury-printed-button-short-sleeve-polo-shirt								Size	3XL						0			deny	manual	99	1499		FALSE									
mens-business-luxury-printed-button-short-sleeve-polo-shirt								Size	4XL						0			deny	manual	99	1499		FALSE									
mens-business-luxury-printed-button-short-sleeve-polo-shirt								Size	5XL						0			deny	manual	99	1499		FALSE									
mens-business-luxury-printed-button-short-sleeve-polo-shirt-1	Men's Business Luxury Printed Button Short Sleeve Polo T-Shirt	"<p><strong>Description</strong><br><strong>SPU:</strong> MPO521468<br><strong>Material:</strong> Polyester ??<br><strong>Style:</strong> Business/Work/Sporty/Daily/College/Street/Vintage ??<br><strong>Elastic:</strong> Yes (Elastic) ??</p> <p><em>The item does not include any accessories in the picture, unless stated otherwise in the product description.</em></p> <hr> <p><strong>Size Chart</strong></p> <table> <thead> <tr> <th>Size</th> <th>Shoulder (cm/inch)</th> <th>Bust (cm/inch)</th> <th>Sleeve Length (cm/inch)</th> <th>Clothing Length (cm/inch)</th> </tr> </thead> <tbody> <tr> <td>S</td> <td>45.0 / 17.72</td> <td>106.0 / 41.73</td> <td>20.5 / 8.07</td> <td>70.0 / 27.56</td> </tr> <tr> <td>M</td> <td>46.5 / 18.31</td> <td>112.0 / 44.09</td> <td>21.0 / 8.27</td> <td>72.0 / 28.35</td> </tr> <tr> <td>L</td> <td>48.0 / 18.90</td> <td>118.0 / 46.46</td> <td>21.5 / 8.46</td> <td>74.0 / 29.13</td> </tr> <tr> <td>XL</td> <td>49.5 / 19.49</td> <td>124.0 / 48.82</td> <td>22.0 / 8.66</td> <td>76.0 / 29.92</td> </tr> <tr> <td>2XL</td> <td>51.0 / 20.08</td> <td>132.0 / 51.97</td> <td>22.5 / 8.86</td> <td>78.0 / 30.71</td> </tr> <tr> <td>3XL</td> <td>52.5 / 20.67</td> <td>140.0 / 55.12</td> <td>23.0 / 9.06</td> <td>80.0 / 31.50</td> </tr> <tr> <td>4XL</td> <td>54.0 / 21.26</td> <td>146.0 / 57.48</td> <td>23.5 / 9.25</td> <td>82.0 / 32.28</td> </tr> <tr> <td>5XL</td> <td>55.5 / 21.85</td> <td>152.0 / 59.84</td> <td>24.0 / 9.45</td> <td>84.0 / 33.07</td> </tr> </tbody> </table> <p>This elastic-fit top offers versatility for business, work, or casual wear, crafted from high-quality polyester for durability and comfort. ??</p>"	SALE				2025-06-10T21:48:38+05:30	Size	S						0			deny	manual	99	1499		FALSE		https://cdn.shopify.com/s/files/1/0712/7485/6588/files/9786818fb9c1b8f61ad2a8f550044f554ac21ba2-2000.jpg?v=1749572319	1			https://cdn.shopify.com/s/files/1/0712/7485/6588/files/9786818fb9c1b8f61ad2a8f550044f554ac21ba2-2000.jpg?v=1749572319			
mens-business-luxury-printed-button-short-sleeve-polo-shirt-1								Size	M						0			deny	manual	99	1499		FALSE									
mens-business-luxury-printed-button-short-sleeve-polo-shirt-1								Size	L						0			deny	manual	99	1499		FALSE									
mens-business-luxury-printed-button-short-sleeve-polo-shirt-1								Size	XL						0			deny	manual	99	1499		FALSE									
mens-business-luxury-printed-button-short-sleeve-polo-shirt-1								Size	2XL						0			deny	manual	99	1499		FALSE									
mens-business-luxury-printed-button-short-sleeve-polo-shirt-1								Size	3XL						0			deny	manual	99	1499		FALSE									
mens-business-luxury-printed-button-short-sleeve-polo-shirt-1								Size	4XL						0			deny	manual	99	1499		FALSE									
mens-business-luxury-printed-button-short-sleeve-polo-shirt-1								Size	5XL						0			deny	manual	99	1499		FALSE									
mens-business-luxury-printed-button-short-sleeve-polo-shirt-2	Men's Business Luxury Printed Button Short Sleeve Polo T-Shirt	"<p><strong>Description</strong><br><strong>Material:</strong> Polyester<br><strong>Style:</strong> Business/Work/Sporty/Daily/College/Street/Vintage<br><strong>Elastic:</strong> Yes (Elastic)</p> <p><em>The item does not include any accessories in the picture, unless stated otherwise in the product description.</em></p> <hr> <p><strong>Size Chart</strong></p> <table> <thead> <tr> <th>Size</th> <th>Shoulder (cm/inch)</th> <th>Bust (cm/inch)</th> <th>Sleeve Length (cm/inch)</th> <th>Clothing Length (cm/inch)</th> </tr> </thead> <tbody> <tr> <td>S</td> <td>45.0 / 17.72</td> <td>106.0 / 41.73</td> <td>20.5 / 8.07</td> <td>70.0 / 27.56</td> </tr> <tr> <td>M</td> <td>46.5 / 18.31</td> <td>112.0 / 44.09</td> <td>21.0 / 8.27</td> <td>72.0 / 28.35</td> </tr> <tr> <td>L</td> <td>48.0 / 18.90</td> <td>118.0 / 46.46</td> <td>21.5 / 8.46</td> <td>74.0 / 29.13</td> </tr> <tr> <td>XL</td> <td>49.5 / 19.49</td> <td>124.0 / 48.82</td> <td>22.0 / 8.66</td> <td>76.0 / 29.92</td> </tr> <tr> <td>2XL</td> <td>51.0 / 20.08</td> <td>132.0 / 51.97</td> <td>22.5 / 8.86</td> <td>78.0 / 30.71</td> </tr> <tr> <td>3XL</td> <td>52.5 / 20.67</td> <td>140.0 / 55.12</td> <td>23.0 / 9.06</td> <td>80.0 / 31.50</td> </tr> <tr> <td>4XL</td> <td>54.0 / 21.26</td> <td>146.0 / 57.48</td> <td>23.5 / 9.25</td> <td>82.0 / 32.28</td> </tr> <tr> <td>5XL</td> <td>55.5 / 21.85</td> <td>152.0 / 59.84</td> <td>24.0 / 9.45</td> <td>84.0 / 33.07</td> </tr> </tbody> </table> <p>This versatile, elastic-fit top combines comfort and style, perfect for business, work, casual, or sporty activities.</p>"	SALE				2025-06-10T21:48:36+05:30	Size	M						0			deny	manual	99	1599		FALSE		https://cdn.shopify.com/s/files/1/0712/7485/6588/files/edf918056a2113a449d3c0be6a7d2faf78ea1cf1-1600.jpg?v=1749572317	1			https://cdn.shopify.com/s/files/1/0712/7485/6588/files/edf918056a2113a449d3c0be6a7d2faf78ea1cf1-1600.jpg?v=1749572317			
mens-business-luxury-printed-button-short-sleeve-polo-shirt-2								Size	L						0			deny	manual	99	1599		FALSE									
mens-business-luxury-printed-button-short-sleeve-polo-shirt-2								Size	XL						0			deny	manual	99	1599		FALSE									
mens-business-luxury-printed-button-short-sleeve-polo-shirt-2								Size	2XL						0			deny	manual	99	1599		FALSE									
mens-business-luxury-printed-button-short-sleeve-polo-shirt-2								Size	3XL						0			deny	manual	99	1599		FALSE									
mens-business-luxury-printed-button-short-sleeve-polo-shirt-2								Size	4XL						0			deny	manual	99	1599		FALSE									
mens-business-luxury-printed-button-short-sleeve-polo-shirt-2								Size	5XL						0			deny	manual	99	1599		FALSE									
mens-business-luxury-printed-button-short-sleeve-polo-shirt-3	Men's Business Luxury Printed Button Short Sleeve Polo T-Shirt	"<p><strong>Description</strong><br><strong>SPU:</strong> MPO521465<br><strong>Material:</strong> Polyester<br><strong>Style:</strong> Business/Work/Sporty/Daily/College/Street/Vintage<br><strong>Elastic:</strong> Yes (Elastic)</p> <p><em>The item does not include any accessories in the picture, unless stated otherwise in the product description.</em></p> <hr> <p><strong>Size Chart</strong></p> <table> <thead> <tr> <th>Size</th> <th>Shoulder (cm/inch)</th> <th>Bust (cm/inch)</th> <th>Sleeve Length (cm/inch)</th> <th>Clothing Length (cm/inch)</th> </tr> </thead> <tbody> <tr> <td>S</td> <td>45.0 / 17.72</td> <td>106.0 / 41.73</td> <td>20.5 / 8.07</td> <td>70.0 / 27.56</td> </tr> <tr> <td>M</td> <td>46.5 / 18.31</td> <td>112.0 / 44.09</td> <td>21.0 / 8.27</td> <td>72.0 / 28.35</td> </tr> <tr> <td>L</td> <td>48.0 / 18.90</td> <td>118.0 / 46.46</td> <td>21.5 / 8.46</td> <td>74.0 / 29.13</td> </tr> <tr> <td>XL</td> <td>49.5 / 19.49</td> <td>124.0 / 48.82</td> <td>22.0 / 8.66</td> <td>76.0 / 29.92</td> </tr> <tr> <td>2XL</td> <td>51.0 / 20.08</td> <td>132.0 / 51.97</td> <td>22.5 / 8.86</td> <td>78.0 / 30.71</td> </tr> <tr> <td>3XL</td> <td>52.5 / 20.67</td> <td>140.0 / 55.12</td> <td>23.0 / 9.06</td> <td>80.0 / 31.50</td> </tr> <tr> <td>4XL</td> <td>54.0 / 21.26</td> <td>146.0 / 57.48</td> <td>23.5 / 9.25</td> <td>82.0 / 32.28</td> </tr> <tr> <td>5XL</td> <td>55.5 / 21.85</td> <td>152.0 / 59.84</td> <td>24.0 / 9.45</td> <td>84.0 / 33.07</td> </tr> </tbody> </table> <p>This stylish and versatile elastic-fit top offers comfort and ease, perfect for business, work, or casual daily wear.</p>"	SALE				2025-06-10T21:48:34+05:30	Size	M						0			deny	manual	99	1599		FALSE		https://cdn.shopify.com/s/files/1/0712/7485/6588/files/b0b89fcdf7cbbd06f97cfd8c9012648d8b264077-1600.jpg?v=1749572315	1			https://cdn.shopify.com/s/files/1/0712/7485/6588/files/b0b89fcdf7cbbd06f97cfd8c9012648d8b264077-1600.jpg?v=1749572315			
mens-business-luxury-printed-button-short-sleeve-polo-shirt-3								Size	L						0			deny	manual	99	1599		FALSE									
mens-business-luxury-printed-button-short-sleeve-polo-shirt-3								Size	XL						0			deny	manual	99	1599		FALSE									
mens-business-luxury-printed-button-short-sleeve-polo-shirt-3								Size	2XL						0			deny	manual	99	1599		FALSE									
mens-business-luxury-printed-button-short-sleeve-polo-shirt-3								Size	3XL						0			deny	manual	99	1599		FALSE									
mens-business-luxury-printed-button-short-sleeve-polo-shirt-3								Size	4XL						0			deny	manual	99	1599		FALSE									
mens-business-luxury-printed-button-short-sleeve-polo-shirt-3								Size	5XL						0			deny	manual	99	1599		FALSE									
mens-business-luxury-printed-button-short-sleeve-polo-shirt-4	Men's Business Luxury Printed Button Short Sleeve Polo T-Shirt	"<p><strong>Description</strong><br><strong>SPU:</strong> MPO521464<br><strong>Material:</strong> Polyester<br><strong>Style:</strong> Business/Work/Sporty/Daily/College/Street/Vintage<br><strong>Elastic:</strong> Yes (Elastic)</p> <p><em>The item does not include any accessories in the picture, unless stated otherwise in the product description.</em></p> <hr> <p><strong>Size Chart</strong></p> <table> <thead> <tr> <th>Size</th> <th>Shoulder (cm/inch)</th> <th>Bust (cm/inch)</th> <th>Sleeve Length (cm/inch)</th> <th>Clothing Length (cm/inch)</th> </tr> </thead> <tbody> <tr> <td>S</td> <td>45.0 / 17.72</td> <td>106.0 / 41.73</td> <td>20.5 / 8.07</td> <td>70.0 / 27.56</td> </tr> <tr> <td>M</td> <td>46.5 / 18.31</td> <td>112.0 / 44.09</td> <td>21.0 / 8.27</td> <td>72.0 / 28.35</td> </tr> <tr> <td>L</td> <td>48.0 / 18.90</td> <td>118.0 / 46.46</td> <td>21.5 / 8.46</td> <td>74.0 / 29.13</td> </tr> <tr> <td>XL</td> <td>49.5 / 19.49</td> <td>124.0 / 48.82</td> <td>22.0 / 8.66</td> <td>76.0 / 29.92</td> </tr> <tr> <td>2XL</td> <td>51.0 / 20.08</td> <td>132.0 / 51.97</td> <td>22.5 / 8.86</td> <td>78.0 / 30.71</td> </tr> <tr> <td>3XL</td> <td>52.5 / 20.67</td> <td>140.0 / 55.12</td> <td>23.0 / 9.06</td> <td>80.0 / 31.50</td> </tr> <tr> <td>4XL</td> <td>54.0 / 21.26</td> <td>146.0 / 57.48</td> <td>23.5 / 9.25</td> <td>82.0 / 32.28</td> </tr> <tr> <td>5XL</td> <td>55.5 / 21.85</td> <td>152.0 / 59.84</td> <td>24.0 / 9.45</td> <td>84.0 / 33.07</td> </tr> </tbody> </table> <p>This stylish and versatile elastic-fit top offers comfort and ease, perfect for business, work, or casual daily wear. Suitable for a variety of occasions such as work, streetwear, and more.????????????</p>"	SALE				2025-06-10T21:48:31+05:30	Size	S						0			deny	manual	99	1399		FALSE		https://cdn.shopify.com/s/files/1/0712/7485/6588/files/aaa7fb9a531f0981f972404f279d9dee12a33531-1000.jpg?v=1749572313	1			https://cdn.shopify.com/s/files/1/0712/7485/6588/files/aaa7fb9a531f0981f972404f279d9dee12a33531-1000.jpg?v=1749572313			
mens-business-luxury-printed-button-short-sleeve-polo-shirt-4								Size	M						0			deny	manual	99	1399		FALSE									
mens-business-luxury-printed-button-short-sleeve-polo-shirt-4								Size	L						0			deny	manual	99	1399		FALSE									
mens-business-luxury-printed-button-short-sleeve-polo-shirt-4								Size	XL						0			deny	manual	99	1399		FALSE									
mens-business-luxury-printed-button-short-sleeve-polo-shirt-4								Size	2XL						0			deny	manual	99	1399		FALSE									
mens-business-luxury-printed-button-short-sleeve-polo-shirt-4								Size	3XL						0			deny	manual	99	1399		FALSE									
mens-business-luxury-printed-button-short-sleeve-polo-shirt-4								Size	4XL						0			deny	manual	99	1399		FALSE									
mens-business-luxury-printed-button-short-sleeve-polo-shirt-4								Size	5XL						0			deny	manual	99	1399		FALSE									
mens-business-luxury-printed-button-short-sleeve-polo-shirt-5	Men's Business Luxury Printed Button Short Sleeve Polo T-Shirt	"<p><strong>Description</strong><br><strong>Material:</strong> Polyester<br><strong>Style:</strong> Business/Work/Sporty/Daily/College/Street/Vintage<br><strong>Elastic:</strong> Yes (Elastic)</p> <p><em>The item does not include any accessories in the picture, unless stated otherwise in the product description.</em></p> <hr> <p><strong>Size Chart</strong></p> <table> <thead> <tr> <th>Size</th> <th>Shoulder (cm/inch)</th> <th>Bust (cm/inch)</th> <th>Sleeve Length (cm/inch)</th> <th>Clothing Length (cm/inch)</th> </tr> </thead> <tbody> <tr> <td>S</td> <td>45.0 / 17.72</td> <td>106.0 / 41.73</td> <td>20.5 / 8.07</td> <td>70.0 / 27.56</td> </tr> <tr> <td>M</td> <td>46.5 / 18.31</td> <td>112.0 / 44.09</td> <td>21.0 / 8.27</td> <td>72.0 / 28.35</td> </tr> <tr> <td>L</td> <td>48.0 / 18.90</td> <td>118.0 / 46.46</td> <td>21.5 / 8.46</td> <td>74.0 / 29.13</td> </tr> <tr> <td>XL</td> <td>49.5 / 19.49</td> <td>124.0 / 48.82</td> <td>22.0 / 8.66</td> <td>76.0 / 29.92</td> </tr> <tr> <td>2XL</td> <td>51.0 / 20.08</td> <td>132.0 / 51.97</td> <td>22.5 / 8.86</td> <td>78.0 / 30.71</td> </tr> <tr> <td>3XL</td> <td>52.5 / 20.67</td> <td>140.0 / 55.12</td> <td>23.0 / 9.06</td> <td>80.0 / 31.50</td> </tr> <tr> <td>4XL</td> <td>54.0 / 21.26</td> <td>146.0 / 57.48</td> <td>23.5 / 9.25</td> <td>82.0 / 32.28</td> </tr> <tr> <td>5XL</td> <td>55.5 / 21.85</td> <td>152.0 / 59.84</td> <td>24.0 / 9.45</td> <td>84.0 / 33.07</td> </tr> </tbody> </table> <p>Perfect for work, casual, or sporty looks, this elastic-fit top is both stylish and comfortable, making it versatile for various occasions. Whether you're at the office, out on the streets, or enjoying some downtime, this is a great option! ????????????</p>"	SALE				2025-06-10T21:48:29+05:30	Size	M						0			deny	manual	99	1399		FALSE		https://cdn.shopify.com/s/files/1/0712/7485/6588/files/811961043b17f53b0992a6b63774b9e2fa34f18e.jpg?v=1749572311	1			https://cdn.shopify.com/s/files/1/0712/7485/6588/files/811961043b17f53b0992a6b63774b9e2fa34f18e.jpg?v=1749572311			
mens-business-luxury-printed-button-short-sleeve-polo-shirt-5								Size	L						0			deny	manual	99	1399		FALSE									
mens-business-luxury-printed-button-short-sleeve-polo-shirt-5								Size	XL						0			deny	manual	99	1399		FALSE									
mens-business-luxury-printed-button-short-sleeve-polo-shirt-5								Size	2XL						0			deny	manual	99	1399		FALSE									
mens-business-luxury-printed-button-short-sleeve-polo-shirt-5								Size	3XL						0			deny	manual	99	1399		FALSE									
mens-business-luxury-printed-button-short-sleeve-polo-shirt-5								Size	4XL						0			deny	manual	99	1399		FALSE									
mens-business-luxury-printed-button-short-sleeve-polo-shirt-5								Size	5XL						0			deny	manual	99	1399		FALSE									
mens-business-luxury-printed-button-short-sleeve-polo-shirt-6	Men's Business Luxury Printed Button Short Sleeve Polo T-Shirt	"<p><strong>Description</strong><br><strong>SPU:</strong> MPO521732<br><strong>Material:</strong> Polyester<br><strong>Style:</strong> Business/Work/Sporty/Daily/College/Street/Vintage<br><strong>Elastic:</strong> Yes (Elastic)</p> <p><em>The item does not include any accessories in the picture, unless stated otherwise in the product description.</em></p> <hr> <p><strong>Size Chart</strong></p> <table> <thead> <tr> <th>Size</th> <th>Shoulder (cm/inch)</th> <th>Bust (cm/inch)</th> <th>Sleeve Length (cm/inch)</th> <th>Clothing Length (cm/inch)</th> </tr> </thead> <tbody> <tr> <td>S</td> <td>45.0 / 17.72</td> <td>106.0 / 41.73</td> <td>20.5 / 8.07</td> <td>70.0 / 27.56</td> </tr> <tr> <td>M</td> <td>46.5 / 18.31</td> <td>112.0 / 44.09</td> <td>21.0 / 8.27</td> <td>72.0 / 28.35</td> </tr> <tr> <td>L</td> <td>48.0 / 18.90</td> <td>118.0 / 46.46</td> <td>21.5 / 8.46</td> <td>74.0 / 29.13</td> </tr> <tr> <td>XL</td> <td>49.5 / 19.49</td> <td>124.0 / 48.82</td> <td>22.0 / 8.66</td> <td>76.0 / 29.92</td> </tr> <tr> <td>2XL</td> <td>51.0 / 20.08</td> <td>132.0 / 51.97</td> <td>22.5 / 8.86</td> <td>78.0 / 30.71</td> </tr> <tr> <td>3XL</td> <td>52.5 / 20.67</td> <td>140.0 / 55.12</td> <td>23.0 / 9.06</td> <td>80.0 / 31.50</td> </tr> <tr> <td>4XL</td> <td>54.0 / 21.26</td> <td>146.0 / 57.48</td> <td>23.5 / 9.25</td> <td>82.0 / 32.28</td> </tr> <tr> <td>5XL</td> <td>55.5 / 21.85</td> <td>152.0 / 59.84</td> <td>24.0 / 9.45</td> <td>84.0 / 33.07</td> </tr> </tbody> </table> <p>Versatile for business, work, casual wear, or street style, this elastic-fit top offers comfort and ease with its great fit! ????????????</p>"	SALE				2025-06-10T21:48:27+05:30	Size	M						0			deny	manual	99	1399		FALSE		https://cdn.shopify.com/s/files/1/0712/7485/6588/files/8cb57a2afdb4f04b1956f1281701679f7ce3e6d4_1.jpg?v=1749572309	1			https://cdn.shopify.com/s/files/1/0712/7485/6588/files/8cb57a2afdb4f04b1956f1281701679f7ce3e6d4_1.jpg?v=1749572309			
mens-business-luxury-printed-button-short-sleeve-polo-shirt-6								Size	L						0			deny	manual	99	1399		FALSE									
mens-business-luxury-printed-button-short-sleeve-polo-shirt-6								Size	XL						0			deny	manual	99	1399		FALSE									
mens-business-luxury-printed-button-short-sleeve-polo-shirt-6								Size	2XL						0			deny	manual	99	1399		FALSE									
mens-business-luxury-printed-button-short-sleeve-polo-shirt-6								Size	3XL						0			deny	manual	99	1399		FALSE									
mens-business-luxury-printed-button-short-sleeve-polo-shirt-6								Size	4XL						0			deny	manual	99	1399		FALSE									
mens-business-luxury-printed-button-short-sleeve-polo-shirt-6								Size	5XL						0			deny	manual	99	1399		FALSE									
mens-business-luxury-printed-button-short-sleeve-polo-shirt-7	Men's Business Luxury Printed Button Short Sleeve Polo T-Shirt	"<p><strong>Description</strong><br><strong>SPU:</strong> MPO521739<br><strong>Material:</strong> Polyester<br><strong>Style:</strong> Business/Work/Sporty/Daily/College/Street/Vintage<br><strong>Elastic:</strong> Yes (Elastic)</p> <p><em>The item does not include any accessories in the picture, unless stated otherwise in the product description.</em></p> <hr> <p><strong>Size Chart</strong></p> <table> <thead> <tr> <th>Size</th> <th>Shoulder (cm/inch)</th> <th>Bust (cm/inch)</th> <th>Sleeve Length (cm/inch)</th> <th>Clothing Length (cm/inch)</th> </tr> </thead> <tbody> <tr> <td>S</td> <td>45.0 / 17.72</td> <td>106.0 / 41.73</td> <td>20.5 / 8.07</td> <td>70.0 / 27.56</td> </tr> <tr> <td>M</td> <td>46.5 / 18.31</td> <td>112.0 / 44.09</td> <td>21.0 / 8.27</td> <td>72.0 / 28.35</td> </tr> <tr> <td>L</td> <td>48.0 / 18.90</td> <td>118.0 / 46.46</td> <td>21.5 / 8.46</td> <td>74.0 / 29.13</td> </tr> <tr> <td>XL</td> <td>49.5 / 19.49</td> <td>124.0 / 48.82</td> <td>22.0 / 8.66</td> <td>76.0 / 29.92</td> </tr> <tr> <td>2XL</td> <td>51.0 / 20.08</td> <td>132.0 / 51.97</td> <td>22.5 / 8.86</td> <td>78.0 / 30.71</td> </tr> <tr> <td>3XL</td> <td>52.5 / 20.67</td> <td>140.0 / 55.12</td> <td>23.0 / 9.06</td> <td>80.0 / 31.50</td> </tr> <tr> <td>4XL</td> <td>54.0 / 21.26</td> <td>146.0 / 57.48</td> <td>23.5 / 9.25</td> <td>82.0 / 32.28</td> </tr> <tr> <td>5XL</td> <td>55.5 / 21.85</td> <td>152.0 / 59.84</td> <td>24.0 / 9.45</td> <td>84.0 / 33.07</td> </tr> </tbody> </table> <p>A perfect fit for business, casual, or sporty occasions, this polyester top provides great comfort and an elastic fit. Ideal for both workwear or street style. ?????????</p>"	SALE				2025-06-10T21:48:25+05:30	Size	S						0			deny	manual	99	1399		FALSE		https://cdn.shopify.com/s/files/1/0712/7485/6588/files/33ceb6328c825acaab5cde7960def0dbf98ad493-1600.jpg?v=1749572306	1			https://cdn.shopify.com/s/files/1/0712/7485/6588/files/33ceb6328c825acaab5cde7960def0dbf98ad493-1600.jpg?v=1749572306			
mens-business-luxury-printed-button-short-sleeve-polo-shirt-7								Size	M						0			deny	manual	99	1399		FALSE									
mens-business-luxury-printed-button-short-sleeve-polo-shirt-7								Size	L						0			deny	manual	99	1399		FALSE									
mens-business-luxury-printed-button-short-sleeve-polo-shirt-7								Size	XL						0			deny	manual	99	1399		FALSE									
mens-business-luxury-printed-button-short-sleeve-polo-shirt-7								Size	2XL						0			deny	manual	99	1399		FALSE									
mens-business-luxury-printed-button-short-sleeve-polo-shirt-7								Size	3XL						0			deny	manual	99	1399		FALSE									
mens-business-luxury-printed-button-short-sleeve-polo-shirt-7								Size	4XL						0			deny	manual	99	1399		FALSE									
mens-business-luxury-printed-button-short-sleeve-polo-shirt-7								Size	5XL						0			deny	manual	99	1399		FALSE									
mens-business-luxury-printed-button-short-sleeve-polo-shirt-8	Men's Business Luxury Printed Button Short Sleeve Polo T-Shirt	"<p><strong>Description</strong><br><strong>Material:</strong> Polyester<br><strong>Style:</strong> Business/Work/Sporty/Daily/College/Street/Vintage<br><strong>Elastic:</strong> Yes (Elastic)</p> <p><em>The item does not include any accessories in the picture, unless stated otherwise in the product description.</em></p> <hr> <p><strong>Size Chart</strong></p> <table> <thead> <tr> <th>Size</th> <th>Shoulder (cm/inch)</th> <th>Bust (cm/inch)</th> <th>Sleeve Length (cm/inch)</th> <th>Clothing Length (cm/inch)</th> </tr> </thead> <tbody> <tr> <td>S</td> <td>45.0 / 17.72</td> <td>106.0 / 41.73</td> <td>20.5 / 8.07</td> <td>70.0 / 27.56</td> </tr> <tr> <td>M</td> <td>46.5 / 18.31</td> <td>112.0 / 44.09</td> <td>21.0 / 8.27</td> <td>72.0 / 28.35</td> </tr> <tr> <td>L</td> <td>48.0 / 18.90</td> <td>118.0 / 46.46</td> <td>21.5 / 8.46</td> <td>74.0 / 29.13</td> </tr> <tr> <td>XL</td> <td>49.5 / 19.49</td> <td>124.0 / 48.82</td> <td>22.0 / 8.66</td> <td>76.0 / 29.92</td> </tr> <tr> <td>2XL</td> <td>51.0 / 20.08</td> <td>132.0 / 51.97</td> <td>22.5 / 8.86</td> <td>78.0 / 30.71</td> </tr> <tr> <td>3XL</td> <td>52.5 / 20.67</td> <td>140.0 / 55.12</td> <td>23.0 / 9.06</td> <td>80.0 / 31.50</td> </tr> <tr> <td>4XL</td> <td>54.0 / 21.26</td> <td>146.0 / 57.48</td> <td>23.5 / 9.25</td> <td>82.0 / 32.28</td> </tr> <tr> <td>5XL</td> <td>55.5 / 21.85</td> <td>152.0 / 59.84</td> <td>24.0 / 9.45</td> <td>84.0 / 33.07</td> </tr> </tbody> </table> <p>A perfect fit for business meetings, casual outings, or sporty days out. This stylish polyester top offers comfort, class, and elasticity, making it a great addition to any wardrobe. ???????????</p>"	SALE				2025-06-10T21:48:23+05:30	Size	M						0			deny	manual	99	1399		FALSE		https://cdn.shopify.com/s/files/1/0712/7485/6588/files/d0c0c70e50c0d2d9d503c113c922cb8474351f23-1200.jpg?v=1749572305	1			https://cdn.shopify.com/s/files/1/0712/7485/6588/files/d0c0c70e50c0d2d9d503c113c922cb8474351f23-1200.jpg?v=1749572305			
mens-business-luxury-printed-button-short-sleeve-polo-shirt-8								Size	L						0			deny	manual	99	1399		FALSE									
mens-business-luxury-printed-button-short-sleeve-polo-shirt-8								Size	XL						0			deny	manual	99	1399		FALSE									
mens-business-luxury-printed-button-short-sleeve-polo-shirt-8								Size	2XL						0			deny	manual	99	1399		FALSE									
mens-business-luxury-printed-button-short-sleeve-polo-shirt-8								Size	3XL						0			deny	manual	99	1399		FALSE									
mens-business-luxury-printed-button-short-sleeve-polo-shirt-8								Size	4XL						0			deny	manual	99	1399		FALSE									
mens-business-luxury-printed-button-short-sleeve-polo-shirt-8								Size	5XL						0			deny	manual	99	1399		FALSE									
mens-business-luxury-printed-button-short-sleeve-polo-shirt-9	Men's Business Luxury Printed Button Short Sleeve Polo T-Shirt	"<p><strong>Description</strong><br><strong>SPU:</strong> MPO521734<br><strong>Material:</strong> Polyester<br><strong>Style:</strong> Business/Work/Sporty/Daily/College/Street/Vintage<br><strong>Elastic:</strong> Yes (Elastic)</p> <p><em>The item does not include any accessories in the picture, unless stated otherwise in the product description.</em></p> <hr> <p><strong>Size Chart</strong></p> <table> <thead> <tr> <th>Size</th> <th>Shoulder (cm/inch)</th> <th>Bust (cm/inch)</th> <th>Sleeve Length (cm/inch)</th> <th>Clothing Length (cm/inch)</th> </tr> </thead> <tbody> <tr> <td>S</td> <td>45.0 / 17.72</td> <td>106.0 / 41.73</td> <td>20.5 / 8.07</td> <td>70.0 / 27.56</td> </tr> <tr> <td>M</td> <td>46.5 / 18.31</td> <td>112.0 / 44.09</td> <td>21.0 / 8.27</td> <td>72.0 / 28.35</td> </tr> <tr> <td>L</td> <td>48.0 / 18.90</td> <td>118.0 / 46.46</td> <td>21.5 / 8.46</td> <td>74.0 / 29.13</td> </tr> <tr> <td>XL</td> <td>49.5 / 19.49</td> <td>124.0 / 48.82</td> <td>22.0 / 8.66</td> <td>76.0 / 29.92</td> </tr> <tr> <td>2XL</td> <td>51.0 / 20.08</td> <td>132.0 / 51.97</td> <td>22.5 / 8.86</td> <td>78.0 / 30.71</td> </tr> <tr> <td>3XL</td> <td>52.5 / 20.67</td> <td>140.0 / 55.12</td> <td>23.0 / 9.06</td> <td>80.0 / 31.50</td> </tr> <tr> <td>4XL</td> <td>54.0 / 21.26</td> <td>146.0 / 57.48</td> <td>23.5 / 9.25</td> <td>82.0 / 32.28</td> </tr> <tr> <td>5XL</td> <td>55.5 / 21.85</td> <td>152.0 / 59.84</td> <td>24.0 / 9.45</td> <td>84.0 / 33.07</td> </tr> </tbody> </table> <p>Stylish, comfortable, and stretchy — perfect for any occasion, whether at work, school, or on the go. A versatile polyester option to elevate your wardrobe! ????????????</p>"	SALE				2025-06-10T21:48:21+05:30	Size	M						0			deny	manual	99	1499		FALSE		https://cdn.shopify.com/s/files/1/0712/7485/6588/files/6a5331a82cd024c45080dfadb2ecc9945ba2feb9-1600.jpg?v=1749572303	1			https://cdn.shopify.com/s/files/1/0712/7485/6588/files/6a5331a82cd024c45080dfadb2ecc9945ba2feb9-1600.jpg?v=1749572303			
mens-business-luxury-printed-button-short-sleeve-polo-shirt-9								Size	L						0			deny	manual	99	1499		FALSE									
mens-business-luxury-printed-button-short-sleeve-polo-shirt-9								Size	XL						0			deny	manual	99	1499		FALSE									
mens-business-luxury-printed-button-short-sleeve-polo-shirt-9								Size	2XL						0			deny	manual	99	1499		FALSE									
mens-business-luxury-printed-button-short-sleeve-polo-shirt-9								Size	3XL						0			deny	manual	99	1499		FALSE									
mens-business-luxury-printed-button-short-sleeve-polo-shirt-9								Size	4XL						0			deny	manual	99	1499		FALSE									
mens-business-luxury-printed-button-short-sleeve-polo-shirt-9								Size	5XL						0			deny	manual	99	1499		FALSE									
mens-business-luxury-printed-button-short-sleeve-polo-shirt-10	Men's Business Luxury Printed Button Short Sleeve Polo T-Shirt	"<p><strong>Description</strong><br><strong>SPU:</strong> MPO521737<br><strong>Material:</strong> Polyester<br><strong>Style:</strong> Business/Work/Sporty/Daily/College/Street/Vintage<br><strong>Elastic:</strong> Yes (Elastic)</p> <p><em>The item does not include any accessories in the picture, unless stated otherwise in the product description.</em></p> <hr> <p><strong>Size Chart</strong></p> <table> <thead> <tr> <th>Size</th> <th>Shoulder (cm/inch)</th> <th>Bust (cm/inch)</th> <th>Sleeve Length (cm/inch)</th> <th>Clothing Length (cm/inch)</th> </tr> </thead> <tbody> <tr> <td>S</td> <td>45.0 / 17.72</td> <td>106.0 / 41.73</td> <td>20.5 / 8.07</td> <td>70.0 / 27.56</td> </tr> <tr> <td>M</td> <td>46.5 / 18.31</td> <td>112.0 / 44.09</td> <td>21.0 / 8.27</td> <td>72.0 / 28.35</td> </tr> <tr> <td>L</td> <td>48.0 / 18.90</td> <td>118.0 / 46.46</td> <td>21.5 / 8.46</td> <td>74.0 / 29.13</td> </tr> <tr> <td>XL</td> <td>49.5 / 19.49</td> <td>124.0 / 48.82</td> <td>22.0 / 8.66</td> <td>76.0 / 29.92</td> </tr> <tr> <td>2XL</td> <td>51.0 / 20.08</td> <td>132.0 / 51.97</td> <td>22.5 / 8.86</td> <td>78.0 / 30.71</td> </tr> <tr> <td>3XL</td> <td>52.5 / 20.67</td> <td>140.0 / 55.12</td> <td>23.0 / 9.06</td> <td>80.0 / 31.50</td> </tr> <tr> <td>4XL</td> <td>54.0 / 21.26</td> <td>146.0 / 57.48</td> <td>23.5 / 9.25</td> <td>82.0 / 32.28</td> </tr> <tr> <td>5XL</td> <td>55.5 / 21.85</td> <td>152.0 / 59.84</td> <td>24.0 / 9.45</td> <td>84.0 / 33.07</td> </tr> </tbody> </table> <p>Ideal for work or casual days, this elastic, polyester top ensures a comfortable fit while adding a touch of style. Perfect for your business, sporty, or streetwear look. ???????????</p>"	SALE				2025-06-10T21:48:19+05:30	Size	M						0			deny	manual	99	1499		FALSE		https://cdn.shopify.com/s/files/1/0712/7485/6588/files/1e911048c63f287671ece03597467628ae7be401-1600.jpg?v=1749572300	1			https://cdn.shopify.com/s/files/1/0712/7485/6588/files/1e911048c63f287671ece03597467628ae7be401-1600.jpg?v=1749572300			
mens-business-luxury-printed-button-short-sleeve-polo-shirt-10								Size	L						0			deny	manual	99	1499		FALSE									
mens-business-luxury-printed-button-short-sleeve-polo-shirt-10								Size	XL						0			deny	manual	99	1499		FALSE									
mens-business-luxury-printed-button-short-sleeve-polo-shirt-10								Size	2XL						0			deny	manual	99	1499		FALSE									
mens-business-luxury-printed-button-short-sleeve-polo-shirt-10								Size	3XL						0			deny	manual	99	1499		FALSE									
mens-business-luxury-printed-button-short-sleeve-polo-shirt-10								Size	4XL						0			deny	manual	99	1499		FALSE									
mens-business-luxury-printed-button-short-sleeve-polo-shirt-10								Size	5XL						0			deny	manual	99	1499		FALSE									
mens-business-luxury-printed-button-short-sleeve-polo-t-shirt	Men's Business Luxury Printed Button Short Sleeve Polo T-Shirt	"<p><strong>Description</strong><br><strong>SPU:</strong> MPO521744<br><strong>Material:</strong> Polyester<br><strong>Style:</strong> Business/Work/Sporty/Daily/College/Street/Vintage<br><strong>Elastic:</strong> Yes (Elastic)</p> <p><em>The item does not include any accessories in the picture, unless stated otherwise in the product description.</em></p> <hr> <p><strong>Size Chart</strong></p> <table> <thead> <tr> <th>Size</th> <th>Shoulder (cm/inch)</th> <th>Bust (cm/inch)</th> <th>Sleeve Length (cm/inch)</th> <th>Clothing Length (cm/inch)</th> </tr> </thead> <tbody> <tr> <td>S</td> <td>45.0 / 17.72</td> <td>106.0 / 41.73</td> <td>20.5 / 8.07</td> <td>70.0 / 27.56</td> </tr> <tr> <td>M</td> <td>46.5 / 18.31</td> <td>112.0 / 44.09</td> <td>21.0 / 8.27</td> <td>72.0 / 28.35</td> </tr> <tr> <td>L</td> <td>48.0 / 18.90</td> <td>118.0 / 46.46</td> <td>21.5 / 8.46</td> <td>74.0 / 29.13</td> </tr> <tr> <td>XL</td> <td>49.5 / 19.49</td> <td>124.0 / 48.82</td> <td>22.0 / 8.66</td> <td>76.0 / 29.92</td> </tr> <tr> <td>2XL</td> <td>51.0 / 20.08</td> <td>132.0 / 51.97</td> <td>22.5 / 8.86</td> <td>78.0 / 30.71</td> </tr> <tr> <td>3XL</td> <td>52.5 / 20.67</td> <td>140.0 / 55.12</td> <td>23.0 / 9.06</td> <td>80.0 / 31.50</td> </tr> <tr> <td>4XL</td> <td>54.0 / 21.26</td> <td>146.0 / 57.48</td> <td>23.5 / 9.25</td> <td>82.0 / 32.28</td> </tr> <tr> <td>5XL</td> <td>55.5 / 21.85</td> <td>152.0 / 59.84</td> <td>24.0 / 9.45</td> <td>84.0 / 33.07</td> </tr> </tbody> </table> <p>Perfect for a variety of occasions, from business meetings to casual outings, this polyester shirt provides comfort and style with its elastic fabric. ?????????</p>"	SALE				2025-06-10T21:48:17+05:30	Size	M						0			deny	manual	99	1599		FALSE		https://cdn.shopify.com/s/files/1/0712/7485/6588/files/6b65a8a200ed7c75c0bc48ac0566d2b43d55f20a-2000.jpg?v=1749572298	1			https://cdn.shopify.com/s/files/1/0712/7485/6588/files/6b65a8a200ed7c75c0bc48ac0566d2b43d55f20a-2000.jpg?v=1749572298			
mens-business-luxury-printed-button-short-sleeve-polo-t-shirt								Size	L						0			deny	manual	99	1599		FALSE									
mens-business-luxury-printed-button-short-sleeve-polo-t-shirt								Size	XL						0			deny	manual	99	1599		FALSE									
mens-business-luxury-printed-button-short-sleeve-polo-t-shirt								Size	2XL						0			deny	manual	99	1599		FALSE									
mens-business-luxury-printed-button-short-sleeve-polo-t-shirt								Size	3XL						0			deny	manual	99	1599		FALSE									
mens-business-luxury-printed-button-short-sleeve-polo-t-shirt								Size	4XL						0			deny	manual	99	1599		FALSE									
mens-business-luxury-printed-button-short-sleeve-polo-t-shirt								Size	5XL						0			deny	manual	99	1599		FALSE									
mens-business-stripe-logo-button-down-short-sleeve-polo-shirt	Men's Business Stripe Logo Button-Down Short Sleeve Polo T-Shirt	"<p><strong>Description</strong><br><strong>SPU:</strong> MPO507446<br><strong>Material:</strong> Polyester<br><strong>Style:</strong> Business, Work, Sporty, Daily, Street ???????<br><strong>Pattern Type:</strong> Striped, Letter ??<br><strong>Elastic:</strong> Yes (Elastic) ??</p> <p><em>The item does not include any accessories in the picture, unless stated otherwise in the product description.</em></p> <hr> <p><strong>Size Chart</strong></p> <table> <thead> <tr> <th>Size</th> <th>Shoulder (cm/inch)</th> <th>Bust (cm/inch)</th> <th>Sleeve Length (cm/inch)</th> <th>Clothing Length (cm/inch)</th> </tr> </thead> <tbody> <tr> <td>S</td> <td>45.0 / 17.72</td> <td>106.0 / 41.73</td> <td>20.5 / 8.07</td> <td>70.0 / 27.56</td> </tr> <tr> <td>M</td> <td>46.5 / 18.31</td> <td>112.0 / 44.09</td> <td>21.0 / 8.27</td> <td>72.0 / 28.35</td> </tr> <tr> <td>L</td> <td>48.0 / 18.90</td> <td>118.0 / 46.46</td> <td>21.5 / 8.46</td> <td>74.0 / 29.13</td> </tr> <tr> <td>XL</td> <td>49.5 / 19.49</td> <td>124.0 / 48.82</td> <td>22.0 / 8.66</td> <td>76.0 / 29.92</td> </tr> <tr> <td>2XL</td> <td>51.0 / 20.08</td> <td>132.0 / 51.97</td> <td>22.5 / 8.86</td> <td>78.0 / 30.71</td> </tr> <tr> <td>3XL</td> <td>52.5 / 20.67</td> <td>140.0 / 55.12</td> <td>23.0 / 9.06</td> <td>80.0 / 31.50</td> </tr> <tr> <td>4XL</td> <td>54.0 / 21.26</td> <td>146.0 / 57.48</td> <td>23.5 / 9.25</td> <td>82.0 / 32.28</td> </tr> <tr> <td>5XL</td> <td>55.5 / 21.85</td> <td>152.0 / 59.84</td> <td>24.0 / 9.45</td> <td>84.0 / 33.07</td> </tr> </tbody> </table> <p>This striped and letter-patterned t-shirt is designed with elastic fabric to ensure comfort and flexibility. Ideal for business, work, or casual street style, this shirt provides a sporty yet refined look for any occasion. Stylish and versatile, it’s a must-have for any wardrobe.</p>"	SALE				2025-06-10T21:49:27+05:30	Size	M						0			deny	manual	99			FALSE		https://cdn.shopify.com/s/files/1/0712/7485/6588/files/da99f7d9f0cf4cb20f499c7398b51b7da35f30c5-900.jpg?v=1749572368	1			https://cdn.shopify.com/s/files/1/0712/7485/6588/files/da99f7d9f0cf4cb20f499c7398b51b7da35f30c5-900.jpg?v=1749572368			
mens-business-stripe-logo-button-down-short-sleeve-polo-shirt								Size	L						0			deny	manual	99			FALSE									
mens-business-stripe-logo-button-down-short-sleeve-polo-shirt								Size	XL						0			deny	manual	99			FALSE									
mens-business-stripe-logo-button-down-short-sleeve-polo-shirt								Size	2XL						0			deny	manual	99			FALSE									
mens-business-stripe-logo-button-down-short-sleeve-polo-shirt								Size	3XL						0			deny	manual	99			FALSE									
mens-business-stripe-logo-button-down-short-sleeve-polo-shirt								Size	4XL						0			deny	manual	99			FALSE									
mens-business-stripe-logo-button-down-short-sleeve-polo-shirt								Size	5XL						0			deny	manual	99			FALSE									
mens-business-stripe-logo-button-down-short-sleeve-polo-shirt-1	Men's Business Stripe Logo Button-Down Short Sleeve Polo T-Shirt	"<p><strong>Description</strong><br><strong>Material:</strong> Polyester<br><strong>Style:</strong> Business, Work, Sporty, Daily, Street ???????<br><strong>Pattern Type:</strong> Striped, Letter ??<br><strong>Elastic:</strong> Yes (Elastic) ??</p> <p><em>The item does not include any accessories in the picture, unless stated otherwise in the product description.</em></p> <hr> <p><strong>Size Chart</strong></p> <table> <thead> <tr> <th>Size</th> <th>Shoulder (cm/inch)</th> <th>Bust (cm/inch)</th> <th>Sleeve Length (cm/inch)</th> <th>Clothing Length (cm/inch)</th> </tr> </thead> <tbody> <tr> <td>S</td> <td>45.0 / 17.72</td> <td>106.0 / 41.73</td> <td>20.5 / 8.07</td> <td>70.0 / 27.56</td> </tr> <tr> <td>M</td> <td>46.5 / 18.31</td> <td>112.0 / 44.09</td> <td>21.0 / 8.27</td> <td>72.0 / 28.35</td> </tr> <tr> <td>L</td> <td>48.0 / 18.90</td> <td>118.0 / 46.46</td> <td>21.5 / 8.46</td> <td>74.0 / 29.13</td> </tr> <tr> <td>XL</td> <td>49.5 / 19.49</td> <td>124.0 / 48.82</td> <td>22.0 / 8.66</td> <td>76.0 / 29.92</td> </tr> <tr> <td>2XL</td> <td>51.0 / 20.08</td> <td>132.0 / 51.97</td> <td>22.5 / 8.86</td> <td>78.0 / 30.71</td> </tr> <tr> <td>3XL</td> <td>52.5 / 20.67</td> <td>140.0 / 55.12</td> <td>23.0 / 9.06</td> <td>80.0 / 31.50</td> </tr> <tr> <td>4XL</td> <td>54.0 / 21.26</td> <td>146.0 / 57.48</td> <td>23.5 / 9.25</td> <td>82.0 / 32.28</td> </tr> <tr> <td>5XL</td> <td>55.5 / 21.85</td> <td>152.0 / 59.84</td> <td>24.0 / 9.45</td> <td>84.0 / 33.07</td> </tr> </tbody> </table> <p>This polyester shirt, with its striped and letter print design, is perfect for casual, street, or business looks. With elastic material ensuring flexibility and comfort, it’s great for all-day wear and various activities. Ideal for those who value both style and practicality.</p>"	SALE				2025-06-10T21:49:25+05:30	Size	M						0			deny	manual	99	1599		FALSE		https://cdn.shopify.com/s/files/1/0712/7485/6588/files/66a9d70a4d0b87f55f6b8ef38f2e057721afc132-2000.jpg?v=1749572366	1			https://cdn.shopify.com/s/files/1/0712/7485/6588/files/66a9d70a4d0b87f55f6b8ef38f2e057721afc132-2000.jpg?v=1749572366			
mens-business-stripe-logo-button-down-short-sleeve-polo-shirt-1								Size	L						0			deny	manual	99	1599		FALSE									
mens-business-stripe-logo-button-down-short-sleeve-polo-shirt-1								Size	XL						0			deny	manual	99	1599		FALSE									
mens-business-stripe-logo-button-down-short-sleeve-polo-shirt-1								Size	2XL						0			deny	manual	99	1599		FALSE									
mens-business-stripe-logo-button-down-short-sleeve-polo-shirt-1								Size	3XL						0			deny	manual	99	1599		FALSE									
mens-business-stripe-logo-button-down-short-sleeve-polo-shirt-1								Size	4XL						0			deny	manual	99	1599		FALSE									
mens-business-stripe-logo-button-down-short-sleeve-polo-shirt-1								Size	5XL						0			deny	manual	99	1599		FALSE									
mens-business-stripe-logo-button-down-short-sleeve-polo-shirt-2	Men's Business Stripe Logo Button-Down Short Sleeve Polo T-Shirt	"<p><strong>Description</strong><br><strong>Material:</strong> Polyester<br><strong>Style:</strong> Business, Work, Sporty, Daily, Street ?????????<br><strong>Pattern Type:</strong> Striped, Letter ??<br><strong>Elastic:</strong> Yes (Elastic) ??</p> <p><em>The item does not include any accessories in the picture, unless stated otherwise in the product description.</em></p> <hr> <p><strong>Size Chart</strong></p> <table> <thead> <tr> <th>Size</th> <th>Shoulder (cm/inch)</th> <th>Bust (cm/inch)</th> <th>Sleeve Length (cm/inch)</th> <th>Clothing Length (cm/inch)</th> </tr> </thead> <tbody> <tr> <td>S</td> <td>45.0 / 17.72</td> <td>106.0 / 41.73</td> <td>20.5 / 8.07</td> <td>70.0 / 27.56</td> </tr> <tr> <td>M</td> <td>46.5 / 18.31</td> <td>112.0 / 44.09</td> <td>21.0 / 8.27</td> <td>72.0 / 28.35</td> </tr> <tr> <td>L</td> <td>48.0 / 18.90</td> <td>118.0 / 46.46</td> <td>21.5 / 8.46</td> <td>74.0 / 29.13</td> </tr> <tr> <td>XL</td> <td>49.5 / 19.49</td> <td>124.0 / 48.82</td> <td>22.0 / 8.66</td> <td>76.0 / 29.92</td> </tr> <tr> <td>2XL</td> <td>51.0 / 20.08</td> <td>132.0 / 51.97</td> <td>22.5 / 8.86</td> <td>78.0 / 30.71</td> </tr> <tr> <td>3XL</td> <td>52.5 / 20.67</td> <td>140.0 / 55.12</td> <td>23.0 / 9.06</td> <td>80.0 / 31.50</td> </tr> <tr> <td>4XL</td> <td>54.0 / 21.26</td> <td>146.0 / 57.48</td> <td>23.5 / 9.25</td> <td>82.0 / 32.28</td> </tr> <tr> <td>5XL</td> <td>55.5 / 21.85</td> <td>152.0 / 59.84</td> <td>24.0 / 9.45</td> <td>84.0 / 33.07</td> </tr> </tbody> </table> <p>This stylish polyester top offers a sleek striped and letter design, perfect for any business, work, or casual street look. The elastic material ensures comfort and flexibility, making it a great choice for both daily wear and active days.</p>"	SALE				2025-06-10T21:49:18+05:30	Size	M						0			deny	manual	99	1399		FALSE		https://cdn.shopify.com/s/files/1/0712/7485/6588/files/76758ec89764f801cf3fddb4a9f404d989f4955c-1000.jpg?v=1749572359	1			https://cdn.shopify.com/s/files/1/0712/7485/6588/files/76758ec89764f801cf3fddb4a9f404d989f4955c-1000.jpg?v=1749572359			
mens-business-stripe-logo-button-down-short-sleeve-polo-shirt-2								Size	L						0			deny	manual	99	1399		FALSE									
mens-business-stripe-logo-button-down-short-sleeve-polo-shirt-2								Size	XL						0			deny	manual	99	1399		FALSE									
mens-business-stripe-logo-button-down-short-sleeve-polo-shirt-2								Size	2XL						0			deny	manual	99	1399		FALSE									
mens-business-stripe-logo-button-down-short-sleeve-polo-shirt-2								Size	3XL						0			deny	manual	99	1399		FALSE									
mens-business-stripe-logo-button-down-short-sleeve-polo-shirt-2								Size	4XL						0			deny	manual	99	1399		FALSE									
mens-business-stripe-logo-button-down-short-sleeve-polo-shirt-2								Size	5XL						0			deny	manual	99	1399		FALSE									
mens-business-stripe-logo-button-down-short-sleeve-polo-shirt-3	Men's Business Stripe Logo Button-Down Short Sleeve Polo T-Shirt	"<p><strong>Description</strong><br><strong>SPU:</strong> MPO513606<br><strong>Material:</strong> Polyester ??<br><strong>Style:</strong> Business/Work/Sporty/Daily/College/Street/Vintage ??<br><strong>Pattern Type:</strong> Striped/Letter ??<br><strong>Elastic:</strong> Yes (Elastic) ??</p> <p><em>The item does not include any accessories in the picture, unless stated otherwise in the product description.</em></p> <hr> <p><strong>Size Chart</strong></p> <table> <thead> <tr> <th>Size</th> <th>Shoulder (cm/inch)</th> <th>Bust (cm/inch)</th> <th>Sleeve Length (cm/inch)</th> <th>Clothing Length (cm/inch)</th> </tr> </thead> <tbody> <tr> <td>S</td> <td>45.0 / 17.72</td> <td>106.0 / 41.73</td> <td>20.5 / 8.07</td> <td>70.0 / 27.56</td> </tr> <tr> <td>M</td> <td>46.5 / 18.31</td> <td>112.0 / 44.09</td> <td>21.0 / 8.27</td> <td>72.0 / 28.35</td> </tr> <tr> <td>L</td> <td>48.0 / 18.90</td> <td>118.0 / 46.46</td> <td>21.5 / 8.46</td> <td>74.0 / 29.13</td> </tr> <tr> <td>XL</td> <td>49.5 / 19.49</td> <td>124.0 / 48.82</td> <td>22.0 / 8.66</td> <td>76.0 / 29.92</td> </tr> <tr> <td>2XL</td> <td>51.0 / 20.08</td> <td>132.0 / 51.97</td> <td>22.5 / 8.86</td> <td>78.0 / 30.71</td> </tr> <tr> <td>3XL</td> <td>52.5 / 20.67</td> <td>140.0 / 55.12</td> <td>23.0 / 9.06</td> <td>80.0 / 31.50</td> </tr> <tr> <td>4XL</td> <td>54.0 / 21.26</td> <td>146.0 / 57.48</td> <td>23.5 / 9.25</td> <td>82.0 / 32.28</td> </tr> <tr> <td>5XL</td> <td>55.5 / 21.85</td> <td>152.0 / 59.84</td> <td>24.0 / 9.45</td> <td>84.0 / 33.07</td> </tr> </tbody> </table> <p>This top features a stylish striped and letter design, perfect for daily wear and work settings. Comfortable fit with elastic for extra stretch! ?</p>"	SALE				2025-06-10T21:48:46+05:30	Size	S						0			deny	manual	99	1399		TRUE		https://cdn.shopify.com/s/files/1/0712/7485/6588/files/e972427097ea216534221c98a62d70603ceabc71-1100.jpg?v=1749572327	1			https://cdn.shopify.com/s/files/1/0712/7485/6588/files/e972427097ea216534221c98a62d70603ceabc71-1100.jpg?v=1749572327			
mens-business-stripe-logo-button-down-short-sleeve-polo-shirt-3								Size	M						0			deny	manual	99	1399		TRUE									
mens-business-stripe-logo-button-down-short-sleeve-polo-shirt-3								Size	L						0			deny	manual	99	1399		TRUE									
mens-business-stripe-logo-button-down-short-sleeve-polo-shirt-3								Size	XL						0			deny	manual	99	1399		TRUE									
mens-business-stripe-logo-button-down-short-sleeve-polo-shirt-3								Size	2XL						0			deny	manual	99	1399		TRUE									
mens-business-stripe-logo-button-down-short-sleeve-polo-shirt-3								Size	3XL						0			deny	manual	99	1399		TRUE									
mens-business-stripe-logo-button-down-short-sleeve-polo-shirt-3								Size	4XL						0			deny	manual	99	1399		TRUE									
mens-business-stripe-logo-button-down-short-sleeve-polo-shirt-3								Size	5XL						0			deny	manual	99	1399		TRUE									
mens-business-stripe-logo-button-down-short-sleeve-polo-shirt-4	Men's Business Stripe Logo Button-Down Short Sleeve Polo T-Shirt	"<p><strong>Description</strong><br><strong>SPU:</strong> MPO513607<br><strong>Material:</strong> Polyester ??<br><strong>Style:</strong> Business/Work/Sporty/Daily/College/Street/Vintage ??<br><strong>Pattern Type:</strong> Striped/Letter ??<br><strong>Elastic:</strong> Yes (Elastic) ??</p> <p><em>The item does not include any accessories in the picture, unless stated otherwise in the product description.</em></p> <hr> <p><strong>Size Chart</strong></p> <table> <thead> <tr> <th>Size</th> <th>Shoulder (cm/inch)</th> <th>Bust (cm/inch)</th> <th>Sleeve Length (cm/inch)</th> <th>Clothing Length (cm/inch)</th> </tr> </thead> <tbody> <tr> <td>S</td> <td>45.0 / 17.72</td> <td>106.0 / 41.73</td> <td>20.5 / 8.07</td> <td>70.0 / 27.56</td> </tr> <tr> <td>M</td> <td>46.5 / 18.31</td> <td>112.0 / 44.09</td> <td>21.0 / 8.27</td> <td>72.0 / 28.35</td> </tr> <tr> <td>L</td> <td>48.0 / 18.90</td> <td>118.0 / 46.46</td> <td>21.5 / 8.46</td> <td>74.0 / 29.13</td> </tr> <tr> <td>XL</td> <td>49.5 / 19.49</td> <td>124.0 / 48.82</td> <td>22.0 / 8.66</td> <td>76.0 / 29.92</td> </tr> <tr> <td>2XL</td> <td>51.0 / 20.08</td> <td>132.0 / 51.97</td> <td>22.5 / 8.86</td> <td>78.0 / 30.71</td> </tr> <tr> <td>3XL</td> <td>52.5 / 20.67</td> <td>140.0 / 55.12</td> <td>23.0 / 9.06</td> <td>80.0 / 31.50</td> </tr> <tr> <td>4XL</td> <td>54.0 / 21.26</td> <td>146.0 / 57.48</td> <td>23.5 / 9.25</td> <td>82.0 / 32.28</td> </tr> <tr> <td>5XL</td> <td>55.5 / 21.85</td> <td>152.0 / 59.84</td> <td>24.0 / 9.45</td> <td>84.0 / 33.07</td> </tr> </tbody> </table> <p>This top is a trendy blend of striped and letter designs, perfect for casual, work, or sporty outfits. It offers both style and comfort with its elastic material. ??</p>"	SALE				2025-06-10T21:48:44+05:30	Size	S						0			deny	manual	99	1399		FALSE		https://cdn.shopify.com/s/files/1/0712/7485/6588/files/5f12e0f7576ec9e0806f115ba2f64ac8fa5fd363-1300.jpg?v=1749572325	1			https://cdn.shopify.com/s/files/1/0712/7485/6588/files/5f12e0f7576ec9e0806f115ba2f64ac8fa5fd363-1300.jpg?v=1749572325			
mens-business-stripe-logo-button-down-short-sleeve-polo-shirt-4								Size	M						0			deny	manual	99	1399		FALSE									
mens-business-stripe-logo-button-down-short-sleeve-polo-shirt-4								Size	L						0			deny	manual	99	1399		FALSE									
mens-business-stripe-logo-button-down-short-sleeve-polo-shirt-4								Size	XL						0			deny	manual	99	1399		FALSE									
mens-business-stripe-logo-button-down-short-sleeve-polo-shirt-4								Size	2XL						0			deny	manual	99	1399		FALSE									
mens-business-stripe-logo-button-down-short-sleeve-polo-shirt-4								Size	3XL						0			deny	manual	99	1399		FALSE									
mens-business-stripe-logo-button-down-short-sleeve-polo-shirt-4								Size	4XL						0			deny	manual	99	1399		FALSE									
mens-business-stripe-logo-button-down-short-sleeve-polo-shirt-4								Size	5XL						0			deny	manual	99	1399		FALSE									
mens-business-stripe-logo-button-down-short-sleeve-polo-shirt-5	Men's Business Stripe Logo Button-Down Short Sleeve Polo T-Shirt	"<p><strong>Description</strong><br><strong>SPU:</strong> MPO513614<br><strong>Material:</strong> Polyester ??<br><strong>Style:</strong> Business/Work/Sporty/Daily/College/Street/Vintage ??<br><strong>Pattern Type:</strong> Striped/Letter ??<br><strong>Elastic:</strong> Yes (Elastic) ??</p> <p><em>The item does not include any accessories in the picture, unless stated otherwise in the product description.</em></p> <hr> <p><strong>Size Chart</strong></p> <table> <thead> <tr> <th>Size</th> <th>Shoulder (cm/inch)</th> <th>Bust (cm/inch)</th> <th>Sleeve Length (cm/inch)</th> <th>Clothing Length (cm/inch)</th> </tr> </thead> <tbody> <tr> <td>S</td> <td>45.0 / 17.72</td> <td>106.0 / 41.73</td> <td>20.5 / 8.07</td> <td>70.0 / 27.56</td> </tr> <tr> <td>M</td> <td>46.5 / 18.31</td> <td>112.0 / 44.09</td> <td>21.0 / 8.27</td> <td>72.0 / 28.35</td> </tr> <tr> <td>L</td> <td>48.0 / 18.90</td> <td>118.0 / 46.46</td> <td>21.5 / 8.46</td> <td>74.0 / 29.13</td> </tr> <tr> <td>XL</td> <td>49.5 / 19.49</td> <td>124.0 / 48.82</td> <td>22.0 / 8.66</td> <td>76.0 / 29.92</td> </tr> <tr> <td>2XL</td> <td>51.0 / 20.08</td> <td>132.0 / 51.97</td> <td>22.5 / 8.86</td> <td>78.0 / 30.71</td> </tr> <tr> <td>3XL</td> <td>52.5 / 20.67</td> <td>140.0 / 55.12</td> <td>23.0 / 9.06</td> <td>80.0 / 31.50</td> </tr> <tr> <td>4XL</td> <td>54.0 / 21.26</td> <td>146.0 / 57.48</td> <td>23.5 / 9.25</td> <td>82.0 / 32.28</td> </tr> <tr> <td>5XL</td> <td>55.5 / 21.85</td> <td>152.0 / 59.84</td> <td>24.0 / 9.45</td> <td>84.0 / 33.07</td> </tr> </tbody> </table> <p>This striped and letter-patterned top offers a perfect combination of fashion and comfort with an elastic fit, suitable for daily wear, sports, business, or casual outings. ??</p>"	SALE				2025-06-10T21:48:40+05:30	Size	S						0			deny	manual	99	1499		FALSE		https://cdn.shopify.com/s/files/1/0712/7485/6588/files/818a26439c348be9698c9b12b42e23d51de868b7.jpg?v=1749572321	1			https://cdn.shopify.com/s/files/1/0712/7485/6588/files/818a26439c348be9698c9b12b42e23d51de868b7.jpg?v=1749572321			
mens-business-stripe-logo-button-down-short-sleeve-polo-shirt-5								Size	M						0			deny	manual	99	1499		FALSE									
mens-business-stripe-logo-button-down-short-sleeve-polo-shirt-5								Size	L						0			deny	manual	99	1499		FALSE									
mens-business-stripe-logo-button-down-short-sleeve-polo-shirt-5								Size	XL						0			deny	manual	99	1499		FALSE									
mens-business-stripe-logo-button-down-short-sleeve-polo-shirt-5								Size	2XL						0			deny	manual	99	1499		FALSE									
mens-business-stripe-logo-button-down-short-sleeve-polo-shirt-5								Size	3XL						0			deny	manual	99	1499		FALSE									
mens-business-stripe-logo-button-down-short-sleeve-polo-shirt-5								Size	4XL						0			deny	manual	99	1499		FALSE									
mens-business-stripe-logo-button-down-short-sleeve-polo-shirt-5								Size	5XL						0			deny	manual	99	1499		FALSE									
mens-business-stripe-logo-button-down-short-sleeve-polo-t-shirt	Men's Business Stripe Logo Button-Down Short Sleeve Polo T-Shirt	"<p><strong>Description</strong><br><strong>SPU:</strong> MPO502864<br><strong>Material:</strong> Polyester<br><strong>Style:</strong> Business/Work/Sporty/Daily/Street<br><strong>Pattern Type:</strong> Striped/Letter<br><strong>Elastic:</strong> Yes (Elastic)</p> <p><em>The item does not include any accessories in the picture, unless stated otherwise in the product description.</em> ??</p> <hr> <p><strong>Size Chart</strong> ??</p> <table> <thead> <tr> <th>Size</th> <th>Shoulder (cm/inch)</th> <th>Bust (cm/inch)</th> <th>Sleeve Length (cm/inch)</th> <th>Clothing Length (cm/inch)</th> </tr> </thead> <tbody> <tr> <td>S</td> <td>45.0 / 17.72</td> <td>106.0 / 41.73</td> <td>20.5 / 8.07</td> <td>70.0 / 27.56</td> </tr> <tr> <td>M</td> <td>46.5 / 18.31</td> <td>112.0 / 44.09</td> <td>21.0 / 8.27</td> <td>72.0 / 28.35</td> </tr> <tr> <td>L</td> <td>48.0 / 18.90</td> <td>118.0 / 46.46</td> <td>21.5 / 8.46</td> <td>74.0 / 29.13</td> </tr> <tr> <td>XL</td> <td>49.5 / 19.49</td> <td>124.0 / 48.82</td> <td>22.0 / 8.66</td> <td>76.0 / 29.92</td> </tr> <tr> <td>2XL</td> <td>51.0 / 20.08</td> <td>132.0 / 51.97</td> <td>22.5 / 8.86</td> <td>78.0 / 30.71</td> </tr> <tr> <td>3XL</td> <td>52.5 / 20.67</td> <td>140.0 / 55.12</td> <td>23.0 / 9.06</td> <td>80.0 / 31.50</td> </tr> <tr> <td>4XL</td> <td>54.0 / 21.26</td> <td>146.0 / 57.48</td> <td>23.5 / 9.25</td> <td>82.0 / 32.28</td> </tr> <tr> <td>5XL</td> <td>55.5 / 21.85</td> <td>152.0 / 59.84</td> <td>24.0 / 9.45</td> <td>84.0 / 33.07</td> </tr> </tbody> </table> <p>This item features a stylish striped/letter design, making it a great option for business or casual wear. With its elastic material, it offers comfort and a perfect fit for various occasions, whether you're heading to work, out for a sporty event, or keeping it casual on the streets. ????</p>"	SALE				2025-06-10T21:47:57+05:30	Size	S						0			deny	manual	99	1399		FALSE		https://cdn.shopify.com/s/files/1/0712/7485/6588/files/a75c3977cb36798e23d61d0e735a14d643a50407.jpg?v=1749572278	1			https://cdn.shopify.com/s/files/1/0712/7485/6588/files/a75c3977cb36798e23d61d0e735a14d643a50407.jpg?v=1749572278			
mens-business-stripe-logo-button-down-short-sleeve-polo-t-shirt								Size	M						0			deny	manual	99	1399		FALSE									
mens-business-stripe-logo-button-down-short-sleeve-polo-t-shirt								Size	L						0			deny	manual	99	1399		FALSE									
mens-business-stripe-logo-button-down-short-sleeve-polo-t-shirt								Size	XL						0			deny	manual	99	1399		FALSE									
mens-business-stripe-logo-button-down-short-sleeve-polo-t-shirt								Size	2XL						0			deny	manual	99	1399		FALSE									
mens-business-stripe-logo-button-down-short-sleeve-polo-t-shirt								Size	3XL						0			deny	manual	99	1399		FALSE									
mens-business-stripe-logo-button-down-short-sleeve-polo-t-shirt								Size	4XL						0			deny	manual	99	1399		FALSE									
mens-business-stripe-logo-button-down-short-sleeve-polo-t-shirt								Size	5XL						0			deny	manual	99	1399		FALSE									
mens-casual-business-button-short-sleeve-polo-shirt	Men's Casual Business Button Short Sleeve Polo T-Shirt	"<p><strong>Description</strong><br><strong>Material:</strong> Polyester<br><strong>Style:</strong> Business, Work, Sporty, Daily, College, Street, Vintage ?????????<br><strong>Pattern Type:</strong> Mixed Print ??<br><strong>Element:</strong> Button Design ??<br><strong>Elastic:</strong> Yes (Elastic) ??</p> <p><em>The item does not include any accessories in the picture, unless stated otherwise in the product description.</em></p> <hr> <p><strong>Size Chart</strong></p> <table> <thead> <tr> <th>Size</th> <th>Shoulder (cm/inch)</th> <th>Bust (cm/inch)</th> <th>Sleeve Length (cm/inch)</th> <th>Clothing Length (cm/inch)</th> </tr> </thead> <tbody> <tr> <td>S</td> <td>45.0 / 17.72</td> <td>106.0 / 41.73</td> <td>20.5 / 8.07</td> <td>70.0 / 27.56</td> </tr> <tr> <td>M</td> <td>46.5 / 18.31</td> <td>112.0 / 44.09</td> <td>21.0 / 8.27</td> <td>72.0 / 28.35</td> </tr> <tr> <td>L</td> <td>48.0 / 18.90</td> <td>118.0 / 46.46</td> <td>21.5 / 8.46</td> <td>74.0 / 29.13</td> </tr> <tr> <td>XL</td> <td>49.5 / 19.49</td> <td>124.0 / 48.82</td> <td>22.0 / 8.66</td> <td>76.0 / 29.92</td> </tr> <tr> <td>2XL</td> <td>51.0 / 20.08</td> <td>132.0 / 51.97</td> <td>22.5 / 8.86</td> <td>78.0 / 30.71</td> </tr> <tr> <td>3XL</td> <td>52.5 / 20.67</td> <td>140.0 / 55.12</td> <td>23.0 / 9.06</td> <td>80.0 / 31.50</td> </tr> <tr> <td>4XL</td> <td>54.0 / 21.26</td> <td>146.0 / 57.48</td> <td>23.5 / 9.25</td> <td>82.0 / 32.28</td> </tr> <tr> <td>5XL</td> <td>55.5 / 21.85</td> <td>152.0 / 59.84</td> <td>24.0 / 9.45</td> <td>84.0 / 33.07</td> </tr> </tbody> </table> <p>This versatile polyester shirt features a stylish mixed print pattern and a button design, making it perfect for business, work, or casual daily wear. The elastic fabric ensures maximum comfort, allowing you to move freely throughout your day. Whether you're headed to the office, a meeting, or out on the street, this shirt provides both fashion and function.</p>"	SALE				2025-06-10T21:49:22+05:30	Size	M						0			deny	manual	99	1399		FALSE		https://cdn.shopify.com/s/files/1/0712/7485/6588/files/37fb778a1c53e71d5ba873b86942446fd5f39547-1800.jpg?v=1749572363	1			https://cdn.shopify.com/s/files/1/0712/7485/6588/files/37fb778a1c53e71d5ba873b86942446fd5f39547-1800.jpg?v=1749572363			
mens-casual-business-button-short-sleeve-polo-shirt								Size	L						0			deny	manual	99	1399		FALSE									
mens-casual-business-button-short-sleeve-polo-shirt								Size	XL						0			deny	manual	99	1399		FALSE									
mens-casual-business-button-short-sleeve-polo-shirt								Size	2XL						0			deny	manual	99	1399		FALSE									
mens-casual-business-button-short-sleeve-polo-shirt								Size	3XL						0			deny	manual	99	1399		FALSE									
mens-casual-business-button-short-sleeve-polo-shirt								Size	4XL						0			deny	manual	99	1399		FALSE									
mens-casual-business-button-short-sleeve-polo-shirt								Size	5XL						0			deny	manual	99	1399		FALSE									
mens-casual-business-button-short-sleeve-polo-shirt-1	Men's Casual Business Button Short Sleeve Polo T-Shirt	"<p><strong>Description</strong><br><strong>SPU:</strong> MPO509401<br><strong>Material:</strong> Polyester<br><strong>Style:</strong> Business, Work, Sporty, Daily, College, Street, Vintage<br><strong>Pattern Type:</strong> Mixed Print<br><strong>Element:</strong> Button Design<br><strong>Elastic:</strong> Yes (Elastic)</p> <p><em>The item does not include any accessories in the picture, unless stated otherwise in the product description.</em></p> <hr> <p><strong>Size Chart</strong></p> <table> <thead> <tr> <th>Size</th> <th>Shoulder (cm/inch)</th> <th>Bust (cm/inch)</th> <th>Sleeve Length (cm/inch)</th> <th>Clothing Length (cm/inch)</th> </tr> </thead> <tbody> <tr> <td>S</td> <td>45.0 / 17.72</td> <td>106.0 / 41.73</td> <td>20.5 / 8.07</td> <td>70.0 / 27.56</td> </tr> <tr> <td>M</td> <td>46.5 / 18.31</td> <td>112.0 / 44.09</td> <td>21.0 / 8.27</td> <td>72.0 / 28.35</td> </tr> <tr> <td>L</td> <td>48.0 / 18.90</td> <td>118.0 / 46.46</td> <td>21.5 / 8.46</td> <td>74.0 / 29.13</td> </tr> <tr> <td>XL</td> <td>49.5 / 19.49</td> <td>124.0 / 48.82</td> <td>22.0 / 8.66</td> <td>76.0 / 29.92</td> </tr> <tr> <td>2XL</td> <td>51.0 / 20.08</td> <td>132.0 / 51.97</td> <td>22.5 / 8.86</td> <td>78.0 / 30.71</td> </tr> <tr> <td>3XL</td> <td>52.5 / 20.67</td> <td>140.0 / 55.12</td> <td>23.0 / 9.06</td> <td>80.0 / 31.50</td> </tr> <tr> <td>4XL</td> <td>54.0 / 21.26</td> <td>146.0 / 57.48</td> <td>23.5 / 9.25</td> <td>82.0 / 32.28</td> </tr> <tr> <td>5XL</td> <td>55.5 / 21.85</td> <td>152.0 / 59.84</td> <td>24.0 / 9.45</td> <td>84.0 / 33.07</td> </tr> </tbody> </table> <p>This versatile and stylish top features a trendy mixed print and a button design, making it perfect for both business and casual settings. With its elastic material, it promises a comfortable and flexible fit, while the button element adds a touch of vintage flair. Ideal for daily wear, work, or college.</p>"	SALE				2025-06-10T21:49:14+05:30	Size	M						0			deny	manual	99	1499		FALSE		https://cdn.shopify.com/s/files/1/0712/7485/6588/files/8d80e1f115a7737146347ccdfff8b3000f33470e-1200.jpg?v=1749572355	1			https://cdn.shopify.com/s/files/1/0712/7485/6588/files/8d80e1f115a7737146347ccdfff8b3000f33470e-1200.jpg?v=1749572355			
mens-casual-business-button-short-sleeve-polo-shirt-1								Size	L						0			deny	manual	99	1499		FALSE									
mens-casual-business-button-short-sleeve-polo-shirt-1								Size	XL						0			deny	manual	99	1499		FALSE									
mens-casual-business-button-short-sleeve-polo-shirt-1								Size	2XL						0			deny	manual	99	1499		FALSE									
mens-casual-business-button-short-sleeve-polo-shirt-1								Size	3XL						0			deny	manual	99	1499		FALSE									
mens-casual-business-button-short-sleeve-polo-shirt-1								Size	4XL						0			deny	manual	99	1499		FALSE									
mens-casual-business-button-short-sleeve-polo-shirt-1								Size	5XL						0			deny	manual	99	1499		FALSE									
mens-casual-business-button-short-sleeve-polo-shirt-2	Men's Casual Business Button Short Sleeve Polo T-Shirt	"<p><strong>Description</strong><br><strong>SPU:</strong> MPO510993<br><strong>Material:</strong> Polyester ??<br><strong>Style:</strong> Business/Work/Sporty/Daily/College/Street/Vintage ?????<br><strong>Pattern Type:</strong> Mixed Print ???<br><strong>Element:</strong> Button Design ??<br><strong>Elastic:</strong> Yes (Elastic) ??</p> <p><em>The item does not include any accessories in the picture, unless stated otherwise in the product description.</em></p> <hr> <p><strong>Size Chart</strong></p> <table> <thead> <tr> <th>Size</th> <th>Shoulder (cm/inch)</th> <th>Bust (cm/inch)</th> <th>Sleeve Length (cm/inch)</th> <th>Clothing Length (cm/inch)</th> </tr> </thead> <tbody> <tr> <td>S</td> <td>45.0 / 17.72</td> <td>106.0 / 41.73</td> <td>20.5 / 8.07</td> <td>70.0 / 27.56</td> </tr> <tr> <td>M</td> <td>46.5 / 18.31</td> <td>112.0 / 44.09</td> <td>21.0 / 8.27</td> <td>72.0 / 28.35</td> </tr> <tr> <td>L</td> <td>48.0 / 18.90</td> <td>118.0 / 46.46</td> <td>21.5 / 8.46</td> <td>74.0 / 29.13</td> </tr> <tr> <td>XL</td> <td>49.5 / 19.49</td> <td>124.0 / 48.82</td> <td>22.0 / 8.66</td> <td>76.0 / 29.92</td> </tr> <tr> <td>2XL</td> <td>51.0 / 20.08</td> <td>132.0 / 51.97</td> <td>22.5 / 8.86</td> <td>78.0 / 30.71</td> </tr> <tr> <td>3XL</td> <td>52.5 / 20.67</td> <td>140.0 / 55.12</td> <td>23.0 / 9.06</td> <td>80.0 / 31.50</td> </tr> <tr> <td>4XL</td> <td>54.0 / 21.26</td> <td>146.0 / 57.48</td> <td>23.5 / 9.25</td> <td>82.0 / 32.28</td> </tr> <tr> <td>5XL</td> <td>55.5 / 21.85</td> <td>152.0 / 59.84</td> <td>24.0 / 9.45</td> <td>84.0 / 33.07</td> </tr> </tbody> </table> <p>This stylish mixed print top with a button design is great for business, casual, or sporty occasions. The elastic fit ensures comfort while maintaining a sleek look! ??</p>"	SALE				2025-06-10T21:48:52+05:30	Size	M						0			deny	manual	99	1399		FALSE		https://cdn.shopify.com/s/files/1/0712/7485/6588/files/1d9445b8cf3dcfc4326ff8fca6de05cdde3bf7f4-1200.jpg?v=1749572333	1			https://cdn.shopify.com/s/files/1/0712/7485/6588/files/1d9445b8cf3dcfc4326ff8fca6de05cdde3bf7f4-1200.jpg?v=1749572333			
mens-casual-business-button-short-sleeve-polo-shirt-2								Size	L						0			deny	manual	99	1399		FALSE									
mens-casual-business-button-short-sleeve-polo-shirt-2								Size	XL						0			deny	manual	99	1399		FALSE									
mens-casual-business-button-short-sleeve-polo-shirt-2								Size	2XL						0			deny	manual	99	1399		FALSE									
mens-casual-business-button-short-sleeve-polo-shirt-2								Size	3XL						0			deny	manual	99	1399		FALSE									
mens-casual-business-button-short-sleeve-polo-shirt-2								Size	4XL						0			deny	manual	99	1399		FALSE									
mens-casual-business-button-short-sleeve-polo-shirt-2								Size	5XL						0			deny	manual	99	1399		FALSE									
mens-casual-business-button-short-sleeve-polo-t-shirt	Men's Casual Business Button Short Sleeve Polo T-Shirt	"<p><strong>Description</strong><br><strong>Material:</strong> Polyester<br><strong>Style:</strong> Business/Work/Sporty/Daily/College/Street/Vintage<br><strong>Pattern Type:</strong> Mixed Print<br><strong>Element:</strong> Button Design<br><strong>Elastic:</strong> Yes (Elastic)</p> <p><em>The item does not include any accessories in the picture, unless stated otherwise in the product description.</em></p> <hr> <p><strong>Size Chart</strong></p> <table> <thead> <tr> <th>Size</th> <th>Shoulder (cm/inch)</th> <th>Bust (cm/inch)</th> <th>Sleeve Length (cm/inch)</th> <th>Clothing Length (cm/inch)</th> </tr> </thead> <tbody> <tr> <td>S</td> <td>45.0 / 17.72</td> <td>106.0 / 41.73</td> <td>20.5 / 8.07</td> <td>70.0 / 27.56</td> </tr> <tr> <td>M</td> <td>46.5 / 18.31</td> <td>112.0 / 44.09</td> <td>21.0 / 8.27</td> <td>72.0 / 28.35</td> </tr> <tr> <td>L</td> <td>48.0 / 18.90</td> <td>118.0 / 46.46</td> <td>21.5 / 8.46</td> <td>74.0 / 29.13</td> </tr> <tr> <td>XL</td> <td>49.5 / 19.49</td> <td>124.0 / 48.82</td> <td>22.0 / 8.66</td> <td>76.0 / 29.92</td> </tr> <tr> <td>2XL</td> <td>51.0 / 20.08</td> <td>132.0 / 51.97</td> <td>22.5 / 8.86</td> <td>78.0 / 30.71</td> </tr> <tr> <td>3XL</td> <td>52.5 / 20.67</td> <td>140.0 / 55.12</td> <td>23.0 / 9.06</td> <td>80.0 / 31.50</td> </tr> <tr> <td>4XL</td> <td>54.0 / 21.26</td> <td>146.0 / 57.48</td> <td>23.5 / 9.25</td> <td>82.0 / 32.28</td> </tr> <tr> <td>5XL</td> <td>55.5 / 21.85</td> <td>152.0 / 59.84</td> <td>24.0 / 9.45</td> <td>84.0 / 33.07</td> </tr> </tbody> </table> <p>This stylish and functional top is designed with a mixed print and features a classic button design for added elegance. Made from elastic polyester, it promises both comfort and style for a variety of occasions like work, business, or casual outings.</p>"	SALE				2025-06-10T21:48:01+05:30	Size	S						0			deny	manual	99	1399		FALSE		https://cdn.shopify.com/s/files/1/0712/7485/6588/files/4b63de01ec62f5b707e7ba9b6bf7406bbc7945b7.jpg?v=1749572282	1			https://cdn.shopify.com/s/files/1/0712/7485/6588/files/4b63de01ec62f5b707e7ba9b6bf7406bbc7945b7.jpg?v=1749572282			
mens-casual-business-button-short-sleeve-polo-t-shirt								Size	M						0			deny	manual	99	1399		FALSE									
mens-casual-business-button-short-sleeve-polo-t-shirt								Size	L						0			deny	manual	99	1399		FALSE									
mens-casual-business-button-short-sleeve-polo-t-shirt								Size	XL						0			deny	manual	99	1399		FALSE									
mens-casual-business-button-short-sleeve-polo-t-shirt								Size	2XL						0			deny	manual	99	1399		FALSE									
mens-casual-business-button-short-sleeve-polo-t-shirt								Size	3XL						0			deny	manual	99	1399		FALSE									
mens-casual-business-button-short-sleeve-polo-t-shirt								Size	4XL						0			deny	manual	99	1399		FALSE									
mens-casual-business-button-short-sleeve-polo-t-shirt								Size	5XL						0			deny	manual	99	1399		FALSE									
mens-casual-business-button-short-sleeve-polo-t-shirt-1	Men's Casual Business Button Short Sleeve Polo T-Shirt	"<p><strong>Description</strong><br><strong>SPU:</strong> MPO509396<br><strong>Material:</strong> Polyester<br><strong>Style:</strong> Business/Work/Sporty/Daily/College/Street/Vintage<br><strong>Pattern Type:</strong> Mixed Print<br><strong>Element:</strong> Button Design<br><strong>Elastic:</strong> Yes (Elastic)</p> <p><em>The item does not include any accessories in the picture, unless stated otherwise in the product description.</em> ??</p> <hr> <p><strong>Size Chart</strong> ??</p> <table> <thead> <tr> <th>Size</th> <th>Shoulder (cm/inch)</th> <th>Bust (cm/inch)</th> <th>Sleeve Length (cm/inch)</th> <th>Clothing Length (cm/inch)</th> </tr> </thead> <tbody> <tr> <td>S</td> <td>45.0 / 17.72</td> <td>106.0 / 41.73</td> <td>20.5 / 8.07</td> <td>70.0 / 27.56</td> </tr> <tr> <td>M</td> <td>46.5 / 18.31</td> <td>112.0 / 44.09</td> <td>21.0 / 8.27</td> <td>72.0 / 28.35</td> </tr> <tr> <td>L</td> <td>48.0 / 18.90</td> <td>118.0 / 46.46</td> <td>21.5 / 8.46</td> <td>74.0 / 29.13</td> </tr> <tr> <td>XL</td> <td>49.5 / 19.49</td> <td>124.0 / 48.82</td> <td>22.0 / 8.66</td> <td>76.0 / 29.92</td> </tr> <tr> <td>2XL</td> <td>51.0 / 20.08</td> <td>132.0 / 51.97</td> <td>22.5 / 8.86</td> <td>78.0 / 30.71</td> </tr> <tr> <td>3XL</td> <td>52.5 / 20.67</td> <td>140.0 / 55.12</td> <td>23.0 / 9.06</td> <td>80.0 / 31.50</td> </tr> <tr> <td>4XL</td> <td>54.0 / 21.26</td> <td>146.0 / 57.48</td> <td>23.5 / 9.25</td> <td>82.0 / 32.28</td> </tr> <tr> <td>5XL</td> <td>55.5 / 21.85</td> <td>152.0 / 59.84</td> <td>24.0 / 9.45</td> <td>84.0 / 33.07</td> </tr> </tbody> </table> <p>This trendy piece is designed with mixed prints and features a stylish button design for a polished look. With its elastic fabric, it offers both flexibility and comfort, making it perfect for various occasions like business meetings, casual outings, or sporty events. ??</p>"	SALE				2025-06-10T21:47:59+05:30	Size	S						0			deny	manual	99	1399		TRUE		https://cdn.shopify.com/s/files/1/0712/7485/6588/files/2b239f78e381f09aed2574469a2cc8a137f133fe.jpg?v=1749572280	1			https://cdn.shopify.com/s/files/1/0712/7485/6588/files/2b239f78e381f09aed2574469a2cc8a137f133fe.jpg?v=1749572280			
mens-casual-business-button-short-sleeve-polo-t-shirt-1								Size	M						0			deny	manual	99	1399		TRUE									
mens-casual-business-button-short-sleeve-polo-t-shirt-1								Size	L						0			deny	manual	99	1399		TRUE									
mens-casual-business-button-short-sleeve-polo-t-shirt-1								Size	XL						0			deny	manual	99	1399		TRUE									
mens-casual-business-button-short-sleeve-polo-t-shirt-1								Size	2XL						0			deny	manual	99	1399		TRUE									
mens-casual-business-button-short-sleeve-polo-t-shirt-1								Size	3XL						0			deny	manual	99	1399		TRUE									
mens-casual-business-button-short-sleeve-polo-t-shirt-1								Size	4XL						0			deny	manual	99	1399		TRUE									
mens-casual-business-button-short-sleeve-polo-t-shirt-1								Size	5XL						0			deny	manual	99	1399		TRUE									
mens-casual-business-long-sleeve-polo-shirt	Men's Casual Business Short Sleeve Polo T-Shirt	"<p><strong>Description</strong><br><strong>Material:</strong> Cotton Blends/Polyester ??<br><strong>Style:</strong> Casual/Boho/Daily/Street/Stylish/Business ??<br><strong>Pattern Type:</strong> Mixed Print ??<br><strong>Elastic:</strong> Yes (Elastic) ??<br><strong>Fit Type:</strong> Regular ??<br><strong>Sleeve Style:</strong> Regular Sleeve ??<br><strong>Clothing Length Type:</strong> Regular ??</p> <p><em>The item does not include any accessories in the picture, unless stated otherwise in the product description.</em></p> <hr> <p><strong>Size Chart</strong></p> <table> <thead> <tr> <th>Size</th> <th>Shoulder (cm/inch)</th> <th>Bust (cm/inch)</th> <th>Sleeve Length (cm/inch)</th> <th>Clothing Length (cm/inch)</th> </tr> </thead> <tbody> <tr> <td>M</td> <td>45.0 / 17.72</td> <td>99.0 / 38.98</td> <td>64.0 / 25.20</td> <td>68.0 / 26.77</td> </tr> <tr> <td>L</td> <td>46.0 / 18.11</td> <td>104.0 / 40.94</td> <td>65.0 / 25.59</td> <td>70.0 / 27.56</td> </tr> <tr> <td>XL</td> <td>47.0 / 18.50</td> <td>108.0 / 42.52</td> <td>66.0 / 25.98</td> <td>71.0 / 27.95</td> </tr> <tr> <td>2XL</td> <td>48.0 / 18.90</td> <td>112.0 / 44.09</td> <td>67.0 / 26.38</td> <td>73.0 / 28.74</td> </tr> <tr> <td>3XL</td> <td>49.0 / 19.29</td> <td>116.0 / 45.67</td> <td>68.0 / 26.77</td> <td>74.0 / 29.13</td> </tr> <tr> <td>4XL</td> <td>50.0 / 19.68</td> <td>120.0 / 47.24</td> <td>69.0 / 27.17</td> <td>76.0 / 29.92</td> </tr> <tr> <td>5XL</td> <td>51.0 / 20.08</td> <td>124.0 / 48.82</td> <td>70.0 / 27.56</td> <td>78.0 / 30.71</td> </tr> </tbody> </table> <p>This top is perfect for a stylish, everyday look, with a mix of prints and a comfortable, regular fit! ??</p>"	SALE				2025-06-10T21:48:48+05:30	Size	M						0			deny	manual	99	1399		FALSE		https://cdn.shopify.com/s/files/1/0712/7485/6588/files/528916e6e7da5f2774f9ca597ac5daa80dce0874-1300.jpg?v=1749572329	1			https://cdn.shopify.com/s/files/1/0712/7485/6588/files/528916e6e7da5f2774f9ca597ac5daa80dce0874-1300.jpg?v=1749572329			
mens-casual-business-long-sleeve-polo-shirt								Size	L						0			deny	manual	99	1399		FALSE									
mens-casual-business-long-sleeve-polo-shirt								Size	XL						0			deny	manual	99	1399		FALSE									
mens-casual-business-long-sleeve-polo-shirt								Size	2XL						0			deny	manual	99	1399		FALSE									
mens-casual-business-long-sleeve-polo-shirt								Size	3XL						0			deny	manual	99	1399		FALSE									
mens-casual-business-long-sleeve-polo-shirt								Size	4XL						0			deny	manual	99	1399		FALSE									
mens-casual-business-long-sleeve-polo-shirt								Size	5XL						0			deny	manual	99	1399		FALSE									
mens-casual-business-stripe-logo-button-short-sleeve-polo-shirt	Men's Casual Business Stripe Logo Button Short Sleeve Polo T-Shirt	"<p><strong>Description</strong><br><strong>Material:</strong> Polyester<br><strong>Style:</strong> Business, Work, Sporty, Daily, College, Street, Vintage ????????<br><strong>Pattern Type:</strong> Tribal ???<br><strong>Elastic:</strong> Yes (Elastic) ?????</p> <p><em>The item does not include any accessories in the picture, unless stated otherwise in the product description.</em></p> <p><strong>Size Chart</strong></p> <table> <thead> <tr> <th>Size</th> <th>Shoulder (cm/inch)</th> <th>Bust (cm/inch)</th> <th>Sleeve Length (cm/inch)</th> <th>Clothing Length (cm/inch)</th> </tr> </thead> <tbody> <tr> <td>S</td> <td>45.0 / 17.72</td> <td>106.0 / 41.73</td> <td>20.5 / 8.07</td> <td>70.0 / 27.56</td> </tr> <tr> <td>M</td> <td>46.5 / 18.31</td> <td>112.0 / 44.09</td> <td>21.0 / 8.27</td> <td>72.0 / 28.35</td> </tr> <tr> <td>L</td> <td>48.0 / 18.90</td> <td>118.0 / 46.46</td> <td>21.5 / 8.46</td> <td>74.0 / 29.13</td> </tr> <tr> <td>XL</td> <td>49.5 / 19.49</td> <td>124.0 / 48.82</td> <td>22.0 / 8.66</td> <td>76.0 / 29.92</td> </tr> <tr> <td>2XL</td> <td>51.0 / 20.08</td> <td>132.0 / 51.97</td> <td>22.5 / 8.86</td> <td>78.0 / 30.71</td> </tr> <tr> <td>3XL</td> <td>52.5 / 20.67</td> <td>140.0 / 55.12</td> <td>23.0 / 9.06</td> <td>80.0 / 31.50</td> </tr> <tr> <td>4XL</td> <td>54.0 / 21.26</td> <td>146.0 / 57.48</td> <td>23.5 / 9.25</td> <td>82.0 / 32.28</td> </tr> <tr> <td>5XL</td> <td>55.5 / 21.85</td> <td>152.0 / 59.84</td> <td>24.0 / 9.45</td> <td>84.0 / 33.07</td> </tr> </tbody> </table> <p>This t-shirt combines a tribal pattern with comfort and a great fit for business, work, sporty, and everyday wear. The elastic design ensures maximum flexibility, while its tribal print adds a unique touch! ????</p>"	SALE				2025-06-10T21:47:42+05:30	Size	S						0			deny	manual	99	1499		FALSE		https://cdn.shopify.com/s/files/1/0712/7485/6588/files/8b5ef12486728ab1041dc06eabdd5e7094735ce6-1200.jpg?v=1749572264	1			https://cdn.shopify.com/s/files/1/0712/7485/6588/files/8b5ef12486728ab1041dc06eabdd5e7094735ce6-1200.jpg?v=1749572264			
mens-casual-business-stripe-logo-button-short-sleeve-polo-shirt								Size	M						0			deny	manual	99	1499		FALSE									
mens-casual-business-stripe-logo-button-short-sleeve-polo-shirt								Size	L						0			deny	manual	99	1499		FALSE									
mens-casual-business-stripe-logo-button-short-sleeve-polo-shirt								Size	XL						0			deny	manual	99	1499		FALSE									
mens-casual-business-stripe-logo-button-short-sleeve-polo-shirt								Size	2XL						0			deny	manual	99	1499		FALSE									
mens-casual-business-stripe-logo-button-short-sleeve-polo-shirt								Size	3XL						0			deny	manual	99	1499		FALSE									
mens-casual-business-stripe-logo-button-short-sleeve-polo-shirt								Size	4XL						0			deny	manual	99	1499		FALSE									
mens-casual-business-stripe-logo-button-short-sleeve-polo-shirt								Size	5XL						0			deny	manual	99	1499		FALSE									
mens-casual-business-stripe-print-button-down-short-sleeve-polo-shirt-1	Men's Casual Business Stripe Print Button-Down Short Sleeve Polo T-Shirt	"<p><strong>Description</strong><br><strong>Material:</strong> Polyester ??<br><strong>Style:</strong> Business/Work/Sporty/Daily/College/Street/Vintage ?????<br><strong>Pattern Type:</strong> Letter/Striped ??<br><strong>Element:</strong> Button Design ??<br><strong>Elastic:</strong> Yes (Elastic) ??</p> <p><em>The item does not include any accessories in the picture, unless stated otherwise in the product description.</em></p> <hr> <p><strong>Size Chart</strong></p> <table> <thead> <tr> <th>Size</th> <th>Shoulder (cm/inch)</th> <th>Bust (cm/inch)</th> <th>Sleeve Length (cm/inch)</th> <th>Clothing Length (cm/inch)</th> </tr> </thead> <tbody> <tr> <td>S</td> <td>45.0 / 17.72</td> <td>106.0 / 41.73</td> <td>20.5 / 8.07</td> <td>70.0 / 27.56</td> </tr> <tr> <td>M</td> <td>46.5 / 18.31</td> <td>112.0 / 44.09</td> <td>21.0 / 8.27</td> <td>72.0 / 28.35</td> </tr> <tr> <td>L</td> <td>48.0 / 18.90</td> <td>118.0 / 46.46</td> <td>21.5 / 8.46</td> <td>74.0 / 29.13</td> </tr> <tr> <td>XL</td> <td>49.5 / 19.49</td> <td>124.0 / 48.82</td> <td>22.0 / 8.66</td> <td>76.0 / 29.92</td> </tr> <tr> <td>2XL</td> <td>51.0 / 20.08</td> <td>132.0 / 51.97</td> <td>22.5 / 8.86</td> <td>78.0 / 30.71</td> </tr> <tr> <td>3XL</td> <td>52.5 / 20.67</td> <td>140.0 / 55.12</td> <td>23.0 / 9.06</td> <td>80.0 / 31.50</td> </tr> <tr> <td>4XL</td> <td>54.0 / 21.26</td> <td>146.0 / 57.48</td> <td>23.5 / 9.25</td> <td>82.0 / 32.28</td> </tr> <tr> <td>5XL</td> <td>55.5 / 21.85</td> <td>152.0 / 59.84</td> <td>24.0 / 9.45</td> <td>84.0 / 33.07</td> </tr> </tbody> </table> <p>This piece offers a stylish combination of letter and striped patterns, perfect for a business or casual setting. The button detail adds a touch of sophistication, while the elastic ensures comfort and fit! ??</p>"	SALE				2025-06-10T21:48:54+05:30	Size	M						1000			deny	manual	99	1599		FALSE		https://cdn.shopify.com/s/files/1/0712/7485/6588/files/7526579e5dd23719d1b67c55f5d39073c96bdd62-1200.jpg?v=1749572335	1			https://cdn.shopify.com/s/files/1/0712/7485/6588/files/7526579e5dd23719d1b67c55f5d39073c96bdd62-1200.jpg?v=1749572335			
mens-casual-business-stripe-print-button-down-short-sleeve-polo-shirt-1								Size	L						0			deny	manual	99	1599		FALSE									
mens-casual-business-stripe-print-button-down-short-sleeve-polo-shirt-1								Size	XL						0			deny	manual	99	1599		FALSE									
mens-casual-business-stripe-print-button-down-short-sleeve-polo-shirt-1								Size	2XL						0			deny	manual	99	1599		FALSE									
mens-casual-business-stripe-print-button-down-short-sleeve-polo-shirt-1								Size	3XL						0			deny	manual	99	1599		FALSE									
mens-casual-business-stripe-print-button-down-short-sleeve-polo-shirt-1								Size	4XL						0			deny	manual	99	1599		FALSE									
mens-casual-business-stripe-print-button-down-short-sleeve-polo-shirt-1								Size	5XL						0			deny	manual	99	1599		FALSE									
mens-casual-business-stripe-print-button-down-short-sleeve-polo-shirt-2	Men's Casual Business Stripe Print Button-Down Short Sleeve Polo T-Shirt	"<p><strong>Description</strong><br><strong>SPU:</strong> MPO511769<br><strong>Material:</strong> Polyester ??<br><strong>Style:</strong> Business/Work/Sporty/Daily/College/Street/Vintage ?????<br><strong>Pattern Type:</strong> Letter/Striped ??<br><strong>Element:</strong> Button Design ??<br><strong>Elastic:</strong> Yes (Elastic) ??</p> <p><em>The item does not include any accessories in the picture, unless stated otherwise in the product description.</em></p> <hr> <p><strong>Size Chart</strong></p> <table> <thead> <tr> <th>Size</th> <th>Shoulder (cm/inch)</th> <th>Bust (cm/inch)</th> <th>Sleeve Length (cm/inch)</th> <th>Clothing Length (cm/inch)</th> </tr> </thead> <tbody> <tr> <td>S</td> <td>45.0 / 17.72</td> <td>106.0 / 41.73</td> <td>20.5 / 8.07</td> <td>70.0 / 27.56</td> </tr> <tr> <td>M</td> <td>46.5 / 18.31</td> <td>112.0 / 44.09</td> <td>21.0 / 8.27</td> <td>72.0 / 28.35</td> </tr> <tr> <td>L</td> <td>48.0 / 18.90</td> <td>118.0 / 46.46</td> <td>21.5 / 8.46</td> <td>74.0 / 29.13</td> </tr> <tr> <td>XL</td> <td>49.5 / 19.49</td> <td>124.0 / 48.82</td> <td>22.0 / 8.66</td> <td>76.0 / 29.92</td> </tr> <tr> <td>2XL</td> <td>51.0 / 20.08</td> <td>132.0 / 51.97</td> <td>22.5 / 8.86</td> <td>78.0 / 30.71</td> </tr> <tr> <td>3XL</td> <td>52.5 / 20.67</td> <td>140.0 / 55.12</td> <td>23.0 / 9.06</td> <td>80.0 / 31.50</td> </tr> <tr> <td>4XL</td> <td>54.0 / 21.26</td> <td>146.0 / 57.48</td> <td>23.5 / 9.25</td> <td>82.0 / 32.28</td> </tr> <tr> <td>5XL</td> <td>55.5 / 21.85</td> <td>152.0 / 59.84</td> <td>24.0 / 9.45</td> <td>84.0 / 33.07</td> </tr> </tbody> </table> <p>This stylish letter/striped pattern top with button design is perfect for a business or sporty look. Comfortable and fashionable with an elastic fit! ??</p>"	SALE				2025-06-10T21:48:50+05:30	Size	M						0			deny	manual	99	1399		FALSE		https://cdn.shopify.com/s/files/1/0712/7485/6588/files/3d1325e32626a9660f3a5991de29c309741a2d3e-1100.jpg?v=1749572331	1			https://cdn.shopify.com/s/files/1/0712/7485/6588/files/3d1325e32626a9660f3a5991de29c309741a2d3e-1100.jpg?v=1749572331			
mens-casual-business-stripe-print-button-down-short-sleeve-polo-shirt-2								Size	L						0			deny	manual	99	1399		FALSE									
mens-casual-business-stripe-print-button-down-short-sleeve-polo-shirt-2								Size	XL						0			deny	manual	99	1399		FALSE									
mens-casual-business-stripe-print-button-down-short-sleeve-polo-shirt-2								Size	2XL						0			deny	manual	99	1399		FALSE									
mens-casual-business-stripe-print-button-down-short-sleeve-polo-shirt-2								Size	3XL						0			deny	manual	99	1399		FALSE									
mens-casual-business-stripe-print-button-down-short-sleeve-polo-shirt-2								Size	4XL						0			deny	manual	99	1399		FALSE									
mens-casual-business-stripe-print-button-down-short-sleeve-polo-shirt-2								Size	5XL						0			deny	manual	99	1399		FALSE									
mens-casual-business-stripe-print-button-down-short-sleeve-polo-shirt	Men's Casual Business Stripe Print Button-Down Short Sleeve Polo T-Shirt	"<p><strong>Description</strong><br><strong>Material:</strong> Polyester<br><strong>Style:</strong> Business, Work, Sporty, Daily, College, Street, Vintage ????????<br><strong>Pattern Type:</strong> Letter, Striped ??<br><strong>Element:</strong> Button Design ??<br><strong>Elastic:</strong> Yes (Elastic) ?????</p> <p><em>The item does not include any accessories in the picture, unless stated otherwise in the product description.</em></p> <p><strong>Size Chart</strong></p> <table> <thead> <tr> <th>Size</th> <th>Shoulder (cm/inch)</th> <th>Bust (cm/inch)</th> <th>Sleeve Length (cm/inch)</th> <th>Clothing Length (cm/inch)</th> </tr> </thead> <tbody> <tr> <td>S</td> <td>45.0 / 17.72</td> <td>106.0 / 41.73</td> <td>20.5 / 8.07</td> <td>70.0 / 27.56</td> </tr> <tr> <td>M</td> <td>46.5 / 18.31</td> <td>112.0 / 44.09</td> <td>21.0 / 8.27</td> <td>72.0 / 28.35</td> </tr> <tr> <td>L</td> <td>48.0 / 18.90</td> <td>118.0 / 46.46</td> <td>21.5 / 8.46</td> <td>74.0 / 29.13</td> </tr> <tr> <td>XL</td> <td>49.5 / 19.49</td> <td>124.0 / 48.82</td> <td>22.0 / 8.66</td> <td>76.0 / 29.92</td> </tr> <tr> <td>2XL</td> <td>51.0 / 20.08</td> <td>132.0 / 51.97</td> <td>22.5 / 8.86</td> <td>78.0 / 30.71</td> </tr> <tr> <td>3XL</td> <td>52.5 / 20.67</td> <td>140.0 / 55.12</td> <td>23.0 / 9.06</td> <td>80.0 / 31.50</td> </tr> <tr> <td>4XL</td> <td>54.0 / 21.26</td> <td>146.0 / 57.48</td> <td>23.5 / 9.25</td> <td>82.0 / 32.28</td> </tr> <tr> <td>5XL</td> <td>55.5 / 21.85</td> <td>152.0 / 59.84</td> <td>24.0 / 9.45</td> <td>84.0 / 33.07</td> </tr> </tbody> </table> <p>This stylish button-designed t-shirt offers comfort and versatility, perfect for business, work, sports, or daily wear. Featuring letter and striped patterns, it’s the ideal choice for a vintage, sporty look! ??</p>"	SALE				2025-06-10T21:47:44+05:30	Size	S						0			deny	manual	99	1499		FALSE		https://cdn.shopify.com/s/files/1/0712/7485/6588/files/0ec8615e076f7222752d94799f59721578c2bfa8-1200.jpg?v=1749572265	1			https://cdn.shopify.com/s/files/1/0712/7485/6588/files/0ec8615e076f7222752d94799f59721578c2bfa8-1200.jpg?v=1749572265			
mens-casual-business-stripe-print-button-down-short-sleeve-polo-shirt								Size	M						0			deny	manual	99	1499		FALSE									
mens-casual-business-stripe-print-button-down-short-sleeve-polo-shirt								Size	L						0			deny	manual	99	1499		FALSE									
mens-casual-business-stripe-print-button-down-short-sleeve-polo-shirt								Size	XL						0			deny	manual	99	1499		FALSE									
mens-casual-business-stripe-print-button-down-short-sleeve-polo-shirt								Size	2XL						0			deny	manual	99	1499		FALSE									
mens-casual-business-stripe-print-button-down-short-sleeve-polo-shirt								Size	3XL						0			deny	manual	99	1499		FALSE									
mens-casual-business-stripe-print-button-down-short-sleeve-polo-shirt								Size	4XL						0			deny	manual	99	1499		FALSE									
mens-casual-business-stripe-print-button-down-short-sleeve-polo-shirt								Size	5XL						0			deny	manual	99	1499		FALSE									
mens-retro-business-stripe-print-long-sleeve-polo-shirt-1	Men's Retro Business Stripe Print Half Sleeve Polo T-Shirt	"<p><strong>Material:</strong> Cotton Blends/Polyester<br><strong>Style:</strong> Casual, Boho, Street, Business ??<br><strong>Pattern Type:</strong> Mixed Print ??<br><strong>Elastic:</strong> Yes (Elastic) ?????<br><strong>Fit Type:</strong> Regular ??</p> <p><em>The item does not include any accessories in the picture, unless stated otherwise in the product description.</em></p> <p><strong>Size Chart</strong></p> <table> <thead> <tr> <th>Size</th> <th>Shoulder (cm/inch)</th> <th>Bust (cm/inch)</th> <th>Sleeve Length (cm/inch)</th> <th>Clothing Length (cm/inch)</th> </tr> </thead> <tbody> <tr> <td>M</td> <td>45.0 / 17.72</td> <td>99.0 / 38.98</td> <td>64.0 / 25.20</td> <td>68.0 / 26.77</td> </tr> <tr> <td>L</td> <td>46.0 / 18.11</td> <td>104.0 / 40.94</td> <td>65.0 / 25.59</td> <td>70.0 / 27.56</td> </tr> <tr> <td>XL</td> <td>47.0 / 18.50</td> <td>108.0 / 42.52</td> <td>66.0 / 25.98</td> <td>71.0 / 27.95</td> </tr> <tr> <td>2XL</td> <td>48.0 / 18.90</td> <td>112.0 / 44.09</td> <td>67.0 / 26.38</td> <td>73.0 / 28.74</td> </tr> <tr> <td>3XL</td> <td>49.0 / 19.29</td> <td>116.0 / 45.67</td> <td>68.0 / 26.77</td> <td>74.0 / 29.13</td> </tr> <tr> <td>4XL</td> <td>50.0 / 19.68</td> <td>120.0 / 47.24</td> <td>69.0 / 27.17</td> <td>76.0 / 29.92</td> </tr> <tr> <td>5XL</td> <td>51.0 / 20.08</td> <td>124.0 / 48.82</td> <td>70.0 / 27.56</td> <td>78.0 / 30.71</td> </tr> </tbody> </table> <p>This casual and versatile t-shirt is perfect for everyday wear or business outings. With its stylish mixed print and comfortable fit, you can easily dress it up or down! ??</p>"	SALE				2025-06-10T21:47:46+05:30	Size	S						0			deny	manual	99	1499		FALSE		https://cdn.shopify.com/s/files/1/0712/7485/6588/files/d8cf83c361b844b9005cc6cebc3db2ced1444d15-1300.jpg?v=1749572270	1			https://cdn.shopify.com/s/files/1/0712/7485/6588/files/d8cf83c361b844b9005cc6cebc3db2ced1444d15-1300_9ab368dc-54ff-4e71-94cb-ae4a64330b02.jpg?v=1749572270			
mens-retro-business-stripe-print-long-sleeve-polo-shirt-1								Size	M						0			deny	manual	99	1499		FALSE		https://cdn.shopify.com/s/files/1/0712/7485/6588/files/d8cf83c361b844b9005cc6cebc3db2ced1444d15-1300_9ab368dc-54ff-4e71-94cb-ae4a64330b02.jpg?v=1749572270	2			https://cdn.shopify.com/s/files/1/0712/7485/6588/files/d8cf83c361b844b9005cc6cebc3db2ced1444d15-1300_23fe9e5d-9fa2-4157-9f57-937c09ea2092.jpg?v=1749572270			
mens-retro-business-stripe-print-long-sleeve-polo-shirt-1								Size	L						0			deny	manual	99	1499		FALSE		https://cdn.shopify.com/s/files/1/0712/7485/6588/files/d8cf83c361b844b9005cc6cebc3db2ced1444d15-1300_23fe9e5d-9fa2-4157-9f57-937c09ea2092.jpg?v=1749572270	3			https://cdn.shopify.com/s/files/1/0712/7485/6588/files/d8cf83c361b844b9005cc6cebc3db2ced1444d15-1300.jpg?v=1749572270			
mens-retro-business-stripe-print-long-sleeve-polo-shirt-1								Size	XL						0			deny	manual	99	1499		FALSE						https://cdn.shopify.com/s/files/1/0712/7485/6588/files/d8cf83c361b844b9005cc6cebc3db2ced1444d15-1300.jpg?v=1749572270			
mens-retro-business-stripe-print-long-sleeve-polo-shirt-1								Size	2XL						0			deny	manual	99	1499		FALSE						https://cdn.shopify.com/s/files/1/0712/7485/6588/files/d8cf83c361b844b9005cc6cebc3db2ced1444d15-1300.jpg?v=1749572270			
mens-retro-business-stripe-print-long-sleeve-polo-shirt-1								Size	3XL						0			deny	manual	99	1499		FALSE						https://cdn.shopify.com/s/files/1/0712/7485/6588/files/d8cf83c361b844b9005cc6cebc3db2ced1444d15-1300.jpg?v=1749572270			
mens-retro-business-stripe-print-long-sleeve-polo-shirt-1								Size	4XL						0			deny	manual	99	1499		FALSE						https://cdn.shopify.com/s/files/1/0712/7485/6588/files/d8cf83c361b844b9005cc6cebc3db2ced1444d15-1300.jpg?v=1749572270			
mens-retro-business-stripe-print-long-sleeve-polo-shirt-1								Size	5XL						0			deny	manual	99	1499		FALSE						https://cdn.shopify.com/s/files/1/0712/7485/6588/files/d8cf83c361b844b9005cc6cebc3db2ced1444d15-1300.jpg?v=1749572270			
mens-retro-business-stripe-print-long-sleeve-polo-shirt-3	Men's Retro Business Stripe Print Half Sleeve POLO T-Shirt	"<p><strong>Description</strong><br><strong>SPU:</strong> MPO480864<br><strong>Material:</strong> Cotton Blends/Polyester<br><strong>Style:</strong> Casual, Boho, Daily, Street, Stylish, Business ??<br><strong>Pattern Type:</strong> Mixed Print, Letter ??<br><strong>Elastic:</strong> Yes (Elastic) ??<br><strong>Fit Type:</strong> Regular<br><strong>Sleeve Style:</strong> Regular Sleeve<br><strong>Clothing Length Type:</strong> Regular</p> <p><em>The item does not include any accessories in the picture, unless stated otherwise in the product description.</em></p> <hr> <p><strong>Size Chart</strong></p> <table> <thead> <tr> <th>Size</th> <th>Shoulder (cm/inch)</th> <th>Bust (cm/inch)</th> <th>Sleeve Length (cm/inch)</th> <th>Clothing Length (cm/inch)</th> </tr> </thead> <tbody> <tr> <td>M</td> <td>45.0 / 17.72</td> <td>99.0 / 38.98</td> <td>64.0 / 25.20</td> <td>68.0 / 26.77</td> </tr> <tr> <td>L</td> <td>46.0 / 18.11</td> <td>104.0 / 40.94</td> <td>65.0 / 25.59</td> <td>70.0 / 27.56</td> </tr> <tr> <td>XL</td> <td>47.0 / 18.50</td> <td>108.0 / 42.52</td> <td>66.0 / 25.98</td> <td>71.0 / 27.95</td> </tr> <tr> <td>2XL</td> <td>48.0 / 18.90</td> <td>112.0 / 44.09</td> <td>67.0 / 26.38</td> <td>73.0 / 28.74</td> </tr> <tr> <td>3XL</td> <td>49.0 / 19.29</td> <td>116.0 / 45.67</td> <td>68.0 / 26.77</td> <td>74.0 / 29.13</td> </tr> <tr> <td>4XL</td> <td>50.0 / 19.68</td> <td>120.0 / 47.24</td> <td>69.0 / 27.17</td> <td>76.0 / 29.92</td> </tr> <tr> <td>5XL</td> <td>51.0 / 20.08</td> <td>124.0 / 48.82</td> <td>70.0 / 27.56</td> <td>78.0 / 30.71</td> </tr> </tbody> </table> <p>This trendy t-shirt, designed with mixed prints and bold letter details, is made for both style and comfort. Perfect for casual outings, daily wear, or a business casual look. The elastic fabric ensures a perfect fit, while the regular sleeve and clothing length provide a versatile, flattering silhouette. ??</p>"	SALE				2025-06-10T21:49:29+05:30	Size	M						0			deny	manual	99	1599		FALSE		https://cdn.shopify.com/s/files/1/0712/7485/6588/files/0047f9c6e3892f01ed55c6c729b6d0ea8e188205.jpg?v=1749572370	1			https://cdn.shopify.com/s/files/1/0712/7485/6588/files/0047f9c6e3892f01ed55c6c729b6d0ea8e188205.jpg?v=1749572370			
mens-retro-business-stripe-print-long-sleeve-polo-shirt-3								Size	L						0			deny	manual	99	1599		FALSE									
mens-retro-business-stripe-print-long-sleeve-polo-shirt-3								Size	XL						0			deny	manual	99	1599		FALSE									
mens-retro-business-stripe-print-long-sleeve-polo-shirt-3								Size	2XL						0			deny	manual	99	1599		FALSE									
mens-retro-business-stripe-print-long-sleeve-polo-shirt-3								Size	3XL						0			deny	manual	99	1599		FALSE									
mens-retro-business-stripe-print-long-sleeve-polo-shirt-3								Size	4XL						0			deny	manual	99	1599		FALSE									
mens-retro-business-stripe-print-long-sleeve-polo-shirt-3								Size	5XL						0			deny	manual	99	1599		FALSE									
mens-retro-business-stripe-print-long-sleeve-polo-shirt-5	Men's Retro Business Stripe Print Half Sleeve POLO T-Shirt	"<p><strong>Description</strong><br><strong>Material:</strong> Cotton Blends/Polyester ??<br><strong>Style:</strong> Casual/Boho/Daily/Street/Stylish/Business ??<br><strong>Pattern Type:</strong> Mixed Print/Letter ?<br><strong>Elastic:</strong> Yes (Elastic) ??<br><strong>Fit Type:</strong> Regular ??<br><strong>Sleeve Style:</strong> Regular Sleeve ??<br><strong>Clothing Length Type:</strong> Regular ??</p> <p><em>The item does not include any accessories in the picture, unless stated otherwise in the product description.</em></p> <hr> <p><strong>Size Chart</strong></p> <table> <thead> <tr> <th>Size</th> <th>Shoulder (cm/inch)</th> <th>Bust (cm/inch)</th> <th>Sleeve Length (cm/inch)</th> <th>Clothing Length (cm/inch)</th> </tr> </thead> <tbody> <tr> <td>M</td> <td>45.0 / 17.72</td> <td>99.0 / 38.98</td> <td>64.0 / 25.20</td> <td>68.0 / 26.77</td> </tr> <tr> <td>L</td> <td>46.0 / 18.11</td> <td>104.0 / 40.94</td> <td>65.0 / 25.59</td> <td>70.0 / 27.56</td> </tr> <tr> <td>XL</td> <td>47.0 / 18.50</td> <td>108.0 / 42.52</td> <td>66.0 / 25.98</td> <td>71.0 / 27.95</td> </tr> <tr> <td>2XL</td> <td>48.0 / 18.90</td> <td>112.0 / 44.09</td> <td>67.0 / 26.38</td> <td>73.0 / 28.74</td> </tr> <tr> <td>3XL</td> <td>49.0 / 19.29</td> <td>116.0 / 45.67</td> <td>68.0 / 26.77</td> <td>74.0 / 29.13</td> </tr> <tr> <td>4XL</td> <td>50.0 / 19.68</td> <td>120.0 / 47.24</td> <td>69.0 / 27.17</td> <td>76.0 / 29.92</td> </tr> <tr> <td>5XL</td> <td>51.0 / 20.08</td> <td>124.0 / 48.82</td> <td>70.0 / 27.56</td> <td>78.0 / 30.71</td> </tr> </tbody> </table> <p>This stylish and comfortable mixed print top is perfect for a variety of occasions, whether you're dressing casually or looking for something more professional. Ideal for everyday wear or adding a pop to your street look! ??</p>"	SALE				2025-06-10T21:48:57+05:30	Size	M						0			deny	manual	99	1499		FALSE		https://cdn.shopify.com/s/files/1/0712/7485/6588/files/bc8a9066551436a05a917fedfd2633021d68cc53.jpg?v=1749572339	1			https://cdn.shopify.com/s/files/1/0712/7485/6588/files/bc8a9066551436a05a917fedfd2633021d68cc53.jpg?v=1749572339			
mens-retro-business-stripe-print-long-sleeve-polo-shirt-5								Size	L						0			deny	manual	99	1499		FALSE									
mens-retro-business-stripe-print-long-sleeve-polo-shirt-5								Size	XL						0			deny	manual	99	1499		FALSE									
mens-retro-business-stripe-print-long-sleeve-polo-shirt-5								Size	2XL						0			deny	manual	99	1499		FALSE									
mens-retro-business-stripe-print-long-sleeve-polo-shirt-5								Size	3XL						0			deny	manual	99	1499		FALSE									
mens-retro-business-stripe-print-long-sleeve-polo-shirt-5								Size	4XL						0			deny	manual	99	1499		FALSE									
mens-retro-business-stripe-print-long-sleeve-polo-shirt-5								Size	5XL						0			deny	manual	99	1499		FALSE									
mens-retro-business-stripe-print-long-sleeve-polo-shirt	Men's Retro Business Stripe Print Half Sleeve POLO T-Shirt	"<p><strong>Description</strong><br><strong>SPU:</strong> MPO480855<br><strong>Material:</strong> Cotton Blends/Polyester<br><strong>Style:</strong> Casual, Boho, Daily, Street, Stylish, Business ???<br><strong>Pattern Type:</strong> Mixed Print, Letter ??<br><strong>Elastic:</strong> Yes (Elastic) ?????<br><strong>Fit Type:</strong> Regular ??<br><strong>Sleeve Style:</strong> Regular Sleeve ???<br><strong>Clothing Length Type:</strong> Regular ??</p> <p><strong>Size Chart</strong></p> <table> <thead> <tr> <th>Size</th> <th>Shoulder (cm/inch)</th> <th>Bust (cm/inch)</th> <th>Sleeve Length (cm/inch)</th> <th>Clothing Length (cm/inch)</th> </tr> </thead> <tbody> <tr> <td>M</td> <td>45.0 / 17.72</td> <td>99.0 / 38.98</td> <td>64.0 / 25.20</td> <td>68.0 / 26.77</td> </tr> <tr> <td>L</td> <td>46.0 / 18.11</td> <td>104.0 / 40.94</td> <td>65.0 / 25.59</td> <td>70.0 / 27.56</td> </tr> <tr> <td>XL</td> <td>47.0 / 18.50</td> <td>108.0 / 42.52</td> <td>66.0 / 25.98</td> <td>71.0 / 27.95</td> </tr> <tr> <td>2XL</td> <td>48.0 / 18.90</td> <td>112.0 / 44.09</td> <td>67.0 / 26.38</td> <td>73.0 / 28.74</td> </tr> <tr> <td>3XL</td> <td>49.0 / 19.29</td> <td>116.0 / 45.67</td> <td>68.0 / 26.77</td> <td>74.0 / 29.13</td> </tr> <tr> <td>4XL</td> <td>50.0 / 19.68</td> <td>120.0 / 47.24</td> <td>69.0 / 27.17</td> <td>76.0 / 29.92</td> </tr> <tr> <td>5XL</td> <td>51.0 / 20.08</td> <td>124.0 / 48.82</td> <td>70.0 / 27.56</td> <td>78.0 / 30.71</td> </tr> </tbody> </table> <p>This versatile t-shirt combines style and comfort, making it perfect for casual outings, business, or street fashion. Whether you're dressing up or keeping it casual, this tee will have you covered! ?????</p>"	SALE				2025-06-10T21:47:51+05:30	Size	S						0			deny	manual	99	1499		FALSE		https://cdn.shopify.com/s/files/1/0712/7485/6588/files/32ecb0a248bd1d88f604c6162e454657726f5ca7-1200.jpg?v=1749572272	1			https://cdn.shopify.com/s/files/1/0712/7485/6588/files/32ecb0a248bd1d88f604c6162e454657726f5ca7-1200.jpg?v=1749572272			
mens-retro-business-stripe-print-long-sleeve-polo-shirt								Size	M						0			deny	manual	99	1499		FALSE						https://cdn.shopify.com/s/files/1/0712/7485/6588/files/32ecb0a248bd1d88f604c6162e454657726f5ca7-1200.jpg?v=1749572272			
mens-retro-business-stripe-print-long-sleeve-polo-shirt								Size	L						0			deny	manual	99	1499		FALSE						https://cdn.shopify.com/s/files/1/0712/7485/6588/files/32ecb0a248bd1d88f604c6162e454657726f5ca7-1200.jpg?v=1749572272			
mens-retro-business-stripe-print-long-sleeve-polo-shirt								Size	XL						0			deny	manual	99	1499		FALSE						https://cdn.shopify.com/s/files/1/0712/7485/6588/files/32ecb0a248bd1d88f604c6162e454657726f5ca7-1200.jpg?v=1749572272			
mens-retro-business-stripe-print-long-sleeve-polo-shirt								Size	2XL						0			deny	manual	99	1499		FALSE						https://cdn.shopify.com/s/files/1/0712/7485/6588/files/32ecb0a248bd1d88f604c6162e454657726f5ca7-1200.jpg?v=1749572272			
mens-retro-business-stripe-print-long-sleeve-polo-shirt								Size	3XL						0			deny	manual	99	1499		FALSE						https://cdn.shopify.com/s/files/1/0712/7485/6588/files/32ecb0a248bd1d88f604c6162e454657726f5ca7-1200.jpg?v=1749572272			
mens-retro-business-stripe-print-long-sleeve-polo-shirt								Size	4XL						0			deny	manual	99	1499		FALSE						https://cdn.shopify.com/s/files/1/0712/7485/6588/files/32ecb0a248bd1d88f604c6162e454657726f5ca7-1200.jpg?v=1749572272			
mens-retro-business-stripe-print-long-sleeve-polo-shirt								Size	5XL						0			deny	manual	99	1499		FALSE						https://cdn.shopify.com/s/files/1/0712/7485/6588/files/32ecb0a248bd1d88f604c6162e454657726f5ca7-1200.jpg?v=1749572272			
mens-retro-business-stripe-print-long-sleeve-polo-shirt-2	Men's Retro Business Stripe Print Half Sleeve POLO T-Shirt	"<p><strong>Description</strong><br><strong>SPU:</strong> MPO480865<br><strong>Material:</strong> Cotton Blends/Polyester<br><strong>Style:</strong> Casual, Boho, Daily, Street, Stylish, Business ??<br><strong>Pattern Type:</strong> Mixed Print, Letter ??<br><strong>Elastic:</strong> Yes (Elastic) ?????<br><strong>Fit Type:</strong> Regular ??<br><strong>Sleeve Style:</strong> Regular Sleeve ??<br><strong>Clothing Length Type:</strong> Regular ??</p> <p><em>The item does not include any accessories in the picture, unless stated otherwise in the product description.</em></p> <p><strong>Size Chart</strong></p> <table> <thead> <tr> <th>Size</th> <th>Shoulder (cm/inch)</th> <th>Bust (cm/inch)</th> <th>Sleeve Length (cm/inch)</th> <th>Clothing Length (cm/inch)</th> </tr> </thead> <tbody> <tr> <td>M</td> <td>45.0 / 17.72</td> <td>99.0 / 38.98</td> <td>64.0 / 25.20</td> <td>68.0 / 26.77</td> </tr> <tr> <td>L</td> <td>46.0 / 18.11</td> <td>104.0 / 40.94</td> <td>65.0 / 25.59</td> <td>70.0 / 27.56</td> </tr> <tr> <td>XL</td> <td>47.0 / 18.50</td> <td>108.0 / 42.52</td> <td>66.0 / 25.98</td> <td>71.0 / 27.95</td> </tr> <tr> <td>2XL</td> <td>48.0 / 18.90</td> <td>112.0 / 44.09</td> <td>67.0 / 26.38</td> <td>73.0 / 28.74</td> </tr> <tr> <td>3XL</td> <td>49.0 / 19.29</td> <td>116.0 / 45.67</td> <td>68.0 / 26.77</td> <td>74.0 / 29.13</td> </tr> <tr> <td>4XL</td> <td>50.0 / 19.68</td> <td>120.0 / 47.24</td> <td>69.0 / 27.17</td> <td>76.0 / 29.92</td> </tr> <tr> <td>5XL</td> <td>51.0 / 20.08</td> <td>124.0 / 48.82</td> <td>70.0 / 27.56</td> <td>78.0 / 30.71</td> </tr> </tbody> </table> <p>This versatile t-shirt features a mixed print with letter detailing for a unique and stylish look. Perfect for any occasion, it offers all-day comfort and a regular fit for a relaxed, flattering silhouette! ??</p>"	SALE				2025-06-10T21:47:34+05:30	Size	S						0			deny	manual	99	1499		FALSE		https://cdn.shopify.com/s/files/1/0712/7485/6588/files/6c523710e957068c1be17e14c034583ab9c1d225-2000.jpg?v=1749572255	1			https://cdn.shopify.com/s/files/1/0712/7485/6588/files/6c523710e957068c1be17e14c034583ab9c1d225-2000.jpg?v=1749572255			
mens-retro-business-stripe-print-long-sleeve-polo-shirt-2								Size	M						0			deny	manual	99	1499		FALSE									
mens-retro-business-stripe-print-long-sleeve-polo-shirt-2								Size	L						0			deny	manual	99	1499		FALSE									
mens-retro-business-stripe-print-long-sleeve-polo-shirt-2								Size	XL						0			deny	manual	99	1499		FALSE									
mens-retro-business-stripe-print-long-sleeve-polo-shirt-2								Size	2XL						0			deny	manual	99	1499		FALSE									
mens-retro-business-stripe-print-long-sleeve-polo-shirt-2								Size	3XL						0			deny	manual	99	1499		FALSE									
mens-retro-business-stripe-print-long-sleeve-polo-shirt-2								Size	4XL						0			deny	manual	99	1499		FALSE									
mens-retro-business-stripe-print-long-sleeve-polo-shirt-2								Size	5XL						0			deny	manual	99	1499		FALSE									
mens-retro-business-stripe-print-long-sleeve-polo-shirt-4	Men's Retro Business Stripe Print Long Sleeve Polo T-Shirt	"<p><strong>Description</strong><br><strong>Material:</strong> Cotton Blends/Polyester<br><strong>Style:</strong> Casual, Boho, Daily, Street, Stylish, Business ????<br><strong>Pattern Type:</strong> Mixed Print, Letter ????<br><strong>Elastic:</strong> Yes (Elastic) ??<br><strong>Fit Type:</strong> Regular<br><strong>Sleeve Style:</strong> Regular Sleeve<br><strong>Clothing Length Type:</strong> Regular</p> <p><em>The item does not include any accessories in the picture, unless stated otherwise in the product description.</em></p> <hr> <p><strong>Size Chart</strong></p> <table> <thead> <tr> <th>Size</th> <th>Shoulder (cm/inch)</th> <th>Bust (cm/inch)</th> <th>Sleeve Length (cm/inch)</th> <th>Clothing Length (cm/inch)</th> </tr> </thead> <tbody> <tr> <td>M</td> <td>45.0 / 17.72</td> <td>99.0 / 38.98</td> <td>64.0 / 25.20</td> <td>68.0 / 26.77</td> </tr> <tr> <td>L</td> <td>46.0 / 18.11</td> <td>104.0 / 40.94</td> <td>65.0 / 25.59</td> <td>70.0 / 27.56</td> </tr> <tr> <td>XL</td> <td>47.0 / 18.50</td> <td>108.0 / 42.52</td> <td>66.0 / 25.98</td> <td>71.0 / 27.95</td> </tr> <tr> <td>2XL</td> <td>48.0 / 18.90</td> <td>112.0 / 44.09</td> <td>67.0 / 26.38</td> <td>73.0 / 28.74</td> </tr> <tr> <td>3XL</td> <td>49.0 / 19.29</td> <td>116.0 / 45.67</td> <td>68.0 / 26.77</td> <td>74.0 / 29.13</td> </tr> <tr> <td>4XL</td> <td>50.0 / 19.68</td> <td>120.0 / 47.24</td> <td>69.0 / 27.17</td> <td>76.0 / 29.92</td> </tr> <tr> <td>5XL</td> <td>51.0 / 20.08</td> <td>124.0 / 48.82</td> <td>70.0 / 27.56</td> <td>78.0 / 30.71</td> </tr> </tbody> </table> <p>This casual and stylish top combines a chic mixed print and letter design, offering a comfortable yet fashionable look. The elastic material ensures a perfect fit for all-day wear, whether for business, daily, or street-style occasions.</p>"	SALE				2025-06-10T21:49:16+05:30	Size	M						0			deny	manual	99	1399		FALSE		https://cdn.shopify.com/s/files/1/0712/7485/6588/files/4d89e7a92e556e98b2962e15c1fb8f481c710ae7-1200.jpg?v=1749572357	1			https://cdn.shopify.com/s/files/1/0712/7485/6588/files/4d89e7a92e556e98b2962e15c1fb8f481c710ae7-1200.jpg?v=1749572357			
mens-retro-business-stripe-print-long-sleeve-polo-shirt-4								Size	L						0			deny	manual	99	1399		FALSE									
mens-retro-business-stripe-print-long-sleeve-polo-shirt-4								Size	XL						0			deny	manual	99	1399		FALSE									
mens-retro-business-stripe-print-long-sleeve-polo-shirt-4								Size	2XL						0			deny	manual	99	1399		FALSE									
mens-retro-business-stripe-print-long-sleeve-polo-shirt-4								Size	3XL						0			deny	manual	99	1399		FALSE									
mens-retro-business-stripe-print-long-sleeve-polo-shirt-4								Size	4XL						0			deny	manual	99	1399		FALSE									
mens-retro-business-stripe-print-long-sleeve-polo-shirt-4								Size	5XL						0			deny	manual	99	1399		FALSE									
mens-vintage-business-coconut-tree-logo-stripe-print-long-sleeve-polo-shirt	Men's Vintage Business Coconut Tree Logo Stripe Print Half Sleeve Polo T-Shirt	"<p><strong>Description</strong><br><strong>SPU:</strong> MPO492091<br><strong>Material:</strong> Cotton Blends/Polyester<br><strong>Style:</strong> Casual, Boho, Daily, Street, Stylish, Business ??<br><strong>Pattern Type:</strong> Mixed Print, Letter ???<br><strong>Elastic:</strong> Yes (Elastic) ?????<br><strong>Fit Type:</strong> Regular ??<br><strong>Sleeve Style:</strong> Regular Sleeve ??<br><strong>Clothing Length Type:</strong> Regular ??</p> <p><em>The item does not include any accessories in the picture, unless stated otherwise in the product description.</em></p> <p><strong>Size Chart</strong></p> <table> <thead> <tr> <th>Size</th> <th>Shoulder (cm/inch)</th> <th>Bust (cm/inch)</th> <th>Sleeve Length (cm/inch)</th> <th>Clothing Length (cm/inch)</th> </tr> </thead> <tbody> <tr> <td>M</td> <td>45.0 / 17.72</td> <td>99.0 / 38.98</td> <td>64.0 / 25.20</td> <td>68.0 / 26.77</td> </tr> <tr> <td>L</td> <td>46.0 / 18.11</td> <td>104.0 / 40.94</td> <td>65.0 / 25.59</td> <td>70.0 / 27.56</td> </tr> <tr> <td>XL</td> <td>47.0 / 18.50</td> <td>108.0 / 42.52</td> <td>66.0 / 25.98</td> <td>71.0 / 27.95</td> </tr> <tr> <td>2XL</td> <td>48.0 / 18.90</td> <td>112.0 / 44.09</td> <td>67.0 / 26.38</td> <td>73.0 / 28.74</td> </tr> <tr> <td>3XL</td> <td>49.0 / 19.29</td> <td>116.0 / 45.67</td> <td>68.0 / 26.77</td> <td>74.0 / 29.13</td> </tr> <tr> <td>4XL</td> <td>50.0 / 19.68</td> <td>120.0 / 47.24</td> <td>69.0 / 27.17</td> <td>76.0 / 29.92</td> </tr> <tr> <td>5XL</td> <td>51.0 / 20.08</td> <td>124.0 / 48.82</td> <td>70.0 / 27.56</td> <td>78.0 / 30.71</td> </tr> </tbody> </table> <p>This stylish t-shirt is perfect for casual, business, or streetwear styles. The mixed print and letter details provide a unique, bold look, while the regular fit ensures all-day comfort! ?</p>"	SALE				2025-06-10T21:47:40+05:30	Size	S						0			deny	manual	99	1499		FALSE		https://cdn.shopify.com/s/files/1/0712/7485/6588/files/2275327385aefa76472743d2d89f364c88d9a6b1-1200.jpg?v=1749572261	1			https://cdn.shopify.com/s/files/1/0712/7485/6588/files/2275327385aefa76472743d2d89f364c88d9a6b1-1200.jpg?v=1749572261			
mens-vintage-business-coconut-tree-logo-stripe-print-long-sleeve-polo-shirt								Size	M						0			deny	manual	99	1499		FALSE									
mens-vintage-business-coconut-tree-logo-stripe-print-long-sleeve-polo-shirt								Size	L						0			deny	manual	99	1499		FALSE									
mens-vintage-business-coconut-tree-logo-stripe-print-long-sleeve-polo-shirt								Size	XL						0			deny	manual	99	1499		FALSE									
mens-vintage-business-coconut-tree-logo-stripe-print-long-sleeve-polo-shirt								Size	2XL						0			deny	manual	99	1499		FALSE									
mens-vintage-business-coconut-tree-logo-stripe-print-long-sleeve-polo-shirt								Size	3XL						0			deny	manual	99	1499		FALSE									
mens-vintage-business-coconut-tree-logo-stripe-print-long-sleeve-polo-shirt								Size	4XL						0			deny	manual	99	1499		FALSE									
mens-vintage-business-coconut-tree-logo-stripe-print-long-sleeve-polo-shirt								Size	5XL						0			deny	manual	99	1499		FALSE									
mens-vintage-business-long-sleeve-polo-shirt	Men's Vintage Business Half Sleeve Polo T-Shirt	"<p><strong>Description</strong><br><strong>SPU:</strong> MPO494238<br><strong>Material:</strong> Cotton Blends/Polyester<br><strong>Style:</strong> Casual, Boho, Daily, Street, Stylish, Business ??<br><strong>Pattern Type:</strong> Mixed Print ??<br><strong>Elastic:</strong> Yes (Elastic) ??<br><strong>Fit Type:</strong> Regular<br><strong>Sleeve Style:</strong> Regular Sleeve<br><strong>Clothing Length Type:</strong> Regular</p> <p><em>The item does not include any accessories in the picture, unless stated otherwise in the product description.</em></p> <p><strong>Size Chart</strong></p> <table> <thead> <tr> <th>Size</th> <th>Shoulder (cm/inch)</th> <th>Bust (cm/inch)</th> <th>Sleeve Length (cm/inch)</th> <th>Clothing Length (cm/inch)</th> </tr> </thead> <tbody> <tr> <td>M</td> <td>45.0 / 17.72</td> <td>99.0 / 38.98</td> <td>64.0 / 25.20</td> <td>68.0 / 26.77</td> </tr> <tr> <td>L</td> <td>46.0 / 18.11</td> <td>104.0 / 40.94</td> <td>65.0 / 25.59</td> <td>70.0 / 27.56</td> </tr> <tr> <td>XL</td> <td>47.0 / 18.50</td> <td>108.0 / 42.52</td> <td>66.0 / 25.98</td> <td>71.0 / 27.95</td> </tr> <tr> <td>2XL</td> <td>48.0 / 18.90</td> <td>112.0 / 44.09</td> <td>67.0 / 26.38</td> <td>73.0 / 28.74</td> </tr> <tr> <td>3XL</td> <td>49.0 / 19.29</td> <td>116.0 / 45.67</td> <td>68.0 / 26.77</td> <td>74.0 / 29.13</td> </tr> <tr> <td>4XL</td> <td>50.0 / 19.68</td> <td>120.0 / 47.24</td> <td>69.0 / 27.17</td> <td>76.0 / 29.92</td> </tr> <tr> <td>5XL</td> <td>51.0 / 20.08</td> <td>124.0 / 48.82</td> <td>70.0 / 27.56</td> <td>78.0 / 30.71</td> </tr> </tbody> </table> <p>This versatile t-shirt blends style and comfort with its unique mixed print design, perfect for casual outings, daily wear, and business environments. Its elastic fit ensures you stay comfortable all day long while maintaining a sleek and fashionable look. ??</p>"	SALE				2025-06-10T21:49:31+05:30	Size	M						0			deny	manual	99	1599		FALSE		https://cdn.shopify.com/s/files/1/0712/7485/6588/files/fffca7eb235fa5c39b6227dd0415a618ff43bd05-900.jpg?v=1749572372	1			https://cdn.shopify.com/s/files/1/0712/7485/6588/files/fffca7eb235fa5c39b6227dd0415a618ff43bd05-900.jpg?v=1749572372			
mens-vintage-business-long-sleeve-polo-shirt								Size	L						0			deny	manual	99	1599		FALSE									
mens-vintage-business-long-sleeve-polo-shirt								Size	XL						0			deny	manual	99	1599		FALSE									
mens-vintage-business-long-sleeve-polo-shirt								Size	2XL						0			deny	manual	99	1599		FALSE									
mens-vintage-business-long-sleeve-polo-shirt								Size	3XL						0			deny	manual	99	1599		FALSE									
mens-vintage-business-long-sleeve-polo-shirt								Size	4XL						0			deny	manual	99	1599		FALSE									
mens-vintage-business-long-sleeve-polo-shirt								Size	5XL						0			deny	manual	99	1599		FALSE									
mens-vintage-business-long-sleeve-polo-shirt-1	Men's Vintage Business Half Sleeve Polo T-Shirt	"<p><strong>Description</strong><br><strong>SPU:</strong> MPO494245<br><strong>Material:</strong> Cotton Blends/Polyester<br><strong>Style:</strong> Casual/Boho/Daily/Street/Stylish/Business ??<br><strong>Pattern Type:</strong> Mixed Print ??<br><strong>Elastic:</strong> Yes (Elastic) ??<br><strong>Fit Type:</strong> Regular ??<br><strong>Sleeve Style:</strong> Regular Sleeve ??<br><strong>Clothing Length Type:</strong> Regular ??</p> <p><em>The item does not include any accessories in the picture, unless stated otherwise in the product description.</em></p> <hr> <p><strong>Size Chart</strong></p> <table> <thead> <tr> <th>Size</th> <th>Shoulder (cm/inch)</th> <th>Bust (cm/inch)</th> <th>Sleeve Length (cm/inch)</th> <th>Clothing Length (cm/inch)</th> </tr> </thead> <tbody> <tr> <td>M</td> <td>45.0 / 17.72</td> <td>99.0 / 38.98</td> <td>64.0 / 25.20</td> <td>68.0 / 26.77</td> </tr> <tr> <td>L</td> <td>46.0 / 18.11</td> <td>104.0 / 40.94</td> <td>65.0 / 25.59</td> <td>70.0 / 27.56</td> </tr> <tr> <td>XL</td> <td>47.0 / 18.50</td> <td>108.0 / 42.52</td> <td>66.0 / 25.98</td> <td>71.0 / 27.95</td> </tr> <tr> <td>2XL</td> <td>48.0 / 18.90</td> <td>112.0 / 44.09</td> <td>67.0 / 26.38</td> <td>73.0 / 28.74</td> </tr> <tr> <td>3XL</td> <td>49.0 / 19.29</td> <td>116.0 / 45.67</td> <td>68.0 / 26.77</td> <td>74.0 / 29.13</td> </tr> <tr> <td>4XL</td> <td>50.0 / 19.68</td> <td>120.0 / 47.24</td> <td>69.0 / 27.17</td> <td>76.0 / 29.92</td> </tr> <tr> <td>5XL</td> <td>51.0 / 20.08</td> <td>124.0 / 48.82</td> <td>70.0 / 27.56</td> <td>78.0 / 30.71</td> </tr> </tbody> </table> <p>This trendy top is perfect for casual, boho, and stylish looks! Featuring a mixed print design, it's made with a comfortable elastic material for a great fit. Ideal for daily wear, work, or street style. ????</p>"	SALE				2025-06-10T21:49:11+05:30	Size	M						0			deny	manual	99	1499		FALSE		https://cdn.shopify.com/s/files/1/0712/7485/6588/files/aaebf6d5b726226af95c25a1d1948b9323c5d792-1200.png?v=1749572353	1			https://cdn.shopify.com/s/files/1/0712/7485/6588/files/aaebf6d5b726226af95c25a1d1948b9323c5d792-1200.png?v=1749572353			
mens-vintage-business-long-sleeve-polo-shirt-1								Size	L						0			deny	manual	99	1499		FALSE									
mens-vintage-business-long-sleeve-polo-shirt-1								Size	XL						0			deny	manual	99	1499		FALSE									
mens-vintage-business-long-sleeve-polo-shirt-1								Size	2XL						0			deny	manual	99	1499		FALSE									
mens-vintage-business-long-sleeve-polo-shirt-1								Size	3XL						0			deny	manual	99	1499		FALSE									
mens-vintage-business-long-sleeve-polo-shirt-1								Size	4XL						0			deny	manual	99	1499		FALSE									
mens-vintage-business-long-sleeve-polo-shirt-1								Size	5XL						0			deny	manual	99	1499		FALSE									
mens-vintage-business-long-sleeve-polo-shirt-6	Men's Vintage Business Half Sleeve Polo T-Shirt	"<p><strong>Description</strong><br><strong>SPU:</strong> MPO495482<br><strong>Material:</strong> Cotton Blends/Polyester<br><strong>Style:</strong> Casual/Boho/Daily/Street/Stylish/Business ??<br><strong>Pattern Type:</strong> Mixed Print ??<br><strong>Elastic:</strong> Yes (Elastic) ??<br><strong>Fit Type:</strong> Regular ??<br><strong>Sleeve Style:</strong> Regular Sleeve ??<br><strong>Clothing Length Type:</strong> Regular ??</p> <p><em>The item does not include any accessories in the picture, unless stated otherwise in the product description.</em></p> <hr> <p><strong>Size Chart</strong></p> <table> <thead> <tr> <th>Size</th> <th>Shoulder (cm/inch)</th> <th>Bust (cm/inch)</th> <th>Sleeve Length (cm/inch)</th> <th>Clothing Length (cm/inch)</th> </tr> </thead> <tbody> <tr> <td>M</td> <td>45.0 / 17.72</td> <td>99.0 / 38.98</td> <td>64.0 / 25.20</td> <td>68.0 / 26.77</td> </tr> <tr> <td>L</td> <td>46.0 / 18.11</td> <td>104.0 / 40.94</td> <td>65.0 / 25.59</td> <td>70.0 / 27.56</td> </tr> <tr> <td>XL</td> <td>47.0 / 18.50</td> <td>108.0 / 42.52</td> <td>66.0 / 25.98</td> <td>71.0 / 27.95</td> </tr> <tr> <td>2XL</td> <td>48.0 / 18.90</td> <td>112.0 / 44.09</td> <td>67.0 / 26.38</td> <td>73.0 / 28.74</td> </tr> <tr> <td>3XL</td> <td>49.0 / 19.29</td> <td>116.0 / 45.67</td> <td>68.0 / 26.77</td> <td>74.0 / 29.13</td> </tr> <tr> <td>4XL</td> <td>50.0 / 19.68</td> <td>120.0 / 47.24</td> <td>69.0 / 27.17</td> <td>76.0 / 29.92</td> </tr> <tr> <td>5XL</td> <td>51.0 / 20.08</td> <td>124.0 / 48.82</td> <td>70.0 / 27.56</td> <td>78.0 / 30.71</td> </tr> </tbody> </table> <p>This stylish mixed-print top combines comfort with casual street fashion. The regular fit and elastic material offer easy movement, making it perfect for business meetings, daily wear, or a relaxed weekend look. ??</p>"	SALE				2025-06-10T21:49:02+05:30	Size	M						0			deny	manual	99	1399		FALSE		https://cdn.shopify.com/s/files/1/0712/7485/6588/files/a920442a898a9603ebbfd70d7bf2f78538b0e59d-1000.jpg?v=1749572343	1			https://cdn.shopify.com/s/files/1/0712/7485/6588/files/a920442a898a9603ebbfd70d7bf2f78538b0e59d-1000.jpg?v=1749572343			
mens-vintage-business-long-sleeve-polo-shirt-6								Size	L						0			deny	manual	99	1399		FALSE									
mens-vintage-business-long-sleeve-polo-shirt-6								Size	XL						0			deny	manual	99	1399		FALSE									
mens-vintage-business-long-sleeve-polo-shirt-6								Size	2XL						0			deny	manual	99	1399		FALSE									
mens-vintage-business-long-sleeve-polo-shirt-6								Size	3XL						0			deny	manual	99	1399		FALSE									
mens-vintage-business-long-sleeve-polo-shirt-6								Size	4XL						0			deny	manual	99	1399		FALSE									
mens-vintage-business-long-sleeve-polo-shirt-6								Size	5XL						0			deny	manual	99	1399		FALSE									
mens-vintage-business-long-sleeve-polo-shirt-7	Men's Vintage Business Half Sleeve Polo T-Shirt	"<p><strong>Description</strong><br><strong>SPU:</strong> MPO495563<br><strong>Material:</strong> Cotton Blends/Polyester<br><strong>Style:</strong> Casual/Boho/Daily/Street/Stylish/Business ??<br><strong>Pattern Type:</strong> Mixed Print ??<br><strong>Elastic:</strong> Yes (Elastic) ??<br><strong>Fit Type:</strong> Regular ??<br><strong>Sleeve Style:</strong> Regular Sleeve ??<br><strong>Clothing Length Type:</strong> Regular ??</p> <p><em>The item does not include any accessories in the picture, unless stated otherwise in the product description.</em></p> <hr> <p><strong>Size Chart</strong></p> <table> <thead> <tr> <th>Size</th> <th>Shoulder (cm/inch)</th> <th>Bust (cm/inch)</th> <th>Sleeve Length (cm/inch)</th> <th>Clothing Length (cm/inch)</th> </tr> </thead> <tbody> <tr> <td>M</td> <td>45.0 / 17.72</td> <td>99.0 / 38.98</td> <td>64.0 / 25.20</td> <td>68.0 / 26.77</td> </tr> <tr> <td>L</td> <td>46.0 / 18.11</td> <td>104.0 / 40.94</td> <td>65.0 / 25.59</td> <td>70.0 / 27.56</td> </tr> <tr> <td>XL</td> <td>47.0 / 18.50</td> <td>108.0 / 42.52</td> <td>66.0 / 25.98</td> <td>71.0 / 27.95</td> </tr> <tr> <td>2XL</td> <td>48.0 / 18.90</td> <td>112.0 / 44.09</td> <td>67.0 / 26.38</td> <td>73.0 / 28.74</td> </tr> <tr> <td>3XL</td> <td>49.0 / 19.29</td> <td>116.0 / 45.67</td> <td>68.0 / 26.77</td> <td>74.0 / 29.13</td> </tr> <tr> <td>4XL</td> <td>50.0 / 19.68</td> <td>120.0 / 47.24</td> <td>69.0 / 27.17</td> <td>76.0 / 29.92</td> </tr> <tr> <td>5XL</td> <td>51.0 / 20.08</td> <td>124.0 / 48.82</td> <td>70.0 / 27.56</td> <td>78.0 / 30.71</td> </tr> </tbody> </table> <p>This mixed print top offers a blend of style, comfort, and versatility for any occasion, whether you're going for a business look or a more casual vibe. Perfect for your wardrobe! ??</p>"	SALE				2025-06-10T21:49:00+05:30	Size	M						0			deny	manual	99	1499		FALSE		https://cdn.shopify.com/s/files/1/0712/7485/6588/files/7201f2b587656eb4c6a3f5e7eb7fbd1491097c3f-1100.jpg?v=1749572341	1			https://cdn.shopify.com/s/files/1/0712/7485/6588/files/7201f2b587656eb4c6a3f5e7eb7fbd1491097c3f-1100.jpg?v=1749572341			
mens-vintage-business-long-sleeve-polo-shirt-7								Size	L						0			deny	manual	99	1499		FALSE									
mens-vintage-business-long-sleeve-polo-shirt-7								Size	XL						0			deny	manual	99	1499		FALSE									
mens-vintage-business-long-sleeve-polo-shirt-7								Size	2XL						0			deny	manual	99	1499		FALSE									
mens-vintage-business-long-sleeve-polo-shirt-7								Size	3XL						0			deny	manual	99	1499		FALSE									
mens-vintage-business-long-sleeve-polo-shirt-7								Size	4XL						0			deny	manual	99	1499		FALSE									
mens-vintage-business-long-sleeve-polo-shirt-7								Size	5XL						0			deny	manual	99	1499		FALSE									
mens-vintage-business-half-sleeve-polo-t-shirt	Men's Vintage Business Half Sleeve Polo T-Shirt	"<p><strong>Description</strong><br><strong>SPU:</strong> MPO492192<br><strong>Material:</strong> Cotton Blends/Polyester<br><strong>Style:</strong> Casual/Boho/Daily/Street/Stylish/Business<br><strong>Pattern Type:</strong> Mixed Print<br><strong>Elastic:</strong> Yes (Elastic)<br><strong>Fit Type:</strong> Regular<br><strong>Sleeve Style:</strong> Regular Sleeve<br><strong>Clothing Length Type:</strong> Regular</p> <p><em>The item does not include any accessories in the picture, unless stated otherwise in the product description.</em></p> <hr> <p><strong>Size Chart</strong></p> <table> <thead> <tr> <th>Size</th> <th>Shoulder (cm/inch)</th> <th>Bust (cm/inch)</th> <th>Sleeve Length (cm/inch)</th> <th>Clothing Length (cm/inch)</th> </tr> </thead> <tbody> <tr> <td>M</td> <td>45.0 / 17.72</td> <td>99.0 / 38.98</td> <td>64.0 / 25.20</td> <td>68.0 / 26.77</td> </tr> <tr> <td>L</td> <td>46.0 / 18.11</td> <td>104.0 / 40.94</td> <td>65.0 / 25.59</td> <td>70.0 / 27.56</td> </tr> <tr> <td>XL</td> <td>47.0 / 18.50</td> <td>108.0 / 42.52</td> <td>66.0 / 25.98</td> <td>71.0 / 27.95</td> </tr> <tr> <td>2XL</td> <td>48.0 / 18.90</td> <td>112.0 / 44.09</td> <td>67.0 / 26.38</td> <td>73.0 / 28.74</td> </tr> <tr> <td>3XL</td> <td>49.0 / 19.29</td> <td>116.0 / 45.67</td> <td>68.0 / 26.77</td> <td>74.0 / 29.13</td> </tr> <tr> <td>4XL</td> <td>50.0 / 19.68</td> <td>120.0 / 47.24</td> <td>69.0 / 27.17</td> <td>76.0 / 29.92</td> </tr> <tr> <td>5XL</td> <td>51.0 / 20.08</td> <td>124.0 / 48.82</td> <td>70.0 / 27.56</td> <td>78.0 / 30.71</td> </tr> </tbody> </table> <p>This stylish mixed print shirt offers a great casual or boho look, perfect for daily wear or street-style fashion. ????</p>"	SALE				2025-06-10T21:48:11+05:30	Size	M						0			deny	manual	99	1399		FALSE		https://cdn.shopify.com/s/files/1/0712/7485/6588/files/1323735fda3f4e0bc0d4f91481230d5d0e0d205b.jpg?v=1749572292	1			https://cdn.shopify.com/s/files/1/0712/7485/6588/files/1323735fda3f4e0bc0d4f91481230d5d0e0d205b.jpg?v=1749572292			
mens-vintage-business-half-sleeve-polo-t-shirt								Size	L						0			deny	manual	99	1399		FALSE									
mens-vintage-business-half-sleeve-polo-t-shirt								Size	XL						0			deny	manual	99	1399		FALSE									
mens-vintage-business-half-sleeve-polo-t-shirt								Size	2XL						0			deny	manual	99	1399		FALSE									
mens-vintage-business-half-sleeve-polo-t-shirt								Size	3XL						0			deny	manual	99	1399		FALSE									
mens-vintage-business-half-sleeve-polo-t-shirt								Size	4XL						0			deny	manual	99	1399		FALSE									
mens-vintage-business-half-sleeve-polo-t-shirt								Size	5XL						0			deny	manual	99	1399		FALSE									
mens-vintage-business-long-sleeve-polo-shirt-2	Men's Vintage Business Short Sleeve Polo T-Shirt	"<p><strong>Description</strong><br><strong>Material:</strong> Cotton Blends/Polyester<br><strong>Style:</strong> Casual/Boho/Daily/Street/Stylish/Business ??<br><strong>Pattern Type:</strong> Mixed Print ??<br><strong>Elastic:</strong> Yes (Elastic) ??<br><strong>Fit Type:</strong> Regular ??<br><strong>Sleeve Style:</strong> Regular Sleeve ??<br><strong>Clothing Length Type:</strong> Regular ??</p> <p><em>The item does not include any accessories in the picture, unless stated otherwise in the product description.</em></p> <hr> <p><strong>Size Chart</strong></p> <table> <thead> <tr> <th>Size</th> <th>Shoulder (cm/inch)</th> <th>Bust (cm/inch)</th> <th>Sleeve Length (cm/inch)</th> <th>Clothing Length (cm/inch)</th> </tr> </thead> <tbody> <tr> <td>M</td> <td>45.0 / 17.72</td> <td>99.0 / 38.98</td> <td>64.0 / 25.20</td> <td>68.0 / 26.77</td> </tr> <tr> <td>L</td> <td>46.0 / 18.11</td> <td>104.0 / 40.94</td> <td>65.0 / 25.59</td> <td>70.0 / 27.56</td> </tr> <tr> <td>XL</td> <td>47.0 / 18.50</td> <td>108.0 / 42.52</td> <td>66.0 / 25.98</td> <td>71.0 / 27.95</td> </tr> <tr> <td>2XL</td> <td>48.0 / 18.90</td> <td>112.0 / 44.09</td> <td>67.0 / 26.38</td> <td>73.0 / 28.74</td> </tr> <tr> <td>3XL</td> <td>49.0 / 19.29</td> <td>116.0 / 45.67</td> <td>68.0 / 26.77</td> <td>74.0 / 29.13</td> </tr> <tr> <td>4XL</td> <td>50.0 / 19.68</td> <td>120.0 / 47.24</td> <td>69.0 / 27.17</td> <td>76.0 / 29.92</td> </tr> <tr> <td>5XL</td> <td>51.0 / 20.08</td> <td>124.0 / 48.82</td> <td>70.0 / 27.56</td> <td>78.0 / 30.71</td> </tr> </tbody> </table> <p>This stylish top is perfect for casual, boho, and trendy street looks. Featuring a mixed print design, it's crafted from a comfortable, elastic material that gives a perfect fit. Great for daily wear, work, or stylish outings. ????</p>"	SALE				2025-06-10T21:49:09+05:30	Size	M						0			deny	manual	99	1499		FALSE		https://cdn.shopify.com/s/files/1/0712/7485/6588/files/d0b2fef9fcd6fe43bd694917e104fc184df7f711-1000.jpg?v=1749572351	1			https://cdn.shopify.com/s/files/1/0712/7485/6588/files/d0b2fef9fcd6fe43bd694917e104fc184df7f711-1000.jpg?v=1749572351			
mens-vintage-business-long-sleeve-polo-shirt-2								Size	L						0			deny	manual	99	1499		FALSE									
mens-vintage-business-long-sleeve-polo-shirt-2								Size	XL						0			deny	manual	99	1499		FALSE									
mens-vintage-business-long-sleeve-polo-shirt-2								Size	2XL						0			deny	manual	99	1499		FALSE									
mens-vintage-business-long-sleeve-polo-shirt-2								Size	3XL						0			deny	manual	99	1499		FALSE									
mens-vintage-business-long-sleeve-polo-shirt-2								Size	4XL						0			deny	manual	99	1499		FALSE									
mens-vintage-business-long-sleeve-polo-shirt-2								Size	5XL						0			deny	manual	99	1499		FALSE									
mens-vintage-business-long-sleeve-polo-shirt-3	Men's Vintage Business Short Sleeve Polo T-Shirt	"<p><strong>Description</strong><br><strong>SPU:</strong> MPO489062<br><strong>Material:</strong> Cotton Blends/Polyester<br><strong>Style:</strong> Casual/Boho/Daily/Street/Stylish/Business ??<br><strong>Pattern Type:</strong> Mixed Print ??<br><strong>Elastic:</strong> Yes (Elastic) ??<br><strong>Fit Type:</strong> Regular ??<br><strong>Sleeve Style:</strong> Regular Sleeve ??<br><strong>Clothing Length Type:</strong> Regular ??</p> <p><em>The item does not include any accessories in the picture, unless stated otherwise in the product description.</em></p> <hr> <p><strong>Size Chart</strong></p> <table> <thead> <tr> <th>Size</th> <th>Shoulder (cm/inch)</th> <th>Bust (cm/inch)</th> <th>Sleeve Length (cm/inch)</th> <th>Clothing Length (cm/inch)</th> </tr> </thead> <tbody> <tr> <td>M</td> <td>45.0 / 17.72</td> <td>99.0 / 38.98</td> <td>64.0 / 25.20</td> <td>68.0 / 26.77</td> </tr> <tr> <td>L</td> <td>46.0 / 18.11</td> <td>104.0 / 40.94</td> <td>65.0 / 25.59</td> <td>70.0 / 27.56</td> </tr> <tr> <td>XL</td> <td>47.0 / 18.50</td> <td>108.0 / 42.52</td> <td>66.0 / 25.98</td> <td>71.0 / 27.95</td> </tr> <tr> <td>2XL</td> <td>48.0 / 18.90</td> <td>112.0 / 44.09</td> <td>67.0 / 26.38</td> <td>73.0 / 28.74</td> </tr> <tr> <td>3XL</td> <td>49.0 / 19.29</td> <td>116.0 / 45.67</td> <td>68.0 / 26.77</td> <td>74.0 / 29.13</td> </tr> <tr> <td>4XL</td> <td>50.0 / 19.68</td> <td>120.0 / 47.24</td> <td>69.0 / 27.17</td> <td>76.0 / 29.92</td> </tr> <tr> <td>5XL</td> <td>51.0 / 20.08</td> <td>124.0 / 48.82</td> <td>70.0 / 27.56</td> <td>78.0 / 30.71</td> </tr> </tbody> </table> <p>This trendy, mixed-print top is perfect for casual and business occasions. Made from a soft cotton blend and polyester fabric, it offers a comfortable fit and stretchy elastic material for added ease. Ideal for street style or daily wear. ??</p>"	SALE				2025-06-10T21:49:07+05:30	Size	M						0			deny	manual	99	1599		FALSE		https://cdn.shopify.com/s/files/1/0712/7485/6588/files/dd100ed3e04d74b9480889838db235eeecd4ec51-1000.jpg?v=1749572349	1			https://cdn.shopify.com/s/files/1/0712/7485/6588/files/dd100ed3e04d74b9480889838db235eeecd4ec51-1000.jpg?v=1749572349			
mens-vintage-business-long-sleeve-polo-shirt-3								Size	L						0			deny	manual	99	1599		FALSE									
mens-vintage-business-long-sleeve-polo-shirt-3								Size	XL						0			deny	manual	99	1599		FALSE									
mens-vintage-business-long-sleeve-polo-shirt-3								Size	2XL						0			deny	manual	99	1599		FALSE									
mens-vintage-business-long-sleeve-polo-shirt-3								Size	3XL						0			deny	manual	99	1599		FALSE									
mens-vintage-business-long-sleeve-polo-shirt-3								Size	4XL						0			deny	manual	99	1599		FALSE									
mens-vintage-business-long-sleeve-polo-shirt-3								Size	5XL						0			deny	manual	99	1599		FALSE									
mens-vintage-business-long-sleeve-polo-shirt-4	Men's Vintage Business Short Sleeve Polo T-Shirt	"<p><strong>Description</strong><br><strong>Material:</strong> Cotton Blends/Polyester<br><strong>Style:</strong> Casual/Boho/Daily/Street/Stylish/Business ??<br><strong>Pattern Type:</strong> Mixed Print ??<br><strong>Elastic:</strong> Yes (Elastic) ??<br><strong>Fit Type:</strong> Regular <br><strong>Sleeve Style:</strong> Regular Sleeve ??<br><strong>Clothing Length Type:</strong> Regular ??</p> <p><em>The item does not include any accessories in the picture, unless stated otherwise in the product description.</em></p> <hr> <p><strong>Size Chart</strong></p> <table> <thead> <tr> <th>Size</th> <th>Shoulder (cm/inch)</th> <th>Bust (cm/inch)</th> <th>Sleeve Length (cm/inch)</th> <th>Clothing Length (cm/inch)</th> </tr> </thead> <tbody> <tr> <td>M</td> <td>45.0 / 17.72</td> <td>99.0 / 38.98</td> <td>64.0 / 25.20</td> <td>68.0 / 26.77</td> </tr> <tr> <td>L</td> <td>46.0 / 18.11</td> <td>104.0 / 40.94</td> <td>65.0 / 25.59</td> <td>70.0 / 27.56</td> </tr> <tr> <td>XL</td> <td>47.0 / 18.50</td> <td>108.0 / 42.52</td> <td>66.0 / 25.98</td> <td>71.0 / 27.95</td> </tr> <tr> <td>2XL</td> <td>48.0 / 18.90</td> <td>112.0 / 44.09</td> <td>67.0 / 26.38</td> <td>73.0 / 28.74</td> </tr> <tr> <td>3XL</td> <td>49.0 / 19.29</td> <td>116.0 / 45.67</td> <td>68.0 / 26.77</td> <td>74.0 / 29.13</td> </tr> <tr> <td>4XL</td> <td>50.0 / 19.68</td> <td>120.0 / 47.24</td> <td>69.0 / 27.17</td> <td>76.0 / 29.92</td> </tr> <tr> <td>5XL</td> <td>51.0 / 20.08</td> <td>124.0 / 48.82</td> <td>70.0 / 27.56</td> <td>78.0 / 30.71</td> </tr> </tbody> </table> <p>This trendy, mixed-print top is a perfect addition to your casual or business wardrobe. Designed with comfort in mind, it features an elastic material that provides a flexible fit. Ideal for street style or daily wear! ??</p>"	SALE				2025-06-10T21:49:05+05:30	Size	M						0			deny	manual	99	1599		FALSE		https://cdn.shopify.com/s/files/1/0712/7485/6588/files/6061d4e324ef6b54faa1eafa256d08ba419e4dc1-1200.png?v=1749572347	1			https://cdn.shopify.com/s/files/1/0712/7485/6588/files/6061d4e324ef6b54faa1eafa256d08ba419e4dc1-1200.png?v=1749572347			
mens-vintage-business-long-sleeve-polo-shirt-4								Size	L						0			deny	manual	99	1599		FALSE									
mens-vintage-business-long-sleeve-polo-shirt-4								Size	XL						0			deny	manual	99	1599		FALSE									
mens-vintage-business-long-sleeve-polo-shirt-4								Size	2XL						0			deny	manual	99	1599		FALSE									
mens-vintage-business-long-sleeve-polo-shirt-4								Size	3XL						0			deny	manual	99	1599		FALSE									
mens-vintage-business-long-sleeve-polo-shirt-4								Size	4XL						0			deny	manual	99	1599		FALSE									
mens-vintage-business-long-sleeve-polo-shirt-4								Size	5XL						0			deny	manual	99	1599		FALSE									
mens-vintage-business-long-sleeve-polo-shirt-5	Men's Vintage Business Short Sleeve Polo T-Shirt	"<p><strong>Description</strong><br><strong>Material:</strong> Cotton Blends/Polyester<br><strong>Style:</strong> Casual/Boho/Daily/Street/Stylish/Business ?<br><strong>Pattern Type:</strong> Mixed Print ????<br><strong>Elastic:</strong> Yes (Elastic) ??<br><strong>Fit Type:</strong> Regular <br><strong>Sleeve Style:</strong> Regular Sleeve ??<br><strong>Clothing Length Type:</strong> Regular ??</p> <p><em>The item does not include any accessories in the picture, unless stated otherwise in the product description.</em></p> <hr> <p><strong>Size Chart</strong></p> <table> <thead> <tr> <th>Size</th> <th>Shoulder (cm/inch)</th> <th>Bust (cm/inch)</th> <th>Sleeve Length (cm/inch)</th> <th>Clothing Length (cm/inch)</th> </tr> </thead> <tbody> <tr> <td>M</td> <td>45.0 / 17.72</td> <td>99.0 / 38.98</td> <td>64.0 / 25.20</td> <td>68.0 / 26.77</td> </tr> <tr> <td>L</td> <td>46.0 / 18.11</td> <td>104.0 / 40.94</td> <td>65.0 / 25.59</td> <td>70.0 / 27.56</td> </tr> <tr> <td>XL</td> <td>47.0 / 18.50</td> <td>108.0 / 42.52</td> <td>66.0 / 25.98</td> <td>71.0 / 27.95</td> </tr> <tr> <td>2XL</td> <td>48.0 / 18.90</td> <td>112.0 / 44.09</td> <td>67.0 / 26.38</td> <td>73.0 / 28.74</td> </tr> <tr> <td>3XL</td> <td>49.0 / 19.29</td> <td>116.0 / 45.67</td> <td>68.0 / 26.77</td> <td>74.0 / 29.13</td> </tr> <tr> <td>4XL</td> <td>50.0 / 19.68</td> <td>120.0 / 47.24</td> <td>69.0 / 27.17</td> <td>76.0 / 29.92</td> </tr> <tr> <td>5XL</td> <td>51.0 / 20.08</td> <td>124.0 / 48.82</td> <td>70.0 / 27.56</td> <td>78.0 / 30.71</td> </tr> </tbody> </table> <p>This stylish mixed-print top is perfect for any casual outing, street style moment, or even business settings. Featuring a comfortable, elastic material and a regular fit, it's an easy go-to for your wardrobe! </p>"	SALE				2025-06-10T21:49:04+05:30	Size	M						0			deny	manual	99	1399		FALSE		https://cdn.shopify.com/s/files/1/0712/7485/6588/files/fe9f4a1c3f6950b14b98d44dd41718a80e20c5f8-1000.jpg?v=1749572345	1			https://cdn.shopify.com/s/files/1/0712/7485/6588/files/fe9f4a1c3f6950b14b98d44dd41718a80e20c5f8-1000.jpg?v=1749572345			
mens-vintage-business-long-sleeve-polo-shirt-5								Size	L						0			deny	manual	99	1399		FALSE									
mens-vintage-business-long-sleeve-polo-shirt-5								Size	XL						0			deny	manual	99	1399		FALSE									
mens-vintage-business-long-sleeve-polo-shirt-5								Size	2XL						0			deny	manual	99	1399		FALSE									
mens-vintage-business-long-sleeve-polo-shirt-5								Size	3XL						0			deny	manual	99	1399		FALSE									
mens-vintage-business-long-sleeve-polo-shirt-5								Size	4XL						0			deny	manual	99	1399		FALSE									
mens-vintage-business-long-sleeve-polo-shirt-5								Size	5XL						0			deny	manual	99	1399		FALSE									
mens-vintage-business-long-sleeve-polo-shirt-8	Men's Vintage Business Short Sleeve Polo T-Shirt	"<p><strong>Description</strong><br><strong>Material:</strong> Cotton Blends/Polyester ??<br><strong>Style:</strong> Casual/Boho/Daily/Street/Stylish/Business ??<br><strong>Pattern Type:</strong> Mixed Print ?<br><strong>Elastic:</strong> Yes (Elastic) ??<br><strong>Fit Type:</strong> Regular ??<br><strong>Sleeve Style:</strong> Regular Sleeve ??<br><strong>Clothing Length Type:</strong> Regular ??</p> <p><em>The item does not include any accessories in the picture, unless stated otherwise in the product description.</em></p> <hr> <p><strong>Size Chart</strong></p> <table> <thead> <tr> <th>Size</th> <th>Shoulder (cm/inch)</th> <th>Bust (cm/inch)</th> <th>Sleeve Length (cm/inch)</th> <th>Clothing Length (cm/inch)</th> </tr> </thead> <tbody> <tr> <td>M</td> <td>45.0 / 17.72</td> <td>99.0 / 38.98</td> <td>64.0 / 25.20</td> <td>68.0 / 26.77</td> </tr> <tr> <td>L</td> <td>46.0 / 18.11</td> <td>104.0 / 40.94</td> <td>65.0 / 25.59</td> <td>70.0 / 27.56</td> </tr> <tr> <td>XL</td> <td>47.0 / 18.50</td> <td>108.0 / 42.52</td> <td>66.0 / 25.98</td> <td>71.0 / 27.95</td> </tr> <tr> <td>2XL</td> <td>48.0 / 18.90</td> <td>112.0 / 44.09</td> <td>67.0 / 26.38</td> <td>73.0 / 28.74</td> </tr> <tr> <td>3XL</td> <td>49.0 / 19.29</td> <td>116.0 / 45.67</td> <td>68.0 / 26.77</td> <td>74.0 / 29.13</td> </tr> <tr> <td>4XL</td> <td>50.0 / 19.68</td> <td>120.0 / 47.24</td> <td>69.0 / 27.17</td> <td>76.0 / 29.92</td> </tr> <tr> <td>5XL</td> <td>51.0 / 20.08</td> <td>124.0 / 48.82</td> <td>70.0 / 27.56</td> <td>78.0 / 30.71</td> </tr> </tbody> </table> <p>This piece blends style and comfort with its mixed print design, perfect for a casual or business setting. Ideal for day-to-day wear or for making a statement on the streets! ??</p>"	SALE				2025-06-10T21:48:56+05:30	Size	M						0			deny	manual	99	1499		FALSE		https://cdn.shopify.com/s/files/1/0712/7485/6588/files/a7aa4a3023e2f4f6cd5971f50a03f97d10fe042f-1000.jpg?v=1749572337	1			https://cdn.shopify.com/s/files/1/0712/7485/6588/files/a7aa4a3023e2f4f6cd5971f50a03f97d10fe042f-1000.jpg?v=1749572337			
mens-vintage-business-long-sleeve-polo-shirt-8								Size	L						0			deny	manual	99	1499		FALSE									
mens-vintage-business-long-sleeve-polo-shirt-8								Size	XL						0			deny	manual	99	1499		FALSE									
mens-vintage-business-long-sleeve-polo-shirt-8								Size	2XL						0			deny	manual	99	1499		FALSE									
mens-vintage-business-long-sleeve-polo-shirt-8								Size	3XL						0			deny	manual	99	1499		FALSE									
mens-vintage-business-long-sleeve-polo-shirt-8								Size	4XL						0			deny	manual	99	1499		FALSE									
mens-vintage-business-long-sleeve-polo-shirt-8								Size	5XL						0			deny	manual	99	1499		FALSE									
mens-vintage-business-long-sleeve-polo-shirt-9	Men's Vintage Business Short Sleeve Polo T-Shirt	"<p><strong>Description</strong><br><strong>SPU:</strong> MPO494250<br><strong>Material:</strong> Cotton Blends/Polyester<br><strong>Style:</strong> Casual/Boho/Daily/Street/Stylish/Business<br><strong>Pattern Type:</strong> Mixed Print<br><strong>Elastic:</strong> Yes (Elastic)<br><strong>Fit Type:</strong> Regular<br><strong>Sleeve Style:</strong> Regular Sleeve<br><strong>Clothing Length Type:</strong> Regular</p> <p><em>The item does not include any accessories in the picture, unless stated otherwise in the product description.</em></p> <hr> <p><strong>Size Chart</strong></p> <table> <thead> <tr> <th>Size</th> <th>Shoulder (cm/inch)</th> <th>Bust (cm/inch)</th> <th>Sleeve Length (cm/inch)</th> <th>Clothing Length (cm/inch)</th> </tr> </thead> <tbody> <tr> <td>M</td> <td>45.0 / 17.72</td> <td>99.0 / 38.98</td> <td>64.0 / 25.20</td> <td>68.0 / 26.77</td> </tr> <tr> <td>L</td> <td>46.0 / 18.11</td> <td>104.0 / 40.94</td> <td>65.0 / 25.59</td> <td>70.0 / 27.56</td> </tr> <tr> <td>XL</td> <td>47.0 / 18.50</td> <td>108.0 / 42.52</td> <td>66.0 / 25.98</td> <td>71.0 / 27.95</td> </tr> <tr> <td>2XL</td> <td>48.0 / 18.90</td> <td>112.0 / 44.09</td> <td>67.0 / 26.38</td> <td>73.0 / 28.74</td> </tr> <tr> <td>3XL</td> <td>49.0 / 19.29</td> <td>116.0 / 45.67</td> <td>68.0 / 26.77</td> <td>74.0 / 29.13</td> </tr> <tr> <td>4XL</td> <td>50.0 / 19.68</td> <td>120.0 / 47.24</td> <td>69.0 / 27.17</td> <td>76.0 / 29.92</td> </tr> <tr> <td>5XL</td> <td>51.0 / 20.08</td> <td>124.0 / 48.82</td> <td>70.0 / 27.56</td> <td>78.0 / 30.71</td> </tr> </tbody> </table> <p>This cotton blend and polyester shirt brings a stylish, casual vibe with its mixed print design and elastic fit, perfect for your daily or business look. ????</p>"	SALE				2025-06-10T21:48:15+05:30	Size	M						0			deny	manual	99	1599		FALSE		https://cdn.shopify.com/s/files/1/0712/7485/6588/files/24169106d4da4bb40025796bfc5379de1bf9011c.png?v=1749572297	1			https://cdn.shopify.com/s/files/1/0712/7485/6588/files/24169106d4da4bb40025796bfc5379de1bf9011c.png?v=1749572297			
mens-vintage-business-long-sleeve-polo-shirt-9								Size	L						0			deny	manual	99	1599		FALSE									
mens-vintage-business-long-sleeve-polo-shirt-9								Size	XL						0			deny	manual	99	1599		FALSE									
mens-vintage-business-long-sleeve-polo-shirt-9								Size	2XL						0			deny	manual	99	1599		FALSE									
mens-vintage-business-long-sleeve-polo-shirt-9								Size	3XL						0			deny	manual	99	1599		FALSE									
mens-vintage-business-long-sleeve-polo-shirt-9								Size	4XL						0			deny	manual	99	1599		FALSE									
mens-vintage-business-long-sleeve-polo-shirt-9								Size	5XL						0			deny	manual	99	1599		FALSE									
mens-vintage-business-long-sleeve-polo-shirt-10	Men's Vintage Business Short Sleeve Polo T-Shirt	"<p><strong>Description</strong><br><strong>SPU:</strong> MPO492194<br><strong>Material:</strong> Cotton Blends/Polyester<br><strong>Style:</strong> Casual/Boho/Daily/Street/Stylish/Business<br><strong>Pattern Type:</strong> Mixed Print<br><strong>Elastic:</strong> Yes (Elastic)<br><strong>Fit Type:</strong> Regular<br><strong>Sleeve Style:</strong> Regular Sleeve<br><strong>Clothing Length Type:</strong> Regular</p> <p><em>The item does not include any accessories in the picture, unless stated otherwise in the product description.</em></p> <hr> <p><strong>Size Chart</strong></p> <table> <thead> <tr> <th>Size</th> <th>Shoulder (cm/inch)</th> <th>Bust (cm/inch)</th> <th>Sleeve Length (cm/inch)</th> <th>Clothing Length (cm/inch)</th> </tr> </thead> <tbody> <tr> <td>M</td> <td>45.0 / 17.72</td> <td>99.0 / 38.98</td> <td>64.0 / 25.20</td> <td>68.0 / 26.77</td> </tr> <tr> <td>L</td> <td>46.0 / 18.11</td> <td>104.0 / 40.94</td> <td>65.0 / 25.59</td> <td>70.0 / 27.56</td> </tr> <tr> <td>XL</td> <td>47.0 / 18.50</td> <td>108.0 / 42.52</td> <td>66.0 / 25.98</td> <td>71.0 / 27.95</td> </tr> <tr> <td>2XL</td> <td>48.0 / 18.90</td> <td>112.0 / 44.09</td> <td>67.0 / 26.38</td> <td>73.0 / 28.74</td> </tr> <tr> <td>3XL</td> <td>49.0 / 19.29</td> <td>116.0 / 45.67</td> <td>68.0 / 26.77</td> <td>74.0 / 29.13</td> </tr> <tr> <td>4XL</td> <td>50.0 / 19.68</td> <td>120.0 / 47.24</td> <td>69.0 / 27.17</td> <td>76.0 / 29.92</td> </tr> <tr> <td>5XL</td> <td>51.0 / 20.08</td> <td>124.0 / 48.82</td> <td>70.0 / 27.56</td> <td>78.0 / 30.71</td> </tr> </tbody> </table> <p>This stylish shirt with a mixed print design offers a comfortable and casual fit, perfect for your daily street or business look. ????</p>"	SALE				2025-06-10T21:48:13+05:30	Size	M						0			deny	manual	99	1399		FALSE		https://cdn.shopify.com/s/files/1/0712/7485/6588/files/beed60d19d68a186c255e8b8344a0e4cc33e513d.jpg?v=1749572294	1			https://cdn.shopify.com/s/files/1/0712/7485/6588/files/beed60d19d68a186c255e8b8344a0e4cc33e513d.jpg?v=1749572294			
mens-vintage-business-long-sleeve-polo-shirt-10								Size	L						0			deny	manual	99	1399		FALSE									
mens-vintage-business-long-sleeve-polo-shirt-10								Size	XL						0			deny	manual	99	1399		FALSE									
mens-vintage-business-long-sleeve-polo-shirt-10								Size	2XL						0			deny	manual	99	1399		FALSE									
mens-vintage-business-long-sleeve-polo-shirt-10								Size	3XL						0			deny	manual	99	1399		FALSE									
mens-vintage-business-long-sleeve-polo-shirt-10								Size	4XL						0			deny	manual	99	1399		FALSE									
mens-vintage-business-long-sleeve-polo-shirt-10								Size	5XL						0			deny	manual	99	1399		FALSE									
mens-vintage-business-short-sleeve-polo-t-shirt	Men's Vintage Business Short Sleeve Polo T-Shirt	"<p><strong>Description</strong><br><strong>SPU:</strong> MPO493441<br><strong>Material:</strong> Cotton Blends/Polyester<br><strong>Style:</strong> Casual/Boho/Daily/Street/Stylish/Business<br><strong>Pattern Type:</strong> Mixed Print<br><strong>Elastic:</strong> Yes (Elastic)<br><strong>Fit Type:</strong> Regular<br><strong>Sleeve Style:</strong> Regular Sleeve<br><strong>Clothing Length Type:</strong> Regular</p> <p><em>The item does not include any accessories in the picture, unless stated otherwise in the product description.</em></p> <hr> <p><strong>Size Chart</strong></p> <table> <thead> <tr> <th>Size</th> <th>Shoulder (cm/inch)</th> <th>Bust (cm/inch)</th> <th>Sleeve Length (cm/inch)</th> <th>Clothing Length (cm/inch)</th> </tr> </thead> <tbody> <tr> <td>M</td> <td>45.0 / 17.72</td> <td>99.0 / 38.98</td> <td>64.0 / 25.20</td> <td>68.0 / 26.77</td> </tr> <tr> <td>L</td> <td>46.0 / 18.11</td> <td>104.0 / 40.94</td> <td>65.0 / 25.59</td> <td>70.0 / 27.56</td> </tr> <tr> <td>XL</td> <td>47.0 / 18.50</td> <td>108.0 / 42.52</td> <td>66.0 / 25.98</td> <td>71.0 / 27.95</td> </tr> <tr> <td>2XL</td> <td>48.0 / 18.90</td> <td>112.0 / 44.09</td> <td>67.0 / 26.38</td> <td>73.0 / 28.74</td> </tr> <tr> <td>3XL</td> <td>49.0 / 19.29</td> <td>116.0 / 45.67</td> <td>68.0 / 26.77</td> <td>74.0 / 29.13</td> </tr> <tr> <td>4XL</td> <td>50.0 / 19.68</td> <td>120.0 / 47.24</td> <td>69.0 / 27.17</td> <td>76.0 / 29.92</td> </tr> <tr> <td>5XL</td> <td>51.0 / 20.08</td> <td>124.0 / 48.82</td> <td>70.0 / 27.56</td> <td>78.0 / 30.71</td> </tr> </tbody> </table> <p>This casual and stylish mixed print shirt is perfect for daily wear, street fashion, or even a relaxed business look. ????</p>"	SALE				2025-06-10T21:48:09+05:30	Size	M						0			deny	manual	99	1399		FALSE		https://cdn.shopify.com/s/files/1/0712/7485/6588/files/4d1d1884b6576fb12fb4e6cfd4201cfc7662b494-1100.jpg?v=1749572291	1			https://cdn.shopify.com/s/files/1/0712/7485/6588/files/4d1d1884b6576fb12fb4e6cfd4201cfc7662b494-1100.jpg?v=1749572291			
mens-vintage-business-short-sleeve-polo-t-shirt								Size	L						0			deny	manual	99	1399		FALSE									
mens-vintage-business-short-sleeve-polo-t-shirt								Size	XL						0			deny	manual	99	1399		FALSE									
mens-vintage-business-short-sleeve-polo-t-shirt								Size	2XL						0			deny	manual	99	1399		FALSE									
mens-vintage-business-short-sleeve-polo-t-shirt								Size	3XL						0			deny	manual	99	1399		FALSE									
mens-vintage-business-short-sleeve-polo-t-shirt								Size	4XL						0			deny	manual	99	1399		FALSE									
mens-vintage-business-short-sleeve-polo-t-shirt								Size	5XL						0			deny	manual	99	1399		FALSE									
mens-vintage-business-short-sleeve-polo-t-shirt-1	Men's Vintage Business Short Sleeve Polo T-Shirt	"<p><strong>Description</strong><br><strong>SPU:</strong> MPO493436<br><strong>Material:</strong> Cotton Blends/Polyester<br><strong>Style:</strong> Casual/Boho/Daily/Street/Stylish/Business<br><strong>Pattern Type:</strong> Mixed Print<br><strong>Elastic:</strong> Yes (Elastic)<br><strong>Fit Type:</strong> Regular<br><strong>Sleeve Style:</strong> Regular Sleeve<br><strong>Clothing Length Type:</strong> Regular</p> <p><em>The item does not include any accessories in the picture, unless stated otherwise in the product description.</em></p> <hr> <p><strong>Size Chart</strong></p> <table> <thead> <tr> <th>Size</th> <th>Shoulder (cm/inch)</th> <th>Bust (cm/inch)</th> <th>Sleeve Length (cm/inch)</th> <th>Clothing Length (cm/inch)</th> </tr> </thead> <tbody> <tr> <td>M</td> <td>45.0 / 17.72</td> <td>99.0 / 38.98</td> <td>64.0 / 25.20</td> <td>68.0 / 26.77</td> </tr> <tr> <td>L</td> <td>46.0 / 18.11</td> <td>104.0 / 40.94</td> <td>65.0 / 25.59</td> <td>70.0 / 27.56</td> </tr> <tr> <td>XL</td> <td>47.0 / 18.50</td> <td>108.0 / 42.52</td> <td>66.0 / 25.98</td> <td>71.0 / 27.95</td> </tr> <tr> <td>2XL</td> <td>48.0 / 18.90</td> <td>112.0 / 44.09</td> <td>67.0 / 26.38</td> <td>73.0 / 28.74</td> </tr> <tr> <td>3XL</td> <td>49.0 / 19.29</td> <td>116.0 / 45.67</td> <td>68.0 / 26.77</td> <td>74.0 / 29.13</td> </tr> <tr> <td>4XL</td> <td>50.0 / 19.68</td> <td>120.0 / 47.24</td> <td>69.0 / 27.17</td> <td>76.0 / 29.92</td> </tr> <tr> <td>5XL</td> <td>51.0 / 20.08</td> <td>124.0 / 48.82</td> <td>70.0 / 27.56</td> <td>78.0 / 30.71</td> </tr> </tbody> </table> <p>This stylish and comfortable mixed print shirt is perfect for casual, boho, or street styles, with a regular fit and elastic material for extra comfort. ???</p>"	SALE				2025-06-10T21:48:07+05:30	Size	M						0			deny	manual	99	1399		FALSE		https://cdn.shopify.com/s/files/1/0712/7485/6588/files/a5f711ebc78eefe6962d86b4221638872b7a3943-1100.jpg?v=1749572289	1			https://cdn.shopify.com/s/files/1/0712/7485/6588/files/a5f711ebc78eefe6962d86b4221638872b7a3943-1100.jpg?v=1749572289			
mens-vintage-business-short-sleeve-polo-t-shirt-1								Size	L						0			deny	manual	99	1399		FALSE									
mens-vintage-business-short-sleeve-polo-t-shirt-1								Size	XL						0			deny	manual	99	1399		FALSE									
mens-vintage-business-short-sleeve-polo-t-shirt-1								Size	2XL						0			deny	manual	99	1399		FALSE									
mens-vintage-business-short-sleeve-polo-t-shirt-1								Size	3XL						0			deny	manual	99	1399		FALSE									
mens-vintage-business-short-sleeve-polo-t-shirt-1								Size	4XL						0			deny	manual	99	1399		FALSE									
mens-vintage-business-short-sleeve-polo-t-shirt-1								Size	5XL						0			deny	manual	99	1399		FALSE									
mens-vintage-business-short-sleeve-polo-t-shirt-2	Men's Vintage Business Short Sleeve Polo T-Shirt	"<p><strong>Description</strong><br><strong>SPU:</strong> MPO493440<br><strong>Material:</strong> Cotton Blends/Polyester<br><strong>Style:</strong> Casual/Boho/Daily/Street/Stylish/Business<br><strong>Pattern Type:</strong> Mixed Print<br><strong>Elastic:</strong> Yes (Elastic)<br><strong>Fit Type:</strong> Regular<br><strong>Sleeve Style:</strong> Regular Sleeve<br><strong>Clothing Length Type:</strong> Regular</p> <p><em>The item does not include any accessories in the picture, unless stated otherwise in the product description.</em></p> <hr> <p><strong>Size Chart</strong></p> <table> <thead> <tr> <th>Size</th> <th>Shoulder (cm/inch)</th> <th>Bust (cm/inch)</th> <th>Sleeve Length (cm/inch)</th> <th>Clothing Length (cm/inch)</th> </tr> </thead> <tbody> <tr> <td>M</td> <td>45.0 / 17.72</td> <td>99.0 / 38.98</td> <td>64.0 / 25.20</td> <td>68.0 / 26.77</td> </tr> <tr> <td>L</td> <td>46.0 / 18.11</td> <td>104.0 / 40.94</td> <td>65.0 / 25.59</td> <td>70.0 / 27.56</td> </tr> <tr> <td>XL</td> <td>47.0 / 18.50</td> <td>108.0 / 42.52</td> <td>66.0 / 25.98</td> <td>71.0 / 27.95</td> </tr> <tr> <td>2XL</td> <td>48.0 / 18.90</td> <td>112.0 / 44.09</td> <td>67.0 / 26.38</td> <td>73.0 / 28.74</td> </tr> <tr> <td>3XL</td> <td>49.0 / 19.29</td> <td>116.0 / 45.67</td> <td>68.0 / 26.77</td> <td>74.0 / 29.13</td> </tr> <tr> <td>4XL</td> <td>50.0 / 19.68</td> <td>120.0 / 47.24</td> <td>69.0 / 27.17</td> <td>76.0 / 29.92</td> </tr> <tr> <td>5XL</td> <td>51.0 / 20.08</td> <td>124.0 / 48.82</td> <td>70.0 / 27.56</td> <td>78.0 / 30.71</td> </tr> </tbody> </table> <p>This chic and versatile mixed print top is great for casual, boho, or streetwear looks. Featuring a regular fit, it offers both comfort and style with its elastic material and classic design. ???</p>"	SALE				2025-06-10T21:48:05+05:30	Size	M						0			deny	manual	99	1499		FALSE		https://cdn.shopify.com/s/files/1/0712/7485/6588/files/ebd72a6acb30ee95700e0ce6d2916a928139a47b-1300.jpg?v=1749572286	1			https://cdn.shopify.com/s/files/1/0712/7485/6588/files/ebd72a6acb30ee95700e0ce6d2916a928139a47b-1300.jpg?v=1749572286			
mens-vintage-business-short-sleeve-polo-t-shirt-2								Size	L						0			deny	manual	99	1499		FALSE									
mens-vintage-business-short-sleeve-polo-t-shirt-2								Size	XL						0			deny	manual	99	1499		FALSE									
mens-vintage-business-short-sleeve-polo-t-shirt-2								Size	2XL						0			deny	manual	99	1499		FALSE									
mens-vintage-business-short-sleeve-polo-t-shirt-2								Size	3XL						0			deny	manual	99	1499		FALSE									
mens-vintage-business-short-sleeve-polo-t-shirt-2								Size	4XL						0			deny	manual	99	1499		FALSE									
mens-vintage-business-short-sleeve-polo-t-shirt-2								Size	5XL						0			deny	manual	99	1499		FALSE									
mens-vintage-business-short-sleeve-polo-t-shirt-3	Men's Vintage Business Short Sleeve Polo T-Shirt	"<p><strong>Description</strong><br><strong>SPU:</strong> MPO489072<br><strong>Material:</strong> Cotton Blends/Polyester<br><strong>Style:</strong> Casual/Boho/Daily/Street/Stylish/Business<br><strong>Pattern Type:</strong> Mixed Print<br><strong>Elastic:</strong> Yes (Elastic)<br><strong>Fit Type:</strong> Regular<br><strong>Sleeve Style:</strong> Regular Sleeve<br><strong>Clothing Length Type:</strong> Regular</p> <p><em>The item does not include any accessories in the picture, unless stated otherwise in the product description.</em></p> <hr> <p><strong>Size Chart</strong></p> <table> <thead> <tr> <th>Size</th> <th>Shoulder (cm/inch)</th> <th>Bust (cm/inch)</th> <th>Sleeve Length (cm/inch)</th> <th>Clothing Length (cm/inch)</th> </tr> </thead> <tbody> <tr> <td>M</td> <td>45.0 / 17.72</td> <td>99.0 / 38.98</td> <td>64.0 / 25.20</td> <td>68.0 / 26.77</td> </tr> <tr> <td>L</td> <td>46.0 / 18.11</td> <td>104.0 / 40.94</td> <td>65.0 / 25.59</td> <td>70.0 / 27.56</td> </tr> <tr> <td>XL</td> <td>47.0 / 18.50</td> <td>108.0 / 42.52</td> <td>66.0 / 25.98</td> <td>71.0 / 27.95</td> </tr> <tr> <td>2XL</td> <td>48.0 / 18.90</td> <td>112.0 / 44.09</td> <td>67.0 / 26.38</td> <td>73.0 / 28.74</td> </tr> <tr> <td>3XL</td> <td>49.0 / 19.29</td> <td>116.0 / 45.67</td> <td>68.0 / 26.77</td> <td>74.0 / 29.13</td> </tr> <tr> <td>4XL</td> <td>50.0 / 19.68</td> <td>120.0 / 47.24</td> <td>69.0 / 27.17</td> <td>76.0 / 29.92</td> </tr> <tr> <td>5XL</td> <td>51.0 / 20.08</td> <td>124.0 / 48.82</td> <td>70.0 / 27.56</td> <td>78.0 / 30.71</td> </tr> </tbody> </table> <p>This versatile and stylish mixed print top is perfect for casual, boho, or streetwear looks, offering both comfort and fashion. With its elastic material, it ensures a relaxed fit while still looking polished and chic. ????</p>"	SALE				2025-06-10T21:48:03+05:30	Size	M						0			deny	manual	99	1499		FALSE		https://cdn.shopify.com/s/files/1/0712/7485/6588/files/aca75ef39c705a1dcab0506a5ea0d7db46bb1ed1-1000.jpg?v=1749572284	1			https://cdn.shopify.com/s/files/1/0712/7485/6588/files/aca75ef39c705a1dcab0506a5ea0d7db46bb1ed1-1000.jpg?v=1749572284			
mens-vintage-business-short-sleeve-polo-t-shirt-3								Size	L						0			deny	manual	99	1499		FALSE									
mens-vintage-business-short-sleeve-polo-t-shirt-3								Size	XL						0			deny	manual	99	1499		FALSE									
mens-vintage-business-short-sleeve-polo-t-shirt-3								Size	2XL						0			deny	manual	99	1499		FALSE									
mens-vintage-business-short-sleeve-polo-t-shirt-3								Size	3XL						0			deny	manual	99	1499		FALSE									
mens-vintage-business-short-sleeve-polo-t-shirt-3								Size	4XL						0			deny	manual	99	1499		FALSE									
mens-vintage-business-short-sleeve-polo-t-shirt-3								Size	5XL						0			deny	manual	99	1499		FALSE									
mens-vintage-business-short-sleeve-polo-t-shirt-4	Men's Vintage Business Short Sleeve Polo T-Shirt	"<p><strong>Description</strong><br><strong>SPU:</strong> MPO489094<br><strong>Material:</strong> Cotton Blends/Polyester<br><strong>Style:</strong> Casual/Boho/Daily/Street/Stylish/Business<br><strong>Pattern Type:</strong> Mixed Print<br><strong>Elastic:</strong> Yes (Elastic)<br><strong>Fit Type:</strong> Regular<br><strong>Sleeve Style:</strong> Regular Sleeve<br><strong>Clothing Length Type:</strong> Regular</p> <p><em>The item does not include any accessories in the picture, unless stated otherwise in the product description.</em> ??</p> <hr> <p><strong>Size Chart</strong> ??</p> <table> <thead> <tr> <th>Size</th> <th>Shoulder (cm/inch)</th> <th>Bust (cm/inch)</th> <th>Sleeve Length (cm/inch)</th> <th>Clothing Length (cm/inch)</th> </tr> </thead> <tbody> <tr> <td>M</td> <td>45.0 / 17.72</td> <td>99.0 / 38.98</td> <td>64.0 / 25.20</td> <td>68.0 / 26.77</td> </tr> <tr> <td>L</td> <td>46.0 / 18.11</td> <td>104.0 / 40.94</td> <td>65.0 / 25.59</td> <td>70.0 / 27.56</td> </tr> <tr> <td>XL</td> <td>47.0 / 18.50</td> <td>108.0 / 42.52</td> <td>66.0 / 25.98</td> <td>71.0 / 27.95</td> </tr> <tr> <td>2XL</td> <td>48.0 / 18.90</td> <td>112.0 / 44.09</td> <td>67.0 / 26.38</td> <td>73.0 / 28.74</td> </tr> <tr> <td>3XL</td> <td>49.0 / 19.29</td> <td>116.0 / 45.67</td> <td>68.0 / 26.77</td> <td>74.0 / 29.13</td> </tr> <tr> <td>4XL</td> <td>50.0 / 19.68</td> <td>120.0 / 47.24</td> <td>69.0 / 27.17</td> <td>76.0 / 29.92</td> </tr> <tr> <td>5XL</td> <td>51.0 / 20.08</td> <td>124.0 / 48.82</td> <td>70.0 / 27.56</td> <td>78.0 / 30.71</td> </tr> </tbody> </table> <p>This stylish, mixed print top is a versatile piece that can be worn casually or dressed up for business occasions. With its elastic fabric and regular fit, it's designed for comfort and ease, making it perfect for everyday wear. Whether you're out on the streets, at a boho-themed event, or in a business meeting, this top has got you covered! ????</p>"	SALE				2025-06-10T21:47:55+05:30	Size	M						0			deny	manual	99	1499		FALSE		https://cdn.shopify.com/s/files/1/0712/7485/6588/files/24e147cd21a953f340e722dfa71a62e90bc85dee-1100.jpg?v=1749572276	1			https://cdn.shopify.com/s/files/1/0712/7485/6588/files/24e147cd21a953f340e722dfa71a62e90bc85dee-1100.jpg?v=1749572276			
mens-vintage-business-short-sleeve-polo-t-shirt-4								Size	L						0			deny	manual	99	1499		FALSE									
mens-vintage-business-short-sleeve-polo-t-shirt-4								Size	XL						0			deny	manual	99	1499		FALSE									
mens-vintage-business-short-sleeve-polo-t-shirt-4								Size	2XL						0			deny	manual	99	1499		FALSE									
mens-vintage-business-short-sleeve-polo-t-shirt-4								Size	3XL						0			deny	manual	99	1499		FALSE									
mens-vintage-business-short-sleeve-polo-t-shirt-4								Size	4XL						0			deny	manual	99	1499		FALSE									
mens-vintage-business-short-sleeve-polo-t-shirt-4								Size	5XL						0			deny	manual	99	1499		FALSE									
mens-vintage-business-short-sleeve-polo-t-shirt-5	Men's Vintage Business Short Sleeve Polo T-Shirt	"<p><strong>Description</strong><br><strong>SPU:</strong> MPO495475<br><strong>Material:</strong> Cotton Blends/Polyester<br><strong>Style:</strong> Casual/Boho/Daily/Street/Stylish/Business<br><strong>Pattern Type:</strong> Mixed Print<br><strong>Elastic:</strong> Yes (Elastic)<br><strong>Fit Type:</strong> Regular<br><strong>Sleeve Style:</strong> Regular Sleeve<br><strong>Clothing Length Type:</strong> Regular</p> <p><em>The item does not include any accessories in the picture, unless stated otherwise in the product description.</em> ??</p> <hr> <p><strong>Size Chart</strong> ??</p> <table> <thead> <tr> <th>Size</th> <th>Shoulder (cm/inch)</th> <th>Bust (cm/inch)</th> <th>Sleeve Length (cm/inch)</th> <th>Clothing Length (cm/inch)</th> </tr> </thead> <tbody> <tr> <td>M</td> <td>45.0 / 17.72</td> <td>99.0 / 38.98</td> <td>64.0 / 25.20</td> <td>68.0 / 26.77</td> </tr> <tr> <td>L</td> <td>46.0 / 18.11</td> <td>104.0 / 40.94</td> <td>65.0 / 25.59</td> <td>70.0 / 27.56</td> </tr> <tr> <td>XL</td> <td>47.0 / 18.50</td> <td>108.0 / 42.52</td> <td>66.0 / 25.98</td> <td>71.0 / 27.95</td> </tr> <tr> <td>2XL</td> <td>48.0 / 18.90</td> <td>112.0 / 44.09</td> <td>67.0 / 26.38</td> <td>73.0 / 28.74</td> </tr> <tr> <td>3XL</td> <td>49.0 / 19.29</td> <td>116.0 / 45.67</td> <td>68.0 / 26.77</td> <td>74.0 / 29.13</td> </tr> <tr> <td>4XL</td> <td>50.0 / 19.68</td> <td>120.0 / 47.24</td> <td>69.0 / 27.17</td> <td>76.0 / 29.92</td> </tr> <tr> <td>5XL</td> <td>51.0 / 20.08</td> <td>124.0 / 48.82</td> <td>70.0 / 27.56</td> <td>78.0 / 30.71</td> </tr> </tbody> </table> <p>This stylish and comfortable mixed print top is perfect for any occasion—whether you're enjoying a casual day out, attending a business meeting, or embracing a boho-inspired look. With its elastic material and regular fit, it offers great comfort and flexibility while keeping you on trend. Whether for street style or a more polished business look, this versatile piece is a wardrobe essential! ????</p>"	SALE				2025-06-10T21:47:52+05:30	Size	M						0			deny	manual	99	1499		FALSE		https://cdn.shopify.com/s/files/1/0712/7485/6588/files/794b7e0cee63d95e2c221b579aa7a5346e377ab3-1800.jpg?v=1749572274	1			https://cdn.shopify.com/s/files/1/0712/7485/6588/files/794b7e0cee63d95e2c221b579aa7a5346e377ab3-1800.jpg?v=1749572274			
mens-vintage-business-short-sleeve-polo-t-shirt-5								Size	L						0			deny	manual	99	1499		FALSE									
mens-vintage-business-short-sleeve-polo-t-shirt-5								Size	XL						0			deny	manual	99	1499		FALSE									
mens-vintage-business-short-sleeve-polo-t-shirt-5								Size	2XL						0			deny	manual	99	1499		FALSE									
mens-vintage-business-short-sleeve-polo-t-shirt-5								Size	3XL						0			deny	manual	99	1499		FALSE									
mens-vintage-business-short-sleeve-polo-t-shirt-5								Size	4XL						0			deny	manual	99	1499		FALSE									
mens-vintage-business-short-sleeve-polo-t-shirt-5								Size	5XL						0			deny	manual	99	1499		FALSE									
milano-supreme-regular-fit-polo-t-shirt	Milano Supreme Regular Fit Polo T-Shirt	"<h3><strong>Elite Designer Branded T-Shirt</strong></h3> <p><strong>Where premium style meets everyday comfort.</strong></p> <p>Crafted with top-tier materials, this designer t-shirt delivers unmatched durability, an exceptional fit, and a luxuriously soft feel. Whether you're heading out or dressing down, it’s the perfect blend of fashion and function for those who demand the best.</p> <p><strong>Elevate your wardrobe—make a statement in style.</strong></p> <hr> <h3><strong>Size Chart (in inches)</strong></h3> <table> <thead> <tr> <th align=""center""><strong>Size</strong></th> <th align=""center""><strong>Chest</strong></th> <th align=""center""><strong>Shoulder</strong></th> <th align=""center""><strong>Length</strong></th> </tr> </thead> <tbody> <tr> <td align=""center"">S</td> <td align=""center"">38</td> <td align=""center"">15.5</td> <td align=""center"">25.5</td> </tr> <tr> <td align=""center"">M</td> <td align=""center"">40</td> <td align=""center"">16.5</td> <td align=""center"">26.5</td> </tr> <tr> <td align=""center"">L</td> <td align=""center"">42</td> <td align=""center"">17.5</td> <td align=""center"">27.5</td> </tr> <tr> <td align=""center"">XL</td> <td align=""center"">44</td> <td align=""center"">18.5</td> <td align=""center"">28.5</td> </tr> <tr> <td align=""center"">XXL</td> <td align=""center"">46</td> <td align=""center"">19.5</td> <td align=""center"">29.5</td> </tr> </tbody> </table> <hr> <p><strong>Why You’ll Love It:</strong></p> <ul> <li> <p>? Premium designer finish</p> </li> <li> <p>? Super-soft and breathable fabric</p> </li> <li> <p>? Tailored for a modern, flattering fit</p> </li> <li> <p>? Built to last with high-quality stitching</p> </li> </ul> <div class=""Modal__Content Rte""> <div class=""Container Container--extraNarrow""></div> </div> <!---->"	TEES				2025-06-10T21:55:32+05:30	Size	S	Color	LightGray			S Milano White	240			deny	manual	99	2999		TRUE		https://cdn.shopify.com/s/files/1/0712/7485/6588/files/photo_2024-07-31_13-15-36.jpg?v=1749572737	1			https://cdn.shopify.com/s/files/1/0712/7485/6588/files/photo_2024-07-31_13-15-36.jpg?v=1749572737			
milano-supreme-regular-fit-polo-t-shirt								Size	S	Color	Black			S Milano black	240			deny	manual	99	2999		TRUE		https://cdn.shopify.com/s/files/1/0712/7485/6588/files/photo_2024-07-30_23-47-32.jpg?v=1749572737	2			https://cdn.shopify.com/s/files/1/0712/7485/6588/files/photo_2024-07-31_13-15-41.jpg?v=1749572737			
milano-supreme-regular-fit-polo-t-shirt								Size	M	Color	LightGray			M Milano White	240			deny	manual	99	2999		TRUE		https://cdn.shopify.com/s/files/1/0712/7485/6588/files/photo_2024-07-31_13-15-41.jpg?v=1749572737	3			https://cdn.shopify.com/s/files/1/0712/7485/6588/files/photo_2024-07-31_13-15-36.jpg?v=1749572737			
milano-supreme-regular-fit-polo-t-shirt								Size	M	Color	Black			M Milano black	240			deny	manual	99	2999		TRUE		https://cdn.shopify.com/s/files/1/0712/7485/6588/files/photo_2024-07-30_23-47-36.jpg?v=1749572737	4			https://cdn.shopify.com/s/files/1/0712/7485/6588/files/photo_2024-07-31_13-15-41.jpg?v=1749572737			
milano-supreme-regular-fit-polo-t-shirt								Size	L	Color	LightGray			L Milano White	240			deny	manual	99	2999		TRUE						https://cdn.shopify.com/s/files/1/0712/7485/6588/files/photo_2024-07-31_13-15-36.jpg?v=1749572737			
milano-supreme-regular-fit-polo-t-shirt								Size	L	Color	Black			L Milano black	240			deny	manual	99	2999		TRUE						https://cdn.shopify.com/s/files/1/0712/7485/6588/files/photo_2024-07-31_13-15-41.jpg?v=1749572737			
milano-supreme-regular-fit-polo-t-shirt								Size	XL	Color	LightGray			XL Milano White	240			deny	manual	99	2999		TRUE						https://cdn.shopify.com/s/files/1/0712/7485/6588/files/photo_2024-07-31_13-15-36.jpg?v=1749572737			
milano-supreme-regular-fit-polo-t-shirt								Size	XL	Color	Black			XL Milano black	240			deny	manual	99	2999		TRUE						https://cdn.shopify.com/s/files/1/0712/7485/6588/files/photo_2024-07-31_13-15-41.jpg?v=1749572737			
milano-supreme-regular-fit-polo-t-shirt								Size	XXL	Color	LightGray			XXL Milano White	240			deny	manual	99	2999		TRUE						https://cdn.shopify.com/s/files/1/0712/7485/6588/files/photo_2024-07-31_13-15-36.jpg?v=1749572737			
milano-supreme-regular-fit-polo-t-shirt								Size	XXL	Color	Black			XXL Milano black	240			deny	manual	99	2999		TRUE						https://cdn.shopify.com/s/files/1/0712/7485/6588/files/photo_2024-07-31_13-15-41.jpg?v=1749572737			
milano-supreme-regular-fit-polo-t-shirt								Size	3XL	Color	LightGray			3XL Milano White	240			deny	manual	99	2999		TRUE						https://cdn.shopify.com/s/files/1/0712/7485/6588/files/photo_2024-07-31_13-15-36.jpg?v=1749572737			
milano-supreme-regular-fit-polo-t-shirt								Size	3XL	Color	Black			3XL Milano black	240			deny	manual	99	2999		TRUE						https://cdn.shopify.com/s/files/1/0712/7485/6588/files/photo_2024-07-31_13-15-41.jpg?v=1749572737			
modern-mark-branded-polo-t-shirt	Modern Mark Branded Polo T-Shirt	"<h3><strong>Veneto Polo Shirt</strong></h3> <p><strong>Classic elegance. Modern comfort.</strong></p> <p>Elevate your everyday look with the <strong>Veneto Polo</strong>, a luxurious fusion of timeless style and breathable performance. Crafted from <strong>premium imported cotton</strong>, this polo is soft, lightweight, and ideal for warm-weather days—whether you're out on the town, at work, or just enjoying the weekend.</p> <hr> <p><strong>Why You'll Love It:</strong></p> <ul> <li> <p>? Made from high-quality <strong>imported cotton</strong></p> </li> <li> <p>? <strong>Lightweight &amp; breathable</strong>—perfect for warmer climates</p> </li> <li> <p>? <strong>Tailored fit</strong> that flatters without restricting movement</p> </li> <li> <p>? Classic design that never goes out of style</p> </li> </ul> <hr> <h3><strong>Size Chart (in inches)</strong></h3> <table> <thead> <tr> <th align=""center""><strong>Size</strong></th> <th align=""center""><strong>Chest</strong></th> <th align=""center""><strong>Shoulder</strong></th> <th align=""center""><strong>Length</strong></th> </tr> </thead> <tbody> <tr> <td align=""center"">S</td> <td align=""center"">38</td> <td align=""center"">15.5</td> <td align=""center"">25.5</td> </tr> <tr> <td align=""center"">M</td> <td align=""center"">40</td> <td align=""center"">16.5</td> <td align=""center"">26.5</td> </tr> <tr> <td align=""center"">L</td> <td align=""center"">42</td> <td align=""center"">17.5</td> <td align=""center"">27.5</td> </tr> <tr> <td align=""center"">XL</td> <td align=""center"">44</td> <td align=""center"">18.5</td> <td align=""center"">28.5</td> </tr> <tr> <td align=""center"">XXL</td> <td align=""center"">46</td> <td align=""center"">19.5</td> <td align=""center"">29.5</td> </tr> </tbody> </table> <p><br></p>"	TEES		Polo		2025-06-10T21:54:25+05:30	Size	S	Color	Khaki			B Logo Cream S	240			deny	manual	99	1949		TRUE		https://cdn.shopify.com/s/files/1/0712/7485/6588/files/IMG_3624.jpg?v=1749572677	1			https://cdn.shopify.com/s/files/1/0712/7485/6588/files/IMG_3184.jpg?v=1749572677			
modern-mark-branded-polo-t-shirt								Size	S	Color	White			B Logo White S	240			deny	manual	99	1949		TRUE		https://cdn.shopify.com/s/files/1/0712/7485/6588/files/IMG_3184.jpg?v=1749572677	2			https://cdn.shopify.com/s/files/1/0712/7485/6588/files/IMG_3180.jpg?v=1749572677			
modern-mark-branded-polo-t-shirt								Size	S	Color	Black			B Logo Black S	240			deny	manual	99	1949		TRUE		https://cdn.shopify.com/s/files/1/0712/7485/6588/files/IMG_3068.jpg?v=1749572677	3			https://cdn.shopify.com/s/files/1/0712/7485/6588/files/IMG_3182.jpg?v=1749572677			
modern-mark-branded-polo-t-shirt								Size	M	Color	Khaki			B Logo Cream M	240			deny	manual	99	1949		TRUE		https://cdn.shopify.com/s/files/1/0712/7485/6588/files/IMG_3180.jpg?v=1749572677	4			https://cdn.shopify.com/s/files/1/0712/7485/6588/files/IMG_3184.jpg?v=1749572677			
modern-mark-branded-polo-t-shirt								Size	M	Color	White			B Logo White M	240			deny	manual	99	1949		TRUE		https://cdn.shopify.com/s/files/1/0712/7485/6588/files/IMG_3626.jpg?v=1749572677	5			https://cdn.shopify.com/s/files/1/0712/7485/6588/files/IMG_3180.jpg?v=1749572677			
modern-mark-branded-polo-t-shirt								Size	M	Color	Black			B Logo Black M	240			deny	manual	99	1949		TRUE		https://cdn.shopify.com/s/files/1/0712/7485/6588/files/IMG_3182.jpg?v=1749572677	6			https://cdn.shopify.com/s/files/1/0712/7485/6588/files/IMG_3182.jpg?v=1749572677			
modern-mark-branded-polo-t-shirt								Size	L	Color	Khaki			B Logo Cream L	240			deny	manual	99	1949		TRUE		https://cdn.shopify.com/s/files/1/0712/7485/6588/files/IMG_3627.jpg?v=1749572677	7			https://cdn.shopify.com/s/files/1/0712/7485/6588/files/IMG_3184.jpg?v=1749572677			
modern-mark-branded-polo-t-shirt								Size	L	Color	White			B Logo White L	240			deny	manual	99	1949		TRUE		https://cdn.shopify.com/s/files/1/0712/7485/6588/files/IMG_3625.jpg?v=1749572677	8			https://cdn.shopify.com/s/files/1/0712/7485/6588/files/IMG_3180.jpg?v=1749572677			
modern-mark-branded-polo-t-shirt								Size	L	Color	Black			B Logo Black L	240			deny	manual	99	1949		TRUE		https://cdn.shopify.com/s/files/1/0712/7485/6588/files/IMG_3181.jpg?v=1749572677	9			https://cdn.shopify.com/s/files/1/0712/7485/6588/files/IMG_3182.jpg?v=1749572677			
modern-mark-branded-polo-t-shirt								Size	XL	Color	Khaki			B Logo Cream XL	240			deny	manual	99	1949		TRUE		https://cdn.shopify.com/s/files/1/0712/7485/6588/files/IMG_3179.jpg?v=1749572677	10			https://cdn.shopify.com/s/files/1/0712/7485/6588/files/IMG_3184.jpg?v=1749572677			
modern-mark-branded-polo-t-shirt								Size	XL	Color	White			B Logo White XL	240			deny	manual	99	1949		TRUE						https://cdn.shopify.com/s/files/1/0712/7485/6588/files/IMG_3180.jpg?v=1749572677			
modern-mark-branded-polo-t-shirt								Size	XL	Color	Black			B Logo Black XL	240			deny	manual	99	1949		TRUE						https://cdn.shopify.com/s/files/1/0712/7485/6588/files/IMG_3182.jpg?v=1749572677			
modern-mark-branded-polo-t-shirt								Size	XXL	Color	Khaki			B Logo Cream XXL	240			deny	manual	99	1949		TRUE						https://cdn.shopify.com/s/files/1/0712/7485/6588/files/IMG_3184.jpg?v=1749572677			
modern-mark-branded-polo-t-shirt								Size	XXL	Color	White			B Logo White XXL	240			deny	manual	99	1949		TRUE						https://cdn.shopify.com/s/files/1/0712/7485/6588/files/IMG_3180.jpg?v=1749572677			
modern-mark-branded-polo-t-shirt								Size	XXL	Color	Black			B Logo Black XXL	240			deny	manual	99	1949		TRUE						https://cdn.shopify.com/s/files/1/0712/7485/6588/files/IMG_3182.jpg?v=1749572677			
modern-mark-branded-polo-t-shirt								Size	3XL	Color	Khaki			B Logo Cream 3XL	240			deny	manual	99	1949		TRUE						https://cdn.shopify.com/s/files/1/0712/7485/6588/files/IMG_3184.jpg?v=1749572677			
modern-mark-branded-polo-t-shirt								Size	3XL	Color	White			B Logo White 3XL	240			deny	manual	99	1949		TRUE						https://cdn.shopify.com/s/files/1/0712/7485/6588/files/IMG_3180.jpg?v=1749572677			
modern-mark-branded-polo-t-shirt								Size	3XL	Color	Black			B Logo Black 3XL	240			deny	manual	99	1949		TRUE						https://cdn.shopify.com/s/files/1/0712/7485/6588/files/IMG_3182.jpg?v=1749572677			
monochrome-plaid-polo-shirt	Monochrome Branded Plaid Polo Shirt	"<h3><strong>Monochrome Branded Plaid Polo T-Shirt</strong></h3> <p><strong>Refined. Timeless. Effortlessly Stylish.</strong></p> <p>Elevate your wardrobe with the <strong>Monochrome Plaid Polo</strong>, a perfect blend of premium craftsmanship and sleek modern design. Crafted with high-quality imported fabric, this polo features a stylish checkered pattern and a structured collar—ideal for the fashion-conscious individual.</p> <hr> <h3><strong>Key Features:</strong></h3> <ul> <li> <p>? <strong>Premium Imported Fabric</strong> – Soft, breathable, and built to last</p> </li> <li> <p>? <strong>Monochrome Plaid Design</strong> – Sophisticated pattern for a timeless look</p> </li> <li> <p>? <strong>Branded Embroidered Crest</strong> – Adds a signature touch of exclusivity</p> </li> <li> <p>? <strong>Classic Polo Collar with Button Placket</strong> – Perfect smart-casual styling</p> </li> <li> <p>? <strong>Tailored Regular Fit</strong> – Offers both comfort and versatility</p> </li> </ul> <hr> <h3><strong>Why Choose This Polo?</strong></h3> <ul> <li> <p>?? Ideal for business casual, weekend wear, or smart layering</p> </li> <li> <p>?? Easy to style with chinos, jeans, or shorts</p> </li> <li> <p>?? Delivers long-lasting comfort and everyday wearability</p> </li> </ul> <blockquote> <p>?? <em>Upgrade your style with this elegant plaid polo—crafted for those who value luxury, comfort, and contemporary fashion.</em></p> </blockquote> <hr> <h3><strong>Size Chart (in inches)</strong></h3> <table> <thead> <tr> <th align=""center""><strong>Size</strong></th> <th align=""center""><strong>Chest</strong></th> <th align=""center""><strong>Shoulder</strong></th> <th align=""center""><strong>Length</strong></th> </tr> </thead> <tbody> <tr> <td align=""center"">S</td> <td align=""center"">38</td> <td align=""center"">15.5</td> <td align=""center"">25.5</td> </tr> <tr> <td align=""center"">M</td> <td align=""center"">40</td> <td align=""center"">16.5</td> <td align=""center"">26.5</td> </tr> <tr> <td align=""center"">L</td> <td align=""center"">42</td> <td align=""center"">17.5</td> <td align=""center"">27.5</td> </tr> <tr> <td align=""center"">XL</td> <td align=""center"">44</td> <td align=""center"">18.5</td> <td align=""center"">28.5</td> </tr> <tr> <td align=""center"">XXL</td> <td align=""center"">46</td> <td align=""center"">19.5</td> <td align=""center"">29.5</td> </tr> </tbody> </table> <hr> <p>?? <strong>Fabric</strong>: Imported Cotton Blend<br>?? <strong>Fit</strong>: Regular Fit<br>?? <em>Note: Product color may vary slightly due to lighting or display settings.</em></p>"	TEES		T-Shirts		2025-06-10T21:52:55+05:30	Size	S/38					TP3-S-Monochrome	300			deny	manual	99	2320		TRUE		https://cdn.shopify.com/s/files/1/0712/7485/6588/files/main-image-1.jpg?v=1749572580	1			https://cdn.shopify.com/s/files/1/0712/7485/6588/files/main-image-1.jpg?v=1749572580			
monochrome-plaid-polo-shirt								Size	M/40					TP3-M-Monochrome	300			deny	manual	99	2320		TRUE		https://cdn.shopify.com/s/files/1/0712/7485/6588/files/main-image-4.jpg?v=1749572580	2			https://cdn.shopify.com/s/files/1/0712/7485/6588/files/main-image-4.jpg?v=1749572580			
monochrome-plaid-polo-shirt								Size	L/42					TP3-L-Monochrome	300			deny	manual	99	2320		TRUE		https://cdn.shopify.com/s/files/1/0712/7485/6588/files/posn8.png?v=1749572581	3			https://cdn.shopify.com/s/files/1/0712/7485/6588/files/posn8.png?v=1749572581			
monochrome-plaid-polo-shirt								Size	XL/44					TP3-XL-Monochrome	300			deny	manual	99	2320		TRUE		https://cdn.shopify.com/s/files/1/0712/7485/6588/files/posn6.png?v=1749572581	4			https://cdn.shopify.com/s/files/1/0712/7485/6588/files/posn6.png?v=1749572581			
monochrome-plaid-polo-shirt								Size	XXL/46					TP3-XXL-Monochrome	300			deny	manual	99	2320		TRUE		https://cdn.shopify.com/s/files/1/0712/7485/6588/files/posn7.png?v=1749572581	5			https://cdn.shopify.com/s/files/1/0712/7485/6588/files/posn7.png?v=1749572581			
monogram-prestige-polo	Monogram Prestige Polo	"<ul> <li> <strong>Premium Imported Fabric:</strong> Crafted from high-quality fabric sourced internationally, ensuring superior comfort and durability.</li> <li> <strong>Sophisticated Monogram Design:</strong> Features a sleek and bold monogram logo that adds a touch of luxury to the overall design.</li> <li> <strong>Breathable Mesh Collar:</strong> Designed with a finely woven mesh collar for added comfort and breathability.</li> <li> <strong>Buttoned Collar with Accent Stripes:</strong> Includes a buttoned collar with stylish accent stripes, perfect for a polished yet casual look.</li> <li> <strong>Tailored Fit:</strong> Designed to offer a modern, tailored fit that complements all body types.</li> <li> <strong>Easy-Care Fabric:</strong> Low-maintenance, wrinkle-resistant material that retains its shape and look, wash after wash.</li> <li> <strong>Versatile Style:</strong> Suitable for both casual and semi-formal occasions, making it a versatile wardrobe essential.</li> <li> <strong>Attention to Detail:</strong> Expert stitching and fine detailing provide a premium feel and finish.</li> </ul><p><strong data-mce-fragment=""1"">Actual colour of the product may vary slightly due to photographic lighting sources or your device.</strong></p>"	TEES		Polo T-Shirt		2025-06-10T21:55:11+05:30	Size	S	Color	Gray			DK LOGO	300			deny	manual	99	1999		TRUE		https://cdn.shopify.com/s/files/1/0712/7485/6588/files/RIRO_3.jpg?v=1749572718	1			https://cdn.shopify.com/s/files/1/0712/7485/6588/files/RIRO_3.jpg?v=1749572718			
monogram-prestige-polo								Size	S	Color	White			DK LOGO	300			deny	manual	99	1999		TRUE		https://cdn.shopify.com/s/files/1/0712/7485/6588/files/photo_2025-02-08_15-36-21.jpg?v=1749572718	2			https://cdn.shopify.com/s/files/1/0712/7485/6588/files/RIRO_1.jpg?v=1749572718			
monogram-prestige-polo								Size	S	Color	Blue			DK LOGO	300			deny	manual	99	1999		TRUE		https://cdn.shopify.com/s/files/1/0712/7485/6588/files/RIRO_1.jpg?v=1749572718	3			https://cdn.shopify.com/s/files/1/0712/7485/6588/files/RIRO_4.jpg?v=1749572718			
monogram-prestige-polo								Size	M	Color	Gray			DK LOGO	300			deny	manual	99	1999		TRUE		https://cdn.shopify.com/s/files/1/0712/7485/6588/files/photo_2025-02-08_15-36-03.jpg?v=1749572718	4			https://cdn.shopify.com/s/files/1/0712/7485/6588/files/RIRO_3.jpg?v=1749572718			
monogram-prestige-polo								Size	M	Color	White			DK LOGO	300			deny	manual	99	1999		TRUE		https://cdn.shopify.com/s/files/1/0712/7485/6588/files/RIRO_4.jpg?v=1749572718	5			https://cdn.shopify.com/s/files/1/0712/7485/6588/files/RIRO_1.jpg?v=1749572718			
monogram-prestige-polo								Size	M	Color	Blue			DK LOGO	300			deny	manual	99	1999		TRUE		https://cdn.shopify.com/s/files/1/0712/7485/6588/files/photo_2025-02-08_15-36-17.jpg?v=1749572718	6			https://cdn.shopify.com/s/files/1/0712/7485/6588/files/RIRO_4.jpg?v=1749572718			
monogram-prestige-polo								Size	L	Color	Gray			DK LOGO	300			deny	manual	99	1999		TRUE						https://cdn.shopify.com/s/files/1/0712/7485/6588/files/RIRO_3.jpg?v=1749572718			
monogram-prestige-polo								Size	L	Color	White			DK LOGO	300			deny	manual	99	1999		TRUE						https://cdn.shopify.com/s/files/1/0712/7485/6588/files/RIRO_1.jpg?v=1749572718			
monogram-prestige-polo								Size	L	Color	Blue			DK LOGO	300			deny	manual	99	1999		TRUE						https://cdn.shopify.com/s/files/1/0712/7485/6588/files/RIRO_4.jpg?v=1749572718			
monogram-prestige-polo								Size	XL	Color	Gray			DK LOGO	300			deny	manual	99	1999		TRUE						https://cdn.shopify.com/s/files/1/0712/7485/6588/files/RIRO_3.jpg?v=1749572718			
monogram-prestige-polo								Size	XL	Color	White			DK LOGO	300			deny	manual	99	1999		TRUE						https://cdn.shopify.com/s/files/1/0712/7485/6588/files/RIRO_1.jpg?v=1749572718			
monogram-prestige-polo								Size	XL	Color	Blue			DK LOGO	300			deny	manual	99	1999		TRUE						https://cdn.shopify.com/s/files/1/0712/7485/6588/files/RIRO_4.jpg?v=1749572718			
monogram-prestige-polo								Size	XXL	Color	Gray			DK LOGO	300			deny	manual	99	1999		TRUE						https://cdn.shopify.com/s/files/1/0712/7485/6588/files/RIRO_3.jpg?v=1749572718			
monogram-prestige-polo								Size	XXL	Color	White			DK LOGO	300			deny	manual	99	1999		TRUE						https://cdn.shopify.com/s/files/1/0712/7485/6588/files/RIRO_1.jpg?v=1749572718			
monogram-prestige-polo								Size	XXL	Color	Blue			DK LOGO	300			deny	manual	99	1999		TRUE						https://cdn.shopify.com/s/files/1/0712/7485/6588/files/RIRO_4.jpg?v=1749572718			
monogram-prestige-polo								Size	3XL	Color	Gray			DK LOGO	300			deny	manual	99	1999		TRUE						https://cdn.shopify.com/s/files/1/0712/7485/6588/files/RIRO_3.jpg?v=1749572718			
monogram-prestige-polo								Size	3XL	Color	White			DK LOGO	300			deny	manual	99	1999		TRUE						https://cdn.shopify.com/s/files/1/0712/7485/6588/files/RIRO_1.jpg?v=1749572718			
monogram-prestige-polo								Size	3XL	Color	Blue			DK LOGO	300			deny	manual	99	1999		TRUE						https://cdn.shopify.com/s/files/1/0712/7485/6588/files/RIRO_4.jpg?v=1749572718			
opulent-crisscross-knitwear	Opulent Crisscross Knitwear (pack of 4)	"<h3><strong>Opulent Crisscross Knitwear</strong></h3> <p><strong>Timeless charm. Luxurious comfort.</strong></p> <p>Wrap yourself in sophistication with the <strong>Opulent Crisscross Knitwear</strong>, where classic design meets contemporary texture. Crafted with <strong>meticulous detail</strong>, this piece features a unique <strong>crisscross knit pattern</strong> that adds richness and dimension to its refined silhouette.</p> <p>Made from <strong>premium soft-touch fabrics</strong>, it provides exceptional warmth and a <strong>comfortably cozy fit</strong>—perfect for layering during cooler days. Whether you're heading out for a casual stroll or attending a stylish event, this versatile knitwear transitions effortlessly from day to night.</p> <hr> <p><strong>Why You'll Love It:</strong></p> <ul> <li> <p>? Unique <strong>crisscross texture</strong> for a standout look</p> </li> <li> <p>? <strong>Soft-touch premium material</strong> for warmth and comfort</p> </li> <li> <p>? Ideal for <strong>layering</strong> in fall or winter seasons</p> </li> <li> <p>? A blend of <strong>elegance and versatility</strong> for any occasion</p> </li> </ul> <hr> <p><strong>Elevate your wardrobe with a piece that’s as enduring as it is elegant.</strong></p>"	TEES				2025-06-10T21:53:41+05:30	Size	S	Color	Pastel Grey			KNITWEAR-1	0			deny	manual	99	2799		TRUE		https://cdn.shopify.com/s/files/1/0712/7485/6588/files/photo_2025-01-10_14-10-23_5.jpg?v=1749572634	1			https://cdn.shopify.com/s/files/1/0712/7485/6588/files/photo_2025-01-10_14-10-23_5.jpg?v=1749572634			
opulent-crisscross-knitwear								Size	S	Color	Black			KNITWEAR-4	0			deny	manual	99	2799		TRUE		https://cdn.shopify.com/s/files/1/0712/7485/6588/files/photo_2025-01-10_14-10-23_6.jpg?v=1749572634	2			https://cdn.shopify.com/s/files/1/0712/7485/6588/files/photo_2025-01-10_14-10-23.jpg?v=1749572634			
opulent-crisscross-knitwear								Size	S	Color	Green			KNITWEAR-3	0			deny	manual	99	2799		TRUE		https://cdn.shopify.com/s/files/1/0712/7485/6588/files/photo_2025-01-10_14-10-22_3.jpg?v=1749572634	3			https://cdn.shopify.com/s/files/1/0712/7485/6588/files/photo_2025-01-10_14-10-23_7.jpg?v=1749572634			
opulent-crisscross-knitwear								Size	S	Color	DarkGray				0			deny	manual	99	2799		TRUE		https://cdn.shopify.com/s/files/1/0712/7485/6588/files/photo_2025-01-10_14-10-23_3.jpg?v=1749572634	4			https://cdn.shopify.com/s/files/1/0712/7485/6588/files/photo_2025-01-10_14-10-23_3.jpg?v=1749572634			
opulent-crisscross-knitwear								Size	M	Color	Pastel Grey			KNITWEAR-5	0			deny	manual	99	2799		TRUE		https://cdn.shopify.com/s/files/1/0712/7485/6588/files/photo_2025-01-10_14-10-23_4.jpg?v=1749572634	5			https://cdn.shopify.com/s/files/1/0712/7485/6588/files/photo_2025-01-10_14-10-23_5.jpg?v=1749572634			
opulent-crisscross-knitwear								Size	M	Color	Black			KNITWEAR-8	0			deny	manual	99	2799		TRUE		https://cdn.shopify.com/s/files/1/0712/7485/6588/files/photo_2025-01-10_14-10-22_2.jpg?v=1749572634	6			https://cdn.shopify.com/s/files/1/0712/7485/6588/files/photo_2025-01-10_14-10-23.jpg?v=1749572634			
opulent-crisscross-knitwear								Size	M	Color	Green			KNITWEAR-7	0			deny	manual	99	2799		TRUE		https://cdn.shopify.com/s/files/1/0712/7485/6588/files/photo_2025-01-10_14-10-23.jpg?v=1749572634	7			https://cdn.shopify.com/s/files/1/0712/7485/6588/files/photo_2025-01-10_14-10-23_7.jpg?v=1749572634			
opulent-crisscross-knitwear								Size	M	Color	DarkGray				0			deny	manual	99	2799		TRUE		https://cdn.shopify.com/s/files/1/0712/7485/6588/files/photo_2025-01-10_14-10-23_2.jpg?v=1749572634	8			https://cdn.shopify.com/s/files/1/0712/7485/6588/files/photo_2025-01-10_14-10-23_3.jpg?v=1749572634			
opulent-crisscross-knitwear								Size	L	Color	Pastel Grey			KNITWEAR-9	0			deny	manual	99	2799		TRUE		https://cdn.shopify.com/s/files/1/0712/7485/6588/files/photo_2025-01-10_14-10-22.jpg?v=1749572634	9			https://cdn.shopify.com/s/files/1/0712/7485/6588/files/photo_2025-01-10_14-10-23_5.jpg?v=1749572634			
opulent-crisscross-knitwear								Size	L	Color	Black			KNITWEAR-12	0			deny	manual	99	2799		TRUE		https://cdn.shopify.com/s/files/1/0712/7485/6588/files/photo_2025-01-10_14-10-23_7.jpg?v=1749572634	10			https://cdn.shopify.com/s/files/1/0712/7485/6588/files/photo_2025-01-10_14-10-23.jpg?v=1749572634			
opulent-crisscross-knitwear								Size	L	Color	Green			KNITWEAR-11	0			deny	manual	99	2799		TRUE		https://cdn.shopify.com/s/files/1/0712/7485/6588/files/photo_2025-01-10_14-10-23_8.jpg?v=1749572634	11			https://cdn.shopify.com/s/files/1/0712/7485/6588/files/photo_2025-01-10_14-10-23_7.jpg?v=1749572634			
opulent-crisscross-knitwear								Size	L	Color	DarkGray				0			deny	manual	99	2799		TRUE		https://cdn.shopify.com/s/files/1/0712/7485/6588/files/photo_2025-01-10_14-10-22_4.jpg?v=1749572634	12			https://cdn.shopify.com/s/files/1/0712/7485/6588/files/photo_2025-01-10_14-10-23_3.jpg?v=1749572634			
opulent-crisscross-knitwear								Size	XL	Color	Pastel Grey			KNITWEAR-13	0			deny	manual	99	2799		TRUE						https://cdn.shopify.com/s/files/1/0712/7485/6588/files/photo_2025-01-10_14-10-23_5.jpg?v=1749572634			
opulent-crisscross-knitwear								Size	XL	Color	Black			KNITWEAR-16	0			deny	manual	99	2799		TRUE						https://cdn.shopify.com/s/files/1/0712/7485/6588/files/photo_2025-01-10_14-10-23.jpg?v=1749572634			
opulent-crisscross-knitwear								Size	XL	Color	Green			KNITWEAR-15	0			deny	manual	99	2799		TRUE						https://cdn.shopify.com/s/files/1/0712/7485/6588/files/photo_2025-01-10_14-10-23_7.jpg?v=1749572634			
opulent-crisscross-knitwear								Size	XL	Color	DarkGray				0			deny	manual	99	2799		TRUE						https://cdn.shopify.com/s/files/1/0712/7485/6588/files/photo_2025-01-10_14-10-23_3.jpg?v=1749572634			
opulent-crisscross-knitwear								Size	XXL	Color	Pastel Grey			KNITWEAR-17	0			deny	manual	99	2799		TRUE						https://cdn.shopify.com/s/files/1/0712/7485/6588/files/photo_2025-01-10_14-10-23_5.jpg?v=1749572634			
opulent-crisscross-knitwear								Size	XXL	Color	Black			KNITWEAR-20	0			deny	manual	99	2799		TRUE						https://cdn.shopify.com/s/files/1/0712/7485/6588/files/photo_2025-01-10_14-10-23.jpg?v=1749572634			
opulent-crisscross-knitwear								Size	XXL	Color	Green			KNITWEAR-19	0			deny	manual	99	2799		TRUE						https://cdn.shopify.com/s/files/1/0712/7485/6588/files/photo_2025-01-10_14-10-23_7.jpg?v=1749572634			
opulent-crisscross-knitwear								Size	XXL	Color	DarkGray				0			deny	manual	99	2799		TRUE						https://cdn.shopify.com/s/files/1/0712/7485/6588/files/photo_2025-01-10_14-10-23_3.jpg?v=1749572634			
opulent-crisscross-knitwear								Size	3XL	Color	Pastel Grey			KNITWEAR-21	0			deny	manual	99	2799		TRUE						https://cdn.shopify.com/s/files/1/0712/7485/6588/files/photo_2025-01-10_14-10-23_5.jpg?v=1749572634			
opulent-crisscross-knitwear								Size	3XL	Color	Black			KNITWEAR-24	0			deny	manual	99	2799		TRUE						https://cdn.shopify.com/s/files/1/0712/7485/6588/files/photo_2025-01-10_14-10-23.jpg?v=1749572634			
opulent-crisscross-knitwear								Size	3XL	Color	Green			KNITWEAR-23	0			deny	manual	99	2799		TRUE						https://cdn.shopify.com/s/files/1/0712/7485/6588/files/photo_2025-01-10_14-10-23_7.jpg?v=1749572634			
opulent-crisscross-knitwear								Size	3XL	Color	DarkGray				0			deny	manual	99	2799		TRUE						https://cdn.shopify.com/s/files/1/0712/7485/6588/files/photo_2025-01-10_14-10-23_3.jpg?v=1749572634			
oxford-elite-striped-polo	Oxford Elite Striped Polo	"<h3><strong>Oxford Elite Striped Polo</strong></h3> <p><strong>Classic. Contemporary. Confident.</strong><br>Upgrade your wardrobe with the <strong>Oxford Elite Striped Polo</strong>—a seamless blend of timeless stripes and modern tailoring. Designed for the refined gentleman, this polo delivers elevated style with exceptional comfort, making it the ideal choice for both smart-casual and business-casual occasions.</p> <hr> <h4><strong>Key Features</strong></h4> <ul> <li> <p><strong>Premium Imported Fabric</strong><br>Crafted from high-quality fabric for a soft, breathable, and durable finish.</p> </li> <li> <p><strong>Sophisticated Striped Design</strong><br>Elegant stripe pattern with a contrast collar for a sharp, refined look.</p> </li> <li> <p><strong>Tailored Regular Fit</strong><br>Flattering silhouette designed for all-day comfort and effortless movement.</p> </li> <li> <p><strong>Signature Embroidered Crest</strong><br>A distinguished emblem that adds a touch of prestige and sophistication.</p> </li> <li> <p><strong>Versatile Styling</strong><br>A timeless piece that transitions easily from the office to the weekend.</p> </li> </ul> <hr> <h4><strong>Style It With:</strong></h4> <ul> <li> <p>Pair with <strong>tailored chinos</strong> for a sharp, office-ready look</p> </li> <li> <p>Layer under a <strong>blazer</strong> for a refined semi-formal ensemble</p> </li> <li> <p>Match with <strong>denim or trousers</strong> for an elevated casual outfit</p> </li> </ul> <hr> <h4><strong>Care Instructions</strong></h4> <ul> <li> <p>Cold machine wash recommended</p> </li> <li> <p>See attached label for detailed care guidance</p> </li> </ul> <hr> <h4><strong>Disclaimer</strong></h4> <ul> <li> <p>Actual product color may vary slightly due to lighting or screen differences</p> </li> <li> <p>Standard sizing may vary by up to ±0.5 inches</p> </li> </ul> <hr> <h3><strong>Size Chart (in inches)</strong></h3> <table> <thead> <tr> <th align=""center""><strong>Size</strong></th> <th align=""center""><strong>Chest</strong></th> <th align=""center""><strong>Shoulder</strong></th> <th align=""center""><strong>Length</strong></th> </tr> </thead> <tbody> <tr> <td align=""center"">S</td> <td align=""center"">38</td> <td align=""center"">15.5</td> <td align=""center"">25.5</td> </tr> <tr> <td align=""center"">M</td> <td align=""center"">40</td> <td align=""center"">16.5</td> <td align=""center"">26.5</td> </tr> <tr> <td align=""center"">L</td> <td align=""center"">42</td> <td align=""center"">17.5</td> <td align=""center"">27.5</td> </tr> <tr> <td align=""center"">XL</td> <td align=""center"">44</td> <td align=""center"">18.5</td> <td align=""center"">28.5</td> </tr> <tr> <td align=""center"">XXL</td> <td align=""center"">46</td> <td align=""center"">19.5</td> <td align=""center"">29.5</td> </tr> </tbody> </table> <hr> <p><strong>Refine your style.</strong><br><strong>Add the Oxford Elite Striped Polo to your collection today.</strong></p>"	TEES		T-Shirts		2025-06-10T21:50:44+05:30	Size	M/40	Color	Wine				300			deny	manual	99	2299		TRUE		https://cdn.shopify.com/s/files/1/0712/7485/6588/files/Poshpeno_7.png?v=1749572458	1			https://cdn.shopify.com/s/files/1/0712/7485/6588/files/Poshpeno_7.png?v=1749572458			
oxford-elite-striped-polo								Size	M/40	Color	Sea Green				300			deny	manual	99	2299		TRUE		https://cdn.shopify.com/s/files/1/0712/7485/6588/files/Poshpeno_6.png?v=1749572458	2			https://cdn.shopify.com/s/files/1/0712/7485/6588/files/Poshpeno_6.png?v=1749572458			
oxford-elite-striped-polo								Size	M/40	Color	Nile Blue				300			deny	manual	99	2299		TRUE		https://cdn.shopify.com/s/files/1/0712/7485/6588/files/Poshpeno_5.png?v=1749572458	3			https://cdn.shopify.com/s/files/1/0712/7485/6588/files/Poshpeno_5.png?v=1749572458			
oxford-elite-striped-polo								Size	L/42	Color	Wine				300			deny	manual	99	2299		TRUE		https://cdn.shopify.com/s/files/1/0712/7485/6588/files/Poshpeno_1_b5664e3b-ff9a-412a-87c2-8e0a6edd766a.jpg?v=1749572458	4			https://cdn.shopify.com/s/files/1/0712/7485/6588/files/Poshpeno_7.png?v=1749572458			
oxford-elite-striped-polo								Size	L/42	Color	Sea Green				300			deny	manual	99	2299		TRUE		https://cdn.shopify.com/s/files/1/0712/7485/6588/files/Poshpeno_2_34808b48-ff47-4790-90af-c58ae2780088.jpg?v=1749572458	5			https://cdn.shopify.com/s/files/1/0712/7485/6588/files/Poshpeno_6.png?v=1749572458			
oxford-elite-striped-polo								Size	L/42	Color	Nile Blue				300			deny	manual	99	2299		TRUE		https://cdn.shopify.com/s/files/1/0712/7485/6588/files/Poshpeno_3.png?v=1749572458	6			https://cdn.shopify.com/s/files/1/0712/7485/6588/files/Poshpeno_5.png?v=1749572458			
oxford-elite-striped-polo								Size	XL/44	Color	Wine				300			deny	manual	99	2299		TRUE		https://cdn.shopify.com/s/files/1/0712/7485/6588/files/Poshpeno_4.png?v=1749572458	7			https://cdn.shopify.com/s/files/1/0712/7485/6588/files/Poshpeno_7.png?v=1749572458			
oxford-elite-striped-polo								Size	XL/44	Color	Sea Green				300			deny	manual	99	2299		TRUE		https://cdn.shopify.com/s/files/1/0712/7485/6588/files/Poshpeno_1.png?v=1749572458	8			https://cdn.shopify.com/s/files/1/0712/7485/6588/files/Poshpeno_6.png?v=1749572458			
oxford-elite-striped-polo								Size	XL/44	Color	Nile Blue				300			deny	manual	99	2299		TRUE		https://cdn.shopify.com/s/files/1/0712/7485/6588/files/Poshpeno_4_547840bc-800e-4507-8925-4e9c533f119b.jpg?v=1749572458	9			https://cdn.shopify.com/s/files/1/0712/7485/6588/files/Poshpeno_5.png?v=1749572458			
oxford-elite-striped-polo								Size	XXL/46	Color	Wine				300			deny	manual	99	2299		TRUE		https://cdn.shopify.com/s/files/1/0712/7485/6588/files/Poshpeno_5_543543a7-a204-4656-a39c-700c9b13c6e4.jpg?v=1749572458	10			https://cdn.shopify.com/s/files/1/0712/7485/6588/files/Poshpeno_7.png?v=1749572458			
oxford-elite-striped-polo								Size	XXL/46	Color	Sea Green				300			deny	manual	99	2299		TRUE		https://cdn.shopify.com/s/files/1/0712/7485/6588/files/Poshpeno_3_02723ec0-2209-4ac5-85ee-20067cad508f.jpg?v=1749572458	11			https://cdn.shopify.com/s/files/1/0712/7485/6588/files/Poshpeno_6.png?v=1749572458			
oxford-elite-striped-polo								Size	XXL/46	Color	Nile Blue				300			deny	manual	99	2299		TRUE						https://cdn.shopify.com/s/files/1/0712/7485/6588/files/Poshpeno_5.png?v=1749572458			
premium-silk-textured-t-shirt-for-men	Premium Silk Textured T-Shirt For Men	"<h3><strong>Silk Short Sleeve T-Shirt</strong></h3> <p><strong>Style meets breathability.</strong></p> <p>Experience unmatched comfort and modern design with the <strong>Silk Short Sleeve T-Shirt</strong>. Designed to deliver a premium wearing experience, this tee combines soft fabric with stylish <strong>mesh paneling</strong> for maximum ventilation and a cool, fresh feel all day long.</p> <p>Whether you're out for sports, leisure, or social events, this shirt keeps you looking sharp and feeling great.</p> <hr> <p><strong>Key Features:</strong></p> <ul> <li> <p>? <strong>Breathable mesh detailing</strong> for enhanced airflow</p> </li> <li> <p>? <strong>Soft, silk-blend fabric</strong> for luxurious comfort</p> </li> <li> <p>? Ideal for <strong>sports, casual outings, or gatherings</strong></p> </li> <li> <p>? Stylish design that doesn’t compromise on performance</p> </li> </ul> <hr> <h3><strong>Size Chart (in inches)</strong></h3> <table> <thead> <tr> <th align=""center""><strong>Size</strong></th> <th align=""center""><strong>Chest</strong></th> <th align=""center""><strong>Shoulder</strong></th> <th align=""center""><strong>Length</strong></th> </tr> </thead> <tbody> <tr> <td align=""center"">S</td> <td align=""center"">38</td> <td align=""center"">15.5</td> <td align=""center"">25.5</td> </tr> <tr> <td align=""center"">M</td> <td align=""center"">40</td> <td align=""center"">16.5</td> <td align=""center"">26.5</td> </tr> <tr> <td align=""center"">L</td> <td align=""center"">42</td> <td align=""center"">17.5</td> <td align=""center"">27.5</td> </tr> <tr> <td align=""center"">XL</td> <td align=""center"">44</td> <td align=""center"">18.5</td> <td align=""center"">28.5</td> </tr> <tr> <td align=""center"">XXL</td> <td align=""center"">46</td> <td align=""center"">19.5</td> <td align=""center"">29.5</td> </tr> </tbody> </table> <hr> <p><strong>Stay cool. Stay stylish. Every time.</strong></p>"	TEES				2025-06-10T21:53:29+05:30	Size	S	Color	Black			BLACK TSHIRT	240			deny	manual	99	2899		TRUE		https://cdn.shopify.com/s/files/1/0712/7485/6588/files/photo_2024-01-17_19-13-59_5.jpg?v=1749572619	1			https://cdn.shopify.com/s/files/1/0712/7485/6588/files/photo_2024-01-17_19-13-54.jpg?v=1749572619			
premium-silk-textured-t-shirt-for-men								Size	S	Color	White			WHITE TSHIRT	240			deny	manual	99	2899		TRUE		https://cdn.shopify.com/s/files/1/0712/7485/6588/files/photo_2024-01-17_19-37-35_2.jpg?v=1749572619	2			https://cdn.shopify.com/s/files/1/0712/7485/6588/files/photo_2024-01-17_19-37-35_2.jpg?v=1749572619			
premium-silk-textured-t-shirt-for-men								Size	S	Color	Grey			GREY TSHIRT	240			deny	manual	99	2899		TRUE		https://cdn.shopify.com/s/files/1/0712/7485/6588/files/photo_2024-01-17_19-13-54.jpg?v=1749572619	3			https://cdn.shopify.com/s/files/1/0712/7485/6588/files/photo_2024-01-17_19-13-59_5.jpg?v=1749572619			
premium-silk-textured-t-shirt-for-men								Size	S	Color	Cream			KHAKHI TSHIRT	240			deny	manual	99	2899		TRUE		https://cdn.shopify.com/s/files/1/0712/7485/6588/files/photo_2024-01-17_19-13-59_4.jpg?v=1749572619	4			https://cdn.shopify.com/s/files/1/0712/7485/6588/files/photo_2024-01-17_19-13-59_4.jpg?v=1749572619			
premium-silk-textured-t-shirt-for-men								Size	M	Color	Black			BLACK TSHIRT	240			deny	manual	99	2899		TRUE		https://cdn.shopify.com/s/files/1/0712/7485/6588/files/photo_2024-01-17_19-13-56.jpg?v=1749572619	5			https://cdn.shopify.com/s/files/1/0712/7485/6588/files/photo_2024-01-17_19-13-54.jpg?v=1749572619			
premium-silk-textured-t-shirt-for-men								Size	M	Color	White			WHITE TSHIRT	240			deny	manual	99	2899		TRUE		https://cdn.shopify.com/s/files/1/0712/7485/6588/files/photo_2024-01-17_19-37-35.jpg?v=1749572619	6			https://cdn.shopify.com/s/files/1/0712/7485/6588/files/photo_2024-01-17_19-37-35_2.jpg?v=1749572619			
premium-silk-textured-t-shirt-for-men								Size	M	Color	Grey			GREY TSHIRT	240			deny	manual	99	2899		TRUE		https://cdn.shopify.com/s/files/1/0712/7485/6588/files/photo_2024-01-17_19-13-59.jpg?v=1749572619	7			https://cdn.shopify.com/s/files/1/0712/7485/6588/files/photo_2024-01-17_19-13-59_5.jpg?v=1749572619			
premium-silk-textured-t-shirt-for-men								Size	M	Color	Cream			KHAKHI TSHIRT	240			deny	manual	99	2899		TRUE		https://cdn.shopify.com/s/files/1/0712/7485/6588/files/photo_2024-01-17_19-13-59_3.jpg?v=1749572619	8			https://cdn.shopify.com/s/files/1/0712/7485/6588/files/photo_2024-01-17_19-13-59_4.jpg?v=1749572619			
premium-silk-textured-t-shirt-for-men								Size	L	Color	Black			BLACK TSHIRT	240			deny	manual	99	2899		TRUE		https://cdn.shopify.com/s/files/1/0712/7485/6588/files/photo_2024-01-17_19-13-59_2.jpg?v=1749572619	9			https://cdn.shopify.com/s/files/1/0712/7485/6588/files/photo_2024-01-17_19-13-54.jpg?v=1749572619			
premium-silk-textured-t-shirt-for-men								Size	L	Color	White			WHITE TSHIRT	240			deny	manual	99	2899		TRUE						https://cdn.shopify.com/s/files/1/0712/7485/6588/files/photo_2024-01-17_19-37-35_2.jpg?v=1749572619			
premium-silk-textured-t-shirt-for-men								Size	L	Color	Grey			GREY TSHIRT	240			deny	manual	99	2899		TRUE						https://cdn.shopify.com/s/files/1/0712/7485/6588/files/photo_2024-01-17_19-13-59_5.jpg?v=1749572619			
premium-silk-textured-t-shirt-for-men								Size	L	Color	Cream			KHAKHI TSHIRT	240			deny	manual	99	2899		TRUE						https://cdn.shopify.com/s/files/1/0712/7485/6588/files/photo_2024-01-17_19-13-59_4.jpg?v=1749572619			
premium-silk-textured-t-shirt-for-men								Size	XL	Color	Black			BLACK TSHIRT	240			deny	manual	99	2899		TRUE						https://cdn.shopify.com/s/files/1/0712/7485/6588/files/photo_2024-01-17_19-13-54.jpg?v=1749572619			
premium-silk-textured-t-shirt-for-men								Size	XL	Color	White			WHITE TSHIRT	240			deny	manual	99	2899		TRUE						https://cdn.shopify.com/s/files/1/0712/7485/6588/files/photo_2024-01-17_19-37-35_2.jpg?v=1749572619			
premium-silk-textured-t-shirt-for-men								Size	XL	Color	Grey			GREY TSHIRT	240			deny	manual	99	2899		TRUE						https://cdn.shopify.com/s/files/1/0712/7485/6588/files/photo_2024-01-17_19-13-59_5.jpg?v=1749572619			
premium-silk-textured-t-shirt-for-men								Size	XL	Color	Cream			KHAKHI TSHIRT	240			deny	manual	99	2899		TRUE						https://cdn.shopify.com/s/files/1/0712/7485/6588/files/photo_2024-01-17_19-13-59_4.jpg?v=1749572619			
premium-silk-textured-t-shirt-for-men								Size	XXL	Color	Black			BLACK TSHIRT	240			deny	manual	99	2899		TRUE						https://cdn.shopify.com/s/files/1/0712/7485/6588/files/photo_2024-01-17_19-13-54.jpg?v=1749572619			
premium-silk-textured-t-shirt-for-men								Size	XXL	Color	White			WHITE TSHIRT	240			deny	manual	99	2899		TRUE						https://cdn.shopify.com/s/files/1/0712/7485/6588/files/photo_2024-01-17_19-37-35_2.jpg?v=1749572619			
premium-silk-textured-t-shirt-for-men								Size	XXL	Color	Grey			GREY TSHIRT	240			deny	manual	99	2899		TRUE						https://cdn.shopify.com/s/files/1/0712/7485/6588/files/photo_2024-01-17_19-13-59_5.jpg?v=1749572619			
premium-silk-textured-t-shirt-for-men								Size	XXL	Color	Cream			KHAKHI TSHIRT	240			deny	manual	99	2899		TRUE						https://cdn.shopify.com/s/files/1/0712/7485/6588/files/photo_2024-01-17_19-13-59_4.jpg?v=1749572619			
premium-silk-textured-t-shirt-for-men								Size	3XL	Color	Black				240			deny	manual	99	2899		TRUE						https://cdn.shopify.com/s/files/1/0712/7485/6588/files/photo_2024-01-17_19-13-54.jpg?v=1749572619			
premium-silk-textured-t-shirt-for-men								Size	3XL	Color	White				240			deny	manual	99	2899		TRUE						https://cdn.shopify.com/s/files/1/0712/7485/6588/files/photo_2024-01-17_19-37-35_2.jpg?v=1749572619			
premium-silk-textured-t-shirt-for-men								Size	3XL	Color	Grey				240			deny	manual	99	2899		TRUE						https://cdn.shopify.com/s/files/1/0712/7485/6588/files/photo_2024-01-17_19-13-59_5.jpg?v=1749572619			
premium-silk-textured-t-shirt-for-men								Size	3XL	Color	Cream				240			deny	manual	99	2899		TRUE						https://cdn.shopify.com/s/files/1/0712/7485/6588/files/photo_2024-01-17_19-13-59_4.jpg?v=1749572619			
royal-heritage-polo-t-shirt	Royal Heritage Polo T-Shirt	"<h3><strong>Majestic Luxe Polo Shirt</strong></h3> <p><strong>Where timeless elegance meets everyday comfort.</strong></p> <p>Make a lasting impression with the <strong>Majestic Luxe Polo Shirt</strong>—crafted for those who value refined style and superior comfort. Made from <strong>high-quality fabric</strong>, it offers a <strong>luxurious feel</strong>, breathable wear, and long-lasting durability. Its sleek, tailored look ensures you're always dressed to impress—whether you're heading to a meeting or a night out.</p> <hr> <p><strong>Key Features:</strong></p> <ul> <li> <p>? <strong>Premium material</strong> for comfort and long-term wear</p> </li> <li> <p>? <strong>Sophisticated, polished design</strong> for a timeless look</p> </li> <li> <p>? <strong>Tailored fit</strong> for a sleek and confident silhouette</p> </li> <li> <p>? Ideal for both <strong>professional and casual settings</strong></p> </li> </ul> <hr> <h3><strong>Size Chart (in inches)</strong></h3> <table> <thead> <tr> <th align=""center""><strong>Size</strong></th> <th align=""center""><strong>Chest</strong></th> <th align=""center""><strong>Shoulder</strong></th> <th align=""center""><strong>Length</strong></th> </tr> </thead> <tbody> <tr> <td align=""center"">S</td> <td align=""center"">38</td> <td align=""center"">15.5</td> <td align=""center"">25.5</td> </tr> <tr> <td align=""center"">M</td> <td align=""center"">40</td> <td align=""center"">16.5</td> <td align=""center"">26.5</td> </tr> <tr> <td align=""center"">L</td> <td align=""center"">42</td> <td align=""center"">17.5</td> <td align=""center"">27.5</td> </tr> <tr> <td align=""center"">XL</td> <td align=""center"">44</td> <td align=""center"">18.5</td> <td align=""center"">28.5</td> </tr> <tr> <td align=""center"">XXL</td> <td align=""center"">46</td> <td align=""center"">19.5</td> <td align=""center"">29.5</td> </tr> </tbody> </table> <hr> <p><strong>Elevate your essentials with the Majestic Luxe Polo—classic, confident, and built to last.</strong></p> <div class=""Modal__Content Rte""> <div class=""Container Container--extraNarrow""></div> </div> <!---->"	TEES				2025-06-10T21:54:02+05:30	Size	S	Color	Black			Horse Black S	0			deny	manual	99	2499		TRUE		https://cdn.shopify.com/s/files/1/0712/7485/6588/files/photo_2024-07-30_19-46-04.jpg?v=1749572648	1			https://cdn.shopify.com/s/files/1/0712/7485/6588/files/photo_2024-07-30_19-46-04.jpg?v=1749572648			
royal-heritage-polo-t-shirt								Size	S	Color	Blue			Horse Blue S	0			deny	manual	99	2499		TRUE		https://cdn.shopify.com/s/files/1/0712/7485/6588/files/photo_2025-02-22_14-25-47.jpg?v=1749572648	2			https://cdn.shopify.com/s/files/1/0712/7485/6588/files/photo_2024-07-30_19-46-11.jpg?v=1749572648			
royal-heritage-polo-t-shirt								Size	S	Color	DarkGray			Horse Cream S	0			deny	manual	99	2499		TRUE		https://cdn.shopify.com/s/files/1/0712/7485/6588/files/photo_2024-07-30_19-46-11.jpg?v=1749572648	3			https://cdn.shopify.com/s/files/1/0712/7485/6588/files/photo_2024-07-30_19-46-07.jpg?v=1749572648			
royal-heritage-polo-t-shirt								Size	M	Color	Black			Horse Black M	0			deny	manual	99	2499		TRUE		https://cdn.shopify.com/s/files/1/0712/7485/6588/files/photo_2025-02-22_14-25-40.jpg?v=1749572648	4			https://cdn.shopify.com/s/files/1/0712/7485/6588/files/photo_2024-07-30_19-46-04.jpg?v=1749572648			
royal-heritage-polo-t-shirt								Size	M	Color	Blue			Horse Blue M	0			deny	manual	99	2499		TRUE		https://cdn.shopify.com/s/files/1/0712/7485/6588/files/photo_2024-07-30_19-46-07.jpg?v=1749572648	5			https://cdn.shopify.com/s/files/1/0712/7485/6588/files/photo_2024-07-30_19-46-11.jpg?v=1749572648			
royal-heritage-polo-t-shirt								Size	M	Color	DarkGray			Horse Cream M	0			deny	manual	99	2499		TRUE		https://cdn.shopify.com/s/files/1/0712/7485/6588/files/photo_2025-02-22_14-25-51.jpg?v=1749572648	6			https://cdn.shopify.com/s/files/1/0712/7485/6588/files/photo_2024-07-30_19-46-07.jpg?v=1749572648			
royal-heritage-polo-t-shirt								Size	L	Color	Black			Horse Black L	0			deny	manual	99	2499		TRUE						https://cdn.shopify.com/s/files/1/0712/7485/6588/files/photo_2024-07-30_19-46-04.jpg?v=1749572648			
royal-heritage-polo-t-shirt								Size	L	Color	Blue			Horse Blue L	0			deny	manual	99	2499		TRUE						https://cdn.shopify.com/s/files/1/0712/7485/6588/files/photo_2024-07-30_19-46-11.jpg?v=1749572648			
royal-heritage-polo-t-shirt								Size	L	Color	DarkGray			Horse Cream L	0			deny	manual	99	2499		TRUE						https://cdn.shopify.com/s/files/1/0712/7485/6588/files/photo_2024-07-30_19-46-07.jpg?v=1749572648			
royal-heritage-polo-t-shirt								Size	XL	Color	Black			Horse Black XL	0			deny	manual	99	2499		TRUE						https://cdn.shopify.com/s/files/1/0712/7485/6588/files/photo_2024-07-30_19-46-04.jpg?v=1749572648			
royal-heritage-polo-t-shirt								Size	XL	Color	Blue			Horse Blue XL	0			deny	manual	99	2499		TRUE						https://cdn.shopify.com/s/files/1/0712/7485/6588/files/photo_2024-07-30_19-46-11.jpg?v=1749572648			
royal-heritage-polo-t-shirt								Size	XL	Color	DarkGray			Horse Cream XL	0			deny	manual	99	2499		TRUE						https://cdn.shopify.com/s/files/1/0712/7485/6588/files/photo_2024-07-30_19-46-07.jpg?v=1749572648			
royal-heritage-polo-t-shirt								Size	XXL	Color	Black			Horse Black 2XL	0			deny	manual	99	2499		TRUE						https://cdn.shopify.com/s/files/1/0712/7485/6588/files/photo_2024-07-30_19-46-04.jpg?v=1749572648			
royal-heritage-polo-t-shirt								Size	XXL	Color	Blue			Horse Blue 2XL	0			deny	manual	99	2499		TRUE						https://cdn.shopify.com/s/files/1/0712/7485/6588/files/photo_2024-07-30_19-46-11.jpg?v=1749572648			
royal-heritage-polo-t-shirt								Size	XXL	Color	DarkGray			Horse Cream 2XL	0			deny	manual	99	2499		TRUE						https://cdn.shopify.com/s/files/1/0712/7485/6588/files/photo_2024-07-30_19-46-07.jpg?v=1749572648			
royal-heritage-polo-t-shirt								Size	3XL	Color	Black			Horse Black 3XL	0			deny	manual	99	2499		TRUE						https://cdn.shopify.com/s/files/1/0712/7485/6588/files/photo_2024-07-30_19-46-04.jpg?v=1749572648			
royal-heritage-polo-t-shirt								Size	3XL	Color	Blue			Horse Blue 3XL	0			deny	manual	99	2499		TRUE						https://cdn.shopify.com/s/files/1/0712/7485/6588/files/photo_2024-07-30_19-46-11.jpg?v=1749572648			
royal-heritage-polo-t-shirt								Size	3XL	Color	DarkGray			Horse Cream 3XL	0			deny	manual	99	2499		TRUE						https://cdn.shopify.com/s/files/1/0712/7485/6588/files/photo_2024-07-30_19-46-07.jpg?v=1749572648			
signature-v-italy-short-sleeve-t-shir-for-men	Signature V Italy Short Sleeve T-shir For Men	"<h3><strong>Silk Short Sleeve T-Shirt</strong></h3> <p><strong>Where fashion meets functionality.</strong></p> <p>Experience next-level comfort with the <strong>Silk Short Sleeve T-Shirt</strong>, designed to deliver a lightweight and breathable feel like no other. Featuring stylish mesh paneling, this tee not only enhances airflow but also adds a modern edge to your look.</p> <p>Whether you're out for sports, relaxing, or heading to a casual gathering, this tee keeps you <strong>cool, dry, and effortlessly stylish</strong> all day long.</p> <hr> <h3><strong>Size Chart (in inches)</strong></h3> <table> <thead> <tr> <th align=""center""><strong>Size</strong></th> <th align=""center""><strong>Chest</strong></th> <th align=""center""><strong>Shoulder</strong></th> <th align=""center""><strong>Length</strong></th> </tr> </thead> <tbody> <tr> <td align=""center"">S</td> <td align=""center"">38</td> <td align=""center"">15.5</td> <td align=""center"">25.5</td> </tr> <tr> <td align=""center"">M</td> <td align=""center"">40</td> <td align=""center"">16.5</td> <td align=""center"">26.5</td> </tr> <tr> <td align=""center"">L</td> <td align=""center"">42</td> <td align=""center"">17.5</td> <td align=""center"">27.5</td> </tr> <tr> <td align=""center"">XL</td> <td align=""center"">44</td> <td align=""center"">18.5</td> <td align=""center"">28.5</td> </tr> <tr> <td align=""center"">XXL</td> <td align=""center"">46</td> <td align=""center"">19.5</td> <td align=""center"">29.5</td> </tr> </tbody> </table> <hr> <p><strong>Features:</strong></p> <ul> <li> <p>? Soft, silk-like fabric for a premium feel</p> </li> <li> <p>? Mesh panels for enhanced ventilation</p> </li> <li> <p>? Designed for sports, leisure, or casual wear</p> </li> <li> <p>? Modern fit with lasting comfort</p> </li> </ul> <div class=""Modal__Content Rte""> <div class=""Container Container--extraNarrow""></div> </div>"	TEES				2025-06-10T21:55:06+05:30	Size	S	Color	White			White TIger Tshirt S	240			deny	manual	99	2999		TRUE		https://cdn.shopify.com/s/files/1/0712/7485/6588/files/photo_2024-06-22_19-49-03.jpg?v=1749572710	1			https://cdn.shopify.com/s/files/1/0712/7485/6588/files/photo_2024-06-22_19-49-03.jpg?v=1749572710			
signature-v-italy-short-sleeve-t-shir-for-men								Size	S	Color	Black			Black TIger Tshirt S	240			deny	manual	99	2999		TRUE		https://cdn.shopify.com/s/files/1/0712/7485/6588/files/photo_2024-06-22_19-49-03_2.jpg?v=1749572710	2			https://cdn.shopify.com/s/files/1/0712/7485/6588/files/photo_2024-06-22_19-49-03_2.jpg?v=1749572710			
signature-v-italy-short-sleeve-t-shir-for-men								Size	M	Color	White			White TIger Tshirt M	240			deny	manual	99	2999		TRUE		https://cdn.shopify.com/s/files/1/0712/7485/6588/files/photo_2024-06-22_19-49-03_5.jpg?v=1749572710	3			https://cdn.shopify.com/s/files/1/0712/7485/6588/files/photo_2024-06-22_19-49-03.jpg?v=1749572710			
signature-v-italy-short-sleeve-t-shir-for-men								Size	M	Color	Black			BlackTIger Tshirt M	240			deny	manual	99	2999		TRUE						https://cdn.shopify.com/s/files/1/0712/7485/6588/files/photo_2024-06-22_19-49-03_2.jpg?v=1749572710			
signature-v-italy-short-sleeve-t-shir-for-men								Size	L	Color	White			White TIger Tshirt L	240			deny	manual	99	2999		TRUE						https://cdn.shopify.com/s/files/1/0712/7485/6588/files/photo_2024-06-22_19-49-03.jpg?v=1749572710			
signature-v-italy-short-sleeve-t-shir-for-men								Size	L	Color	Black			BlackTIger Tshirt L	240			deny	manual	99	2999		TRUE						https://cdn.shopify.com/s/files/1/0712/7485/6588/files/photo_2024-06-22_19-49-03_2.jpg?v=1749572710			
signature-v-italy-short-sleeve-t-shir-for-men								Size	XL	Color	White			White TIger Tshirt XL	240			deny	manual	99	2999		TRUE						https://cdn.shopify.com/s/files/1/0712/7485/6588/files/photo_2024-06-22_19-49-03.jpg?v=1749572710			
signature-v-italy-short-sleeve-t-shir-for-men								Size	XL	Color	Black			BlackTIger Tshirt XL	240			deny	manual	99	2999		TRUE						https://cdn.shopify.com/s/files/1/0712/7485/6588/files/photo_2024-06-22_19-49-03_2.jpg?v=1749572710			
signature-v-italy-short-sleeve-t-shir-for-men								Size	XXL	Color	White			White TIger Tshirt XXL	240			deny	manual	99	2999		TRUE						https://cdn.shopify.com/s/files/1/0712/7485/6588/files/photo_2024-06-22_19-49-03.jpg?v=1749572710			
signature-v-italy-short-sleeve-t-shir-for-men								Size	XXL	Color	Black			BlackTIger Tshirt XXL	240			deny	manual	99	2999		TRUE						https://cdn.shopify.com/s/files/1/0712/7485/6588/files/photo_2024-06-22_19-49-03_2.jpg?v=1749572710			
signature-v-italy-short-sleeve-t-shir-for-men								Size	3XL	Color	White			White TIger Tshirt 3XL	240			deny	manual	99	2999		TRUE						https://cdn.shopify.com/s/files/1/0712/7485/6588/files/photo_2024-06-22_19-49-03.jpg?v=1749572710			
signature-v-italy-short-sleeve-t-shir-for-men								Size	3XL	Color	Black			BlackTIger Tshirt 3XL	240			deny	manual	99	2999		TRUE						https://cdn.shopify.com/s/files/1/0712/7485/6588/files/photo_2024-06-22_19-49-03_2.jpg?v=1749572710			
style-icon-glidewear-long-sleeve	Style Icon GlideWear Long Sleeve	"<h3><strong>Premium Printed T-Shirt</strong></h3> <p><strong>Effortless style. All-day comfort.</strong></p> <p>Designed for those who appreciate style that feels as good as it looks. This tee is made from <strong>high-quality, breathable fabric</strong> that keeps you comfortable and cool all day long—while its sleek look makes it perfect for any occasion.</p> <hr> <p><strong>Key Features:</strong></p> <ul> <li> <p>? <strong>Regular fit</strong> for a relaxed yet stylish appeal</p> </li> <li> <p>? <strong>Available in sizes S to 3XL</strong> – the perfect fit for everyone</p> </li> <li> <p>? <strong>Premium fabric</strong> for all-day comfort and lasting durability</p> </li> <li> <p>? <strong>Trendy printed design</strong> to elevate your everyday fashion</p> </li> </ul> <p>Whether you're heading out for a casual day, layering it up, or making a bold statement, this tee has you covered.</p> <hr> <h3><strong>Size Chart (in inches)</strong></h3> <table> <thead> <tr> <th align=""center""><strong>Size</strong></th> <th align=""center""><strong>Chest</strong></th> <th align=""center""><strong>Shoulder</strong></th> <th align=""center""><strong>Length</strong></th> </tr> </thead> <tbody> <tr> <td align=""center"">S</td> <td align=""center"">38</td> <td align=""center"">15.5</td> <td align=""center"">25.5</td> </tr> <tr> <td align=""center"">M</td> <td align=""center"">40</td> <td align=""center"">16.5</td> <td align=""center"">26.5</td> </tr> <tr> <td align=""center"">L</td> <td align=""center"">42</td> <td align=""center"">17.5</td> <td align=""center"">27.5</td> </tr> <tr> <td align=""center"">XL</td> <td align=""center"">44</td> <td align=""center"">18.5</td> <td align=""center"">28.5</td> </tr> <tr> <td align=""center"">XXL</td> <td align=""center"">46</td> <td align=""center"">19.5</td> <td align=""center"">29.5</td> </tr> </tbody> </table> <p><br></p> <div class=""Modal__Content Rte""> <div class=""Container Container--extraNarrow""></div> </div>"	TEES				2025-06-10T21:54:39+05:30	Color	LightGray	Size	S				0			deny	manual	99	3499		TRUE		https://cdn.shopify.com/s/files/1/0712/7485/6588/files/photo_2025-03-01_23-22-55.jpg?v=1749572685	1			https://cdn.shopify.com/s/files/1/0712/7485/6588/files/photo_2025-03-01_23-22-55.jpg?v=1749572685			
style-icon-glidewear-long-sleeve								Color	LightGray	Size	M				0			deny	manual	99	3499		TRUE		https://cdn.shopify.com/s/files/1/0712/7485/6588/files/photo_2025-03-01_23-22-56.jpg?v=1749572685	2			https://cdn.shopify.com/s/files/1/0712/7485/6588/files/photo_2025-03-01_23-22-55.jpg?v=1749572685			
style-icon-glidewear-long-sleeve								Color	LightGray	Size	L				0			deny	manual	99	3499		TRUE		https://cdn.shopify.com/s/files/1/0712/7485/6588/files/photo_2025-03-01_23-23-10.jpg?v=1749572685	3			https://cdn.shopify.com/s/files/1/0712/7485/6588/files/photo_2025-03-01_23-22-55.jpg?v=1749572685			
style-icon-glidewear-long-sleeve								Color	LightGray	Size	XL				0			deny	manual	99	3499		TRUE		https://cdn.shopify.com/s/files/1/0712/7485/6588/files/photo_2025-03-01_23-23-07.jpg?v=1749572685	4			https://cdn.shopify.com/s/files/1/0712/7485/6588/files/photo_2025-03-01_23-22-55.jpg?v=1749572685			
style-icon-glidewear-long-sleeve								Color	LightGray	Size	XXL				0			deny	manual	99	3499		TRUE		https://cdn.shopify.com/s/files/1/0712/7485/6588/files/photo_2025-03-01_23-23-01.jpg?v=1749572685	5			https://cdn.shopify.com/s/files/1/0712/7485/6588/files/photo_2025-03-01_23-22-55.jpg?v=1749572685			
style-icon-glidewear-long-sleeve								Color	LightGray	Size	3XL				0			deny	manual	99	3499		TRUE						https://cdn.shopify.com/s/files/1/0712/7485/6588/files/photo_2025-03-01_23-22-55.jpg?v=1749572685			
style-icon-glidewear-long-sleeve								Color	Black	Size	S				0			deny	manual	99	3499		TRUE						https://cdn.shopify.com/s/files/1/0712/7485/6588/files/photo_2025-03-01_23-22-56.jpg?v=1749572685			
style-icon-glidewear-long-sleeve								Color	Black	Size	M				0			deny	manual	99	3499		TRUE						https://cdn.shopify.com/s/files/1/0712/7485/6588/files/photo_2025-03-01_23-22-56.jpg?v=1749572685			
style-icon-glidewear-long-sleeve								Color	Black	Size	L				0			deny	manual	99	3499		TRUE						https://cdn.shopify.com/s/files/1/0712/7485/6588/files/photo_2025-03-01_23-22-56.jpg?v=1749572685			
style-icon-glidewear-long-sleeve								Color	Black	Size	XL				0			deny	manual	99	3499		TRUE						https://cdn.shopify.com/s/files/1/0712/7485/6588/files/photo_2025-03-01_23-22-56.jpg?v=1749572685			
style-icon-glidewear-long-sleeve								Color	Black	Size	XXL				0			deny	manual	99	3499		TRUE						https://cdn.shopify.com/s/files/1/0712/7485/6588/files/photo_2025-03-01_23-22-56.jpg?v=1749572685			
style-icon-glidewear-long-sleeve								Color	Black	Size	3XL				0			deny	manual	99	3499		TRUE						https://cdn.shopify.com/s/files/1/0712/7485/6588/files/photo_2025-03-01_23-22-56.jpg?v=1749572685			
swaggerfit-cotton-short-sleeve-tshirt	SwaggerFit Cotton Short Sleeve Tshirt	"<h3><strong>SwaggerFit Cotton Short Sleeve T-Shirt</strong></h3> <p><strong>Confidence starts with comfort.</strong></p> <p>The <strong>SwaggerFit T-Shirt</strong> is your go-to essential for effortless style and unbeatable comfort. Made from <strong>high-quality cotton</strong>, it delivers a soft, breathable feel that’s perfect for all-day wear. Its classic short-sleeve design and versatile fit make it a must-have staple in every wardrobe.</p> <hr> <p><strong>Why You'll Love It:</strong></p> <ul> <li> <p>? Soft and breathable <strong>100% cotton</strong> fabric</p> </li> <li> <p>? <strong>Classic short sleeves</strong> for timeless appeal</p> </li> <li> <p>? Lightweight and comfortable for daily wear</p> </li> <li> <p>? Versatile design—easy to dress up or down</p> </li> </ul> <hr> <h3><strong>Size Chart (in inches)</strong></h3> <table> <thead> <tr> <th align=""center""><strong>Size</strong></th> <th align=""center""><strong>Chest</strong></th> <th align=""center""><strong>Shoulder</strong></th> <th align=""center""><strong>Length</strong></th> </tr> </thead> <tbody> <tr> <td align=""center"">S</td> <td align=""center"">38</td> <td align=""center"">15.5</td> <td align=""center"">25.5</td> </tr> <tr> <td align=""center"">M</td> <td align=""center"">40</td> <td align=""center"">16.5</td> <td align=""center"">26.5</td> </tr> <tr> <td align=""center"">L</td> <td align=""center"">42</td> <td align=""center"">17.5</td> <td align=""center"">27.5</td> </tr> <tr> <td align=""center"">XL</td> <td align=""center"">44</td> <td align=""center"">18.5</td> <td align=""center"">28.5</td> </tr> <tr> <td align=""center"">XXL</td> <td align=""center"">46</td> <td align=""center"">19.5</td> <td align=""center"">29.5</td> </tr> </tbody> </table> <p> </p>"	TEES				2025-06-10T21:54:10+05:30	Color	Skyblue	Size	S				0			deny	manual	99	2199		TRUE		https://cdn.shopify.com/s/files/1/0712/7485/6588/files/photo_2025-03-01_23-39-09.jpg?v=1749572663	1			https://cdn.shopify.com/s/files/1/0712/7485/6588/files/photo_2025-03-01_23-39-09.jpg?v=1749572663			
swaggerfit-cotton-short-sleeve-tshirt								Color	Skyblue	Size	M				0			deny	manual	99	2199		TRUE		https://cdn.shopify.com/s/files/1/0712/7485/6588/files/photo_2025-03-01_23-39-05.jpg?v=1749572663	2			https://cdn.shopify.com/s/files/1/0712/7485/6588/files/photo_2025-03-01_23-39-09.jpg?v=1749572663			
swaggerfit-cotton-short-sleeve-tshirt								Color	Skyblue	Size	L				0			deny	manual	99	2199		TRUE		https://cdn.shopify.com/s/files/1/0712/7485/6588/files/photo_2025-03-01_23-39-10.jpg?v=1749572663	3			https://cdn.shopify.com/s/files/1/0712/7485/6588/files/photo_2025-03-01_23-39-09.jpg?v=1749572663			
swaggerfit-cotton-short-sleeve-tshirt								Color	Skyblue	Size	XL				0			deny	manual	99	2199		TRUE		https://cdn.shopify.com/s/files/1/0712/7485/6588/files/photo_2025-03-01_23-39-04.jpg?v=1749572663	4			https://cdn.shopify.com/s/files/1/0712/7485/6588/files/photo_2025-03-01_23-39-09.jpg?v=1749572663			
swaggerfit-cotton-short-sleeve-tshirt								Color	Skyblue	Size	XXL				0			deny	manual	99	2199		TRUE		https://cdn.shopify.com/s/files/1/0712/7485/6588/files/photo_2025-03-01_23-39-14.jpg?v=1749572663	5			https://cdn.shopify.com/s/files/1/0712/7485/6588/files/photo_2025-03-01_23-39-09.jpg?v=1749572663			
swaggerfit-cotton-short-sleeve-tshirt								Color	Skyblue	Size	3XL				0			deny	manual	99	2199		TRUE		https://cdn.shopify.com/s/files/1/0712/7485/6588/files/photo_2025-03-01_23-39-07.jpg?v=1749572663	6			https://cdn.shopify.com/s/files/1/0712/7485/6588/files/photo_2025-03-01_23-39-09.jpg?v=1749572663			
swaggerfit-cotton-short-sleeve-tshirt								Color	LightGray	Size	S				0			deny	manual	99	2199		TRUE		https://cdn.shopify.com/s/files/1/0712/7485/6588/files/photo_2025-03-01_23-39-12.jpg?v=1749572663	7			https://cdn.shopify.com/s/files/1/0712/7485/6588/files/photo_2025-03-01_23-39-10.jpg?v=1749572663			
swaggerfit-cotton-short-sleeve-tshirt								Color	LightGray	Size	M				0			deny	manual	99	2199		TRUE		https://cdn.shopify.com/s/files/1/0712/7485/6588/files/photo_2025-03-01_23-39-05_2.jpg?v=1749572663	8			https://cdn.shopify.com/s/files/1/0712/7485/6588/files/photo_2025-03-01_23-39-10.jpg?v=1749572663			
swaggerfit-cotton-short-sleeve-tshirt								Color	LightGray	Size	L				0			deny	manual	99	2199		TRUE		https://cdn.shopify.com/s/files/1/0712/7485/6588/files/photo_2025-03-01_23-39-15.jpg?v=1749572663	9			https://cdn.shopify.com/s/files/1/0712/7485/6588/files/photo_2025-03-01_23-39-10.jpg?v=1749572663			
swaggerfit-cotton-short-sleeve-tshirt								Color	LightGray	Size	XL				0			deny	manual	99	2199		TRUE		https://cdn.shopify.com/s/files/1/0712/7485/6588/files/photo_2025-03-01_23-39-06.jpg?v=1749572663	10			https://cdn.shopify.com/s/files/1/0712/7485/6588/files/photo_2025-03-01_23-39-10.jpg?v=1749572663			
swaggerfit-cotton-short-sleeve-tshirt								Color	LightGray	Size	XXL				0			deny	manual	99	2199		TRUE		https://cdn.shopify.com/s/files/1/0712/7485/6588/files/photo_2025-03-01_23-39-08.jpg?v=1749572663	11			https://cdn.shopify.com/s/files/1/0712/7485/6588/files/photo_2025-03-01_23-39-10.jpg?v=1749572663			
swaggerfit-cotton-short-sleeve-tshirt								Color	LightGray	Size	3XL				0			deny	manual	99	2199		TRUE		https://cdn.shopify.com/s/files/1/0712/7485/6588/files/photo_2025-03-01_23-39-07_2.jpg?v=1749572663	12			https://cdn.shopify.com/s/files/1/0712/7485/6588/files/photo_2025-03-01_23-39-10.jpg?v=1749572663			
swaggerfit-cotton-short-sleeve-tshirt								Color	Black	Size	S				0			deny	manual	99	2199		TRUE						https://cdn.shopify.com/s/files/1/0712/7485/6588/files/photo_2025-03-01_23-39-14.jpg?v=1749572663			
swaggerfit-cotton-short-sleeve-tshirt								Color	Black	Size	M				0			deny	manual	99	2199		TRUE						https://cdn.shopify.com/s/files/1/0712/7485/6588/files/photo_2025-03-01_23-39-14.jpg?v=1749572663			
swaggerfit-cotton-short-sleeve-tshirt								Color	Black	Size	L				0			deny	manual	99	2199		TRUE						https://cdn.shopify.com/s/files/1/0712/7485/6588/files/photo_2025-03-01_23-39-14.jpg?v=1749572663			
swaggerfit-cotton-short-sleeve-tshirt								Color	Black	Size	XL				0			deny	manual	99	2199		TRUE						https://cdn.shopify.com/s/files/1/0712/7485/6588/files/photo_2025-03-01_23-39-14.jpg?v=1749572663			
swaggerfit-cotton-short-sleeve-tshirt								Color	Black	Size	XXL				0			deny	manual	99	2199		TRUE						https://cdn.shopify.com/s/files/1/0712/7485/6588/files/photo_2025-03-01_23-39-14.jpg?v=1749572663			
swaggerfit-cotton-short-sleeve-tshirt								Color	Black	Size	3XL				0			deny	manual	99	2199		TRUE						https://cdn.shopify.com/s/files/1/0712/7485/6588/files/photo_2025-03-01_23-39-14.jpg?v=1749572663			
swaggerfit-cotton-short-sleeve-tshirt								Color	DarkGray	Size	S				0			deny	manual	99	2199		TRUE						https://cdn.shopify.com/s/files/1/0712/7485/6588/files/photo_2025-03-01_23-39-12.jpg?v=1749572663			
swaggerfit-cotton-short-sleeve-tshirt								Color	DarkGray	Size	M				0			deny	manual	99	2199		TRUE						https://cdn.shopify.com/s/files/1/0712/7485/6588/files/photo_2025-03-01_23-39-12.jpg?v=1749572663			
swaggerfit-cotton-short-sleeve-tshirt								Color	DarkGray	Size	L				0			deny	manual	99	2199		TRUE						https://cdn.shopify.com/s/files/1/0712/7485/6588/files/photo_2025-03-01_23-39-12.jpg?v=1749572663			
swaggerfit-cotton-short-sleeve-tshirt								Color	DarkGray	Size	XL				0			deny	manual	99	2199		TRUE						https://cdn.shopify.com/s/files/1/0712/7485/6588/files/photo_2025-03-01_23-39-12.jpg?v=1749572663			
swaggerfit-cotton-short-sleeve-tshirt								Color	DarkGray	Size	XXL				0			deny	manual	99	2199		TRUE						https://cdn.shopify.com/s/files/1/0712/7485/6588/files/photo_2025-03-01_23-39-12.jpg?v=1749572663			
swaggerfit-cotton-short-sleeve-tshirt								Color	DarkGray	Size	3XL				0			deny	manual	99	2199		TRUE						https://cdn.shopify.com/s/files/1/0712/7485/6588/files/photo_2025-03-01_23-39-12.jpg?v=1749572663			
swaggerfit-cotton-short-sleeve-tshirt								Color	Navy	Size	S				0			deny	manual	99	2199		TRUE						https://cdn.shopify.com/s/files/1/0712/7485/6588/files/photo_2025-03-01_23-39-15.jpg?v=1749572663			
swaggerfit-cotton-short-sleeve-tshirt								Color	Navy	Size	M				0			deny	manual	99	2199		TRUE						https://cdn.shopify.com/s/files/1/0712/7485/6588/files/photo_2025-03-01_23-39-15.jpg?v=1749572663			
swaggerfit-cotton-short-sleeve-tshirt								Color	Navy	Size	L				0			deny	manual	99	2199		TRUE						https://cdn.shopify.com/s/files/1/0712/7485/6588/files/photo_2025-03-01_23-39-15.jpg?v=1749572663			
swaggerfit-cotton-short-sleeve-tshirt								Color	Navy	Size	XL				0			deny	manual	99	2199		TRUE						https://cdn.shopify.com/s/files/1/0712/7485/6588/files/photo_2025-03-01_23-39-15.jpg?v=1749572663			
swaggerfit-cotton-short-sleeve-tshirt								Color	Navy	Size	XXL				0			deny	manual	99	2199		TRUE						https://cdn.shopify.com/s/files/1/0712/7485/6588/files/photo_2025-03-01_23-39-15.jpg?v=1749572663			
swaggerfit-cotton-short-sleeve-tshirt								Color	Navy	Size	3XL				0			deny	manual	99	2199		TRUE						https://cdn.shopify.com/s/files/1/0712/7485/6588/files/photo_2025-03-01_23-39-15.jpg?v=1749572663			
swaggerfit-cotton-short-sleeve-tshirt								Color	Green	Size	S				0			deny	manual	99	2199		TRUE						https://cdn.shopify.com/s/files/1/0712/7485/6588/files/photo_2025-03-01_23-39-08.jpg?v=1749572663			
swaggerfit-cotton-short-sleeve-tshirt								Color	Green	Size	M				0			deny	manual	99	2199		TRUE						https://cdn.shopify.com/s/files/1/0712/7485/6588/files/photo_2025-03-01_23-39-08.jpg?v=1749572663			
swaggerfit-cotton-short-sleeve-tshirt								Color	Green	Size	L				0			deny	manual	99	2199		TRUE						https://cdn.shopify.com/s/files/1/0712/7485/6588/files/photo_2025-03-01_23-39-08.jpg?v=1749572663			
swaggerfit-cotton-short-sleeve-tshirt								Color	Green	Size	XL				0			deny	manual	99	2199		TRUE						https://cdn.shopify.com/s/files/1/0712/7485/6588/files/photo_2025-03-01_23-39-08.jpg?v=1749572663			
swaggerfit-cotton-short-sleeve-tshirt								Color	Green	Size	XXL				0			deny	manual	99	2199		TRUE						https://cdn.shopify.com/s/files/1/0712/7485/6588/files/photo_2025-03-01_23-39-08.jpg?v=1749572663			
swaggerfit-cotton-short-sleeve-tshirt								Color	Green	Size	3XL				0			deny	manual	99	2199		TRUE						https://cdn.shopify.com/s/files/1/0712/7485/6588/files/photo_2025-03-01_23-39-08.jpg?v=1749572663			
timeless-gaolin-branded-polo-t-shirt	Timeless Gaolin Branded Polo T-Shirt	"<h3><strong>Product Specifications</strong></h3> <ul> <li> <p>?? <strong>Sleeves:</strong> Half Sleeves</p> </li> <li> <p>?? <strong>Collar:</strong> Spread Collar</p> </li> <li> <p>?? <strong>Hem:</strong> Curved Hem Design</p> </li> <li> <p>?? <strong>Fabric Type:</strong> Premium Imported Fabric</p> </li> <li> <p>?? <strong>Fit:</strong> Regular Fit</p> </li> </ul> <blockquote> <p>?? <em>Actual product color may vary slightly due to photographic lighting or your device settings.</em></p> </blockquote> <hr> <h3><strong>Size Chart (in inches):</strong></h3> <table> <thead> <tr> <th align=""center""><strong>Size</strong></th> <th align=""center""><strong>Chest</strong></th> <th align=""center""><strong>Shoulder</strong></th> <th align=""center""><strong>Length</strong></th> </tr> </thead> <tbody> <tr> <td align=""center"">S</td> <td align=""center"">38</td> <td align=""center"">15.5</td> <td align=""center"">25.5</td> </tr> <tr> <td align=""center"">M</td> <td align=""center"">40</td> <td align=""center"">16.5</td> <td align=""center"">26.5</td> </tr> <tr> <td align=""center"">L</td> <td align=""center"">42</td> <td align=""center"">17.5</td> <td align=""center"">27.5</td> </tr> <tr> <td align=""center"">XL</td> <td align=""center"">44</td> <td align=""center"">18.5</td> <td align=""center"">28.5</td> </tr> <tr> <td align=""center"">XXL</td> <td align=""center"">46</td> <td align=""center"">19.5</td> <td align=""center"">29.5</td> </tr> </tbody> </table> <p><br></p>"	TEES		T-Shirts		2025-06-10T21:52:09+05:30	Size	M/40	Color	Orange			DR04-M-Orange	300			deny	manual	99	1999		TRUE		https://cdn.shopify.com/s/files/1/0712/7485/6588/files/Poshpeno_1723709335884_jpg.png?v=1749572540	1			https://cdn.shopify.com/s/files/1/0712/7485/6588/files/Poshpeno_1723709335884_jpg.png?v=1749572540			
timeless-gaolin-branded-polo-t-shirt								Size	M/40	Color	White			DR04-M-White	300			deny	manual	99	1999		TRUE		https://cdn.shopify.com/s/files/1/0712/7485/6588/files/Poshpeno_1723709341550_jpg.png?v=1749572540	2			https://cdn.shopify.com/s/files/1/0712/7485/6588/files/Poshpeno_1723709341550_jpg.png?v=1749572540			
timeless-gaolin-branded-polo-t-shirt								Size	M/40	Color	Quill Grey			DR04-M-Quill Grey	300			deny	manual	99	1999		TRUE		https://cdn.shopify.com/s/files/1/0712/7485/6588/files/Poshpeno_1723709332716_jpg.png?v=1749572540	3			https://cdn.shopify.com/s/files/1/0712/7485/6588/files/Poshpeno_1723709332716_jpg.png?v=1749572540			
timeless-gaolin-branded-polo-t-shirt								Size	M/40	Color	Cool Blue			DR04-M-Cool Blue	300			deny	manual	99	1999		TRUE		https://cdn.shopify.com/s/files/1/0712/7485/6588/files/Poshpeno_1723709338855_jpg.png?v=1749572540	4			https://cdn.shopify.com/s/files/1/0712/7485/6588/files/Poshpeno_1723709338855_jpg.png?v=1749572540			
timeless-gaolin-branded-polo-t-shirt								Size	M/40	Color	Black			DR04-M-Davy Grey	300			deny	manual	99	1999		TRUE		https://cdn.shopify.com/s/files/1/0712/7485/6588/files/1721391782823-189500180.jpg?v=1749572540	5			https://cdn.shopify.com/s/files/1/0712/7485/6588/files/Poshpeno_1723709329511_jpg.png?v=1749572540			
timeless-gaolin-branded-polo-t-shirt								Size	L/42	Color	Orange			DR04-L-Orange	300			deny	manual	99	1999		TRUE		https://cdn.shopify.com/s/files/1/0712/7485/6588/files/1721391791550-2039607205.jpg?v=1749572540	6			https://cdn.shopify.com/s/files/1/0712/7485/6588/files/Poshpeno_1723709335884_jpg.png?v=1749572540			
timeless-gaolin-branded-polo-t-shirt								Size	L/42	Color	White			DR04-L-White	300			deny	manual	99	1999		TRUE		https://cdn.shopify.com/s/files/1/0712/7485/6588/files/1721391792015--316064200.jpg?v=1749572540	7			https://cdn.shopify.com/s/files/1/0712/7485/6588/files/Poshpeno_1723709341550_jpg.png?v=1749572540			
timeless-gaolin-branded-polo-t-shirt								Size	L/42	Color	Quill Grey			DR04-L-Quill Grey	300			deny	manual	99	1999		TRUE		https://cdn.shopify.com/s/files/1/0712/7485/6588/files/1721391798472-992546673.jpg?v=1749572540	8			https://cdn.shopify.com/s/files/1/0712/7485/6588/files/Poshpeno_1723709332716_jpg.png?v=1749572540			
timeless-gaolin-branded-polo-t-shirt								Size	L/42	Color	Cool Blue			DR04-L-Cool Blue	300			deny	manual	99	1999		TRUE		https://cdn.shopify.com/s/files/1/0712/7485/6588/files/1721391799774--521569018.jpg?v=1749572540	9			https://cdn.shopify.com/s/files/1/0712/7485/6588/files/Poshpeno_1723709338855_jpg.png?v=1749572540			
timeless-gaolin-branded-polo-t-shirt								Size	L/42	Color	Black			DR04-L-Davy Grey	300			deny	manual	99	1999		TRUE		https://cdn.shopify.com/s/files/1/0712/7485/6588/files/Poshpeno_1723709329511_jpg.png?v=1749572540	10			https://cdn.shopify.com/s/files/1/0712/7485/6588/files/Poshpeno_1723709329511_jpg.png?v=1749572540			
timeless-gaolin-branded-polo-t-shirt								Size	XL/44	Color	Orange			DR04-XL-Orange	300			deny	manual	99	1999		TRUE						https://cdn.shopify.com/s/files/1/0712/7485/6588/files/Poshpeno_1723709335884_jpg.png?v=1749572540			
timeless-gaolin-branded-polo-t-shirt								Size	XL/44	Color	White			DR04-XL-White	300			deny	manual	99	1999		TRUE						https://cdn.shopify.com/s/files/1/0712/7485/6588/files/Poshpeno_1723709341550_jpg.png?v=1749572540			
timeless-gaolin-branded-polo-t-shirt								Size	XL/44	Color	Quill Grey			DR04-XL-Quill Grey	300			deny	manual	99	1999		TRUE						https://cdn.shopify.com/s/files/1/0712/7485/6588/files/Poshpeno_1723709332716_jpg.png?v=1749572540			
timeless-gaolin-branded-polo-t-shirt								Size	XL/44	Color	Cool Blue			DR04-XL-Cool Blue	300			deny	manual	99	1999		TRUE						https://cdn.shopify.com/s/files/1/0712/7485/6588/files/Poshpeno_1723709338855_jpg.png?v=1749572540			
timeless-gaolin-branded-polo-t-shirt								Size	XL/44	Color	Black			DR04-XL-Davy Grey	300			deny	manual	99	1999		TRUE						https://cdn.shopify.com/s/files/1/0712/7485/6588/files/Poshpeno_1723709329511_jpg.png?v=1749572540			
timeless-gaolin-branded-polo-t-shirt								Size	XXL/46	Color	Orange			DR04-XXL-Orange	300			deny	manual	99	1999		TRUE						https://cdn.shopify.com/s/files/1/0712/7485/6588/files/Poshpeno_1723709335884_jpg.png?v=1749572540			
timeless-gaolin-branded-polo-t-shirt								Size	XXL/46	Color	White			DR04-XXL-White	300			deny	manual	99	1999		TRUE						https://cdn.shopify.com/s/files/1/0712/7485/6588/files/Poshpeno_1723709341550_jpg.png?v=1749572540			
timeless-gaolin-branded-polo-t-shirt								Size	XXL/46	Color	Quill Grey			DR04-XXL-Quill Grey	300			deny	manual	99	1999		TRUE						https://cdn.shopify.com/s/files/1/0712/7485/6588/files/Poshpeno_1723709332716_jpg.png?v=1749572540			
timeless-gaolin-branded-polo-t-shirt								Size	XXL/46	Color	Cool Blue			DR04-XXL-Cool Blue	300			deny	manual	99	1999		TRUE						https://cdn.shopify.com/s/files/1/0712/7485/6588/files/Poshpeno_1723709338855_jpg.png?v=1749572540			
timeless-gaolin-branded-polo-t-shirt								Size	XXL/46	Color	Black			DR04-XXL-Davy Grey	300			deny	manual	99	1999		TRUE						https://cdn.shopify.com/s/files/1/0712/7485/6588/files/Poshpeno_1723709329511_jpg.png?v=1749572540			
urban-stripe-knit-polo-t-shirt	Urban Stripe Knit Polo T-Shirt	"<h3><strong>Urban Stripe Knit Polo</strong></h3> <p>Elevate your casual wardrobe with the <strong>Urban Stripe Knit Polo</strong> — a perfect blend of modern sophistication and everyday comfort. Designed with bold olive and white stripes, this polo is a versatile essential that transitions effortlessly from weekend outings to relaxed office settings.</p> <hr> <h4><strong>Key Features</strong></h4> <ul> <li> <p><strong>Premium Imported Fabric:</strong> Soft, breathable knit for lasting comfort and durability.</p> </li> <li> <p><strong>Bold Stripe Design:</strong> Timeless olive and white stripes create a fresh, contemporary aesthetic.</p> </li> <li> <p><strong>Contrast Collar:</strong> Beige collar adds refined contrast and visual interest.</p> </li> <li> <p><strong>Button-Up Placket:</strong> Classic front buttons for easy wear and a polished look.</p> </li> <li> <p><strong>Tailored Regular Fit:</strong> Offers a flattering silhouette while maintaining all-day ease.</p> </li> <li> <p><strong>Effortless Styling:</strong> Pairs perfectly with jeans, chinos, or shorts for a sharp yet relaxed look.</p> </li> </ul> <hr> <h4><strong>Care Instructions</strong></h4> <ul> <li> <p>Cold machine wash recommended.</p> </li> <li> <p>Please refer to the wash care label for more details.</p> </li> </ul> <hr> <h4><strong>Disclaimer</strong></h4> <ul> <li> <p>The actual product color may vary slightly due to photographic lighting or your device screen settings.</p> </li> <li> <p>Standard sizing may vary within a ±0.5 inch tolerance.</p> </li> </ul> <hr> <h3><strong>Size Chart (in inches)</strong></h3> <table> <thead> <tr> <th align=""center""><strong>Size</strong></th> <th align=""center""><strong>Chest</strong></th> <th align=""center""><strong>Shoulder</strong></th> <th align=""center""><strong>Length</strong></th> </tr> </thead> <tbody> <tr> <td align=""center"">S</td> <td align=""center"">38</td> <td align=""center"">15.5</td> <td align=""center"">25.5</td> </tr> <tr> <td align=""center"">M</td> <td align=""center"">40</td> <td align=""center"">16.5</td> <td align=""center"">26.5</td> </tr> <tr> <td align=""center"">L</td> <td align=""center"">42</td> <td align=""center"">17.5</td> <td align=""center"">27.5</td> </tr> <tr> <td align=""center"">XL</td> <td align=""center"">44</td> <td align=""center"">18.5</td> <td align=""center"">28.5</td> </tr> <tr> <td align=""center"">XXL</td> <td align=""center"">46</td> <td align=""center"">19.5</td> <td align=""center"">29.5</td> </tr> </tbody> </table> <p><br></p>"	TEES		T-Shirts		2025-06-10T21:51:19+05:30	Size	S/38					ZIB-S-Green	300			deny	manual	99	1999		TRUE		https://cdn.shopify.com/s/files/1/0712/7485/6588/files/Posh_Usk_MI_SP__1728902168236_jpg.png?v=1749572484	1			https://cdn.shopify.com/s/files/1/0712/7485/6588/files/Posh_Usk_MI_SP__1728902168236_jpg.png?v=1749572484			
urban-stripe-knit-polo-t-shirt								Size	M/40					ZIB-M-Green	300			deny	manual	99	1999		TRUE		https://cdn.shopify.com/s/files/1/0712/7485/6588/files/Posh_Usk_MI_SP__1728902126095_jpg.png?v=1749572484	2			https://cdn.shopify.com/s/files/1/0712/7485/6588/files/Posh_Usk_MI_SP__1728902126095_jpg.png?v=1749572484			
urban-stripe-knit-polo-t-shirt								Size	L/42					ZIB-L-Geen	300			deny	manual	99	1999		TRUE		https://cdn.shopify.com/s/files/1/0712/7485/6588/files/Posh_Usk_MI_SP__1728902123536_jpg.png?v=1749572484	3			https://cdn.shopify.com/s/files/1/0712/7485/6588/files/Posh_Usk_MI_SP__1728902123536_jpg.png?v=1749572484			
urban-stripe-knit-polo-t-shirt								Size	XL/44					ZIB-XL-Green	300			deny	manual	99	1999		TRUE		https://cdn.shopify.com/s/files/1/0712/7485/6588/files/Posh_Usk_MI_SP__1728902220255_jpg.png?v=1749572484	4			https://cdn.shopify.com/s/files/1/0712/7485/6588/files/Posh_Usk_MI_SP__1728902220255_jpg.png?v=1749572484			
urban-stripe-knit-polo-t-shirt								Size	XXL/46					ZIB-XXL-Geen	300			deny	manual	99	1999		TRUE									
vintage-gridlock-plaid-polo-t-shirt	Vintage Gridlock Branded Plaid Polo T-Shirt	"<h3><strong>Product Specifications</strong></h3> <ul> <li> <p>?? <strong>Sleeves</strong>: Half Sleeves</p> </li> <li> <p>?? <strong>Collar</strong>: Spread Collar</p> </li> <li> <p>?? <strong>Design</strong>: Checkered Pattern</p> </li> <li> <p>?? <strong>Hem</strong>: Curved Hem Design</p> </li> <li> <p>?? <strong>Fabric</strong>: Imported Cotton</p> </li> <li> <p>?? <strong>Fit</strong>: Regular Fit</p> </li> </ul> <blockquote> <p>?? <em>Note: Actual product color may vary slightly due to photographic lighting or screen settings.</em></p> </blockquote> <hr> <h3><strong>Size Chart (in inches)</strong></h3> <table style=""width: 100.027%; height: 117.578px;""> <thead> <tr style=""height: 19.5964px;""> <th align=""center"" style=""width: 15.4169%; height: 19.5964px;""><strong>Size</strong></th> <th align=""center"" style=""width: 20.9316%; height: 19.5964px;""><strong>Chest</strong></th> <th align=""center"" style=""width: 33.209%; height: 19.5964px;""><strong>Shoulder</strong></th> <th align=""center"" style=""width: 26.002%; height: 19.5964px;""><strong>Length</strong></th> </tr> </thead> <tbody> <tr style=""height: 19.5964px;""> <td align=""center"" style=""width: 15.4169%; height: 19.5964px;"">S</td> <td align=""center"" style=""width: 20.9316%; height: 19.5964px;"">38</td> <td align=""center"" style=""width: 33.209%; height: 19.5964px;"">15.5</td> <td align=""center"" style=""width: 26.002%; height: 19.5964px;"">25.5</td> </tr> <tr style=""height: 19.5964px;""> <td align=""center"" style=""width: 15.4169%; height: 19.5964px;"">M</td> <td align=""center"" style=""width: 20.9316%; height: 19.5964px;"">40</td> <td align=""center"" style=""width: 33.209%; height: 19.5964px;"">16.5</td> <td align=""center"" style=""width: 26.002%; height: 19.5964px;"">26.5</td> </tr> <tr style=""height: 19.5964px;""> <td align=""center"" style=""width: 15.4169%; height: 19.5964px;"">L</td> <td align=""center"" style=""width: 20.9316%; height: 19.5964px;"">42</td> <td align=""center"" style=""width: 33.209%; height: 19.5964px;"">17.5</td> <td align=""center"" style=""width: 26.002%; height: 19.5964px;"">27.5</td> </tr> <tr style=""height: 19.5964px;""> <td align=""center"" style=""width: 15.4169%; height: 19.5964px;"">XL</td> <td align=""center"" style=""width: 20.9316%; height: 19.5964px;"">44</td> <td align=""center"" style=""width: 33.209%; height: 19.5964px;"">18.5</td> <td align=""center"" style=""width: 26.002%; height: 19.5964px;"">28.5</td> </tr> <tr style=""height: 19.5964px;""> <td align=""center"" style=""width: 15.4169%; height: 19.5964px;"">XXL</td> <td align=""center"" style=""width: 20.9316%; height: 19.5964px;"">46</td> <td align=""center"" style=""width: 33.209%; height: 19.5964px;"">19.5</td> <td align=""center"" style=""width: 26.002%; height: 19.5964px;"">29.5</td> </tr> </tbody> </table> <p><br></p>"	TEES		T-Shirts		2025-06-10T21:53:20+05:30	Size	M/40	Color	Jordy Blue			GL05-M-Jordy Blue	300			deny	manual	99	1990		TRUE		https://cdn.shopify.com/s/files/1/0712/7485/6588/files/8cc8c3b2-5d20-468c-9e2c-f91591fe13e8.jpg?v=1749572607	1			https://cdn.shopify.com/s/files/1/0712/7485/6588/files/8cc8c3b2-5d20-468c-9e2c-f91591fe13e8.jpg?v=1749572607			
vintage-gridlock-plaid-polo-t-shirt								Size	L/42	Color	Jordy Blue			GL05-L-Jordy Blue	300			deny	manual	99	1990		TRUE		https://cdn.shopify.com/s/files/1/0712/7485/6588/files/0a15588e-4317-48e5-8c07-9efd74a16ae3.jpg?v=1749572607	2			https://cdn.shopify.com/s/files/1/0712/7485/6588/files/8cc8c3b2-5d20-468c-9e2c-f91591fe13e8.jpg?v=1749572607			
vintage-gridlock-plaid-polo-t-shirt								Size	XL/44	Color	Jordy Blue			GL05-XL-Jordy Blue	300			deny	manual	99	1990		TRUE		https://cdn.shopify.com/s/files/1/0712/7485/6588/files/36d3b96c-e373-4221-9577-b45cbcab1a52.jpg?v=1749572608	3			https://cdn.shopify.com/s/files/1/0712/7485/6588/files/8cc8c3b2-5d20-468c-9e2c-f91591fe13e8.jpg?v=1749572607			
vintage-gridlock-plaid-polo-t-shirt								Size	XXL/46	Color	Jordy Blue			GL05-XXL-Jordy Blue	300			deny	manual	99	1990		TRUE		https://cdn.shopify.com/s/files/1/0712/7485/6588/files/f658066d-0753-4fae-9412-05d35418447d.jpg?v=1749572608	4			https://cdn.shopify.com/s/files/1/0712/7485/6588/files/8cc8c3b2-5d20-468c-9e2c-f91591fe13e8.jpg?v=1749572607			
vintage-gridlock-plaid-polo-t-shirt								Size	M/40	Color	Faded Pink			GL05-M-Faded Pink	300			deny	manual	99	1990		TRUE		https://cdn.shopify.com/s/files/1/0712/7485/6588/files/3818ebd2-b7dd-4952-9e7f-cf5bbba766aa.jpg?v=1749572608	5			https://cdn.shopify.com/s/files/1/0712/7485/6588/files/0a15588e-4317-48e5-8c07-9efd74a16ae3.jpg?v=1749572607			
vintage-gridlock-plaid-polo-t-shirt								Size	M/40	Color	Midnight Blue			GL05-M-Midnight Blue	300			deny	manual	99	1990		TRUE		https://cdn.shopify.com/s/files/1/0712/7485/6588/files/70ea4954-7092-4248-9f42-7cde65820df0.jpg?v=1749572608	6			https://cdn.shopify.com/s/files/1/0712/7485/6588/files/36d3b96c-e373-4221-9577-b45cbcab1a52.jpg?v=1749572608			
vintage-gridlock-plaid-polo-t-shirt								Size	M/40	Color	Black			GL05-M-Black	300			deny	manual	99	1990		TRUE						https://cdn.shopify.com/s/files/1/0712/7485/6588/files/f658066d-0753-4fae-9412-05d35418447d.jpg?v=1749572608			
vintage-gridlock-plaid-polo-t-shirt								Size	L/42	Color	Faded Pink			GL05-L-Faded Pink	300			deny	manual	99	1990		TRUE						https://cdn.shopify.com/s/files/1/0712/7485/6588/files/0a15588e-4317-48e5-8c07-9efd74a16ae3.jpg?v=1749572607			
vintage-gridlock-plaid-polo-t-shirt								Size	L/42	Color	Midnight Blue			GL05-L-Midnight Blue	300			deny	manual	99	1990		TRUE						https://cdn.shopify.com/s/files/1/0712/7485/6588/files/36d3b96c-e373-4221-9577-b45cbcab1a52.jpg?v=1749572608			
vintage-gridlock-plaid-polo-t-shirt								Size	L/42	Color	Black			GL05-L-Black	300			deny	manual	99	1990		TRUE						https://cdn.shopify.com/s/files/1/0712/7485/6588/files/f658066d-0753-4fae-9412-05d35418447d.jpg?v=1749572608			
vintage-gridlock-plaid-polo-t-shirt								Size	XL/44	Color	Faded Pink			GL05-XL-Faded Pink	300			deny	manual	99	1990		TRUE						https://cdn.shopify.com/s/files/1/0712/7485/6588/files/0a15588e-4317-48e5-8c07-9efd74a16ae3.jpg?v=1749572607			
vintage-gridlock-plaid-polo-t-shirt								Size	XL/44	Color	Midnight Blue			GL05-XL-Midnight Blue	300			deny	manual	99	1990		TRUE						https://cdn.shopify.com/s/files/1/0712/7485/6588/files/36d3b96c-e373-4221-9577-b45cbcab1a52.jpg?v=1749572608			
vintage-gridlock-plaid-polo-t-shirt								Size	XL/44	Color	Black			GL05-XL-Black	300			deny	manual	99	1990		TRUE						https://cdn.shopify.com/s/files/1/0712/7485/6588/files/f658066d-0753-4fae-9412-05d35418447d.jpg?v=1749572608			
vintage-gridlock-plaid-polo-t-shirt								Size	XXL/46	Color	Faded Pink			GL05-XXL-Faded Pink	300			deny	manual	99	1990		TRUE						https://cdn.shopify.com/s/files/1/0712/7485/6588/files/0a15588e-4317-48e5-8c07-9efd74a16ae3.jpg?v=1749572607			
vintage-gridlock-plaid-polo-t-shirt								Size	XXL/46	Color	Midnight Blue			GL05-XXL-Midnight Blue	300			deny	manual	99	1990		TRUE						https://cdn.shopify.com/s/files/1/0712/7485/6588/files/36d3b96c-e373-4221-9577-b45cbcab1a52.jpg?v=1749572608			
vintage-gridlock-plaid-polo-t-shirt								Size	XXL/46	Color	Black			GL05-XXL-Black	300			deny	manual	99	1990		TRUE						https://cdn.shopify.com/s/files/1/0712/7485/6588/files/f658066d-0753-4fae-9412-05d35418447d.jpg?v=1749572608			
vintage-old-money-premium-tshirt	Vintage Old Money Premium Tshirt	"<h3><strong>Vintage Old Money Premium T-Shirt</strong></h3> <p>Step into timeless elegance with our <strong>Vintage Old Money Premium T-Shirt</strong>. Designed to capture the classic sophistication and quiet confidence of old-money style, this tee is crafted from the highest quality materials for all-day comfort and lasting style.</p> <p>Elevate your wardrobe with a piece that speaks luxury, legacy, and understated class.</p> <hr> <h3><strong>Size Chart (in inches)</strong></h3> <table> <thead> <tr> <th align=""center""><strong>Size</strong></th> <th align=""center""><strong>Chest</strong></th> <th align=""center""><strong>Shoulder</strong></th> <th align=""center""><strong>Length</strong></th> </tr> </thead> <tbody> <tr> <td align=""center"">S</td> <td align=""center"">38</td> <td align=""center"">15.5</td> <td align=""center"">25.5</td> </tr> <tr> <td align=""center"">M</td> <td align=""center"">40</td> <td align=""center"">16.5</td> <td align=""center"">26.5</td> </tr> <tr> <td align=""center"">L</td> <td align=""center"">42</td> <td align=""center"">17.5</td> <td align=""center"">27.5</td> </tr> <tr> <td align=""center"">XL</td> <td align=""center"">44</td> <td align=""center"">18.5</td> <td align=""center"">28.5</td> </tr> <tr> <td align=""center"">XXL</td> <td align=""center"">46</td> <td align=""center"">19.5</td> <td align=""center"">29.5</td> </tr> </tbody> </table> <hr> <p><strong>Why You'll Love It:</strong></p> <ul> <li> <p>? Inspired by timeless ""Old Money"" elegance</p> </li> <li> <p>? Made with ultra-soft, premium fabric</p> </li> <li> <p>? Tailored for a relaxed yet refined fit</p> </li> <li> <p>? Perfect for elevating any casual outfit</p> </li> </ul> <p>Whether you're dressing up or keeping it casual, this tee brings effortless class to any occasion.</p> <div class=""Modal__Content Rte""> <div class=""Container Container--extraNarrow""></div> </div>"	TEES				2025-06-10T21:55:46+05:30	Size	S						0			deny	manual	99			TRUE		https://cdn.shopify.com/s/files/1/0712/7485/6588/files/photo_2025-02-28_21-31-05.jpg?v=1749572751	1			https://cdn.shopify.com/s/files/1/0712/7485/6588/files/photo_2025-02-28_21-31-05.jpg?v=1749572751			
vintage-old-money-premium-tshirt								Size	M						0			deny	manual	99			TRUE		https://cdn.shopify.com/s/files/1/0712/7485/6588/files/Untitled_design_3.jpg?v=1749572751	2			https://cdn.shopify.com/s/files/1/0712/7485/6588/files/Untitled_design_3.jpg?v=1749572751			
vintage-old-money-premium-tshirt								Size	L						0			deny	manual	99			TRUE		https://cdn.shopify.com/s/files/1/0712/7485/6588/files/photo_2025-02-28_21-31-03.jpg?v=1749572751	3			https://cdn.shopify.com/s/files/1/0712/7485/6588/files/photo_2025-02-28_21-31-03.jpg?v=1749572751			
vintage-old-money-premium-tshirt								Size	XL						0			deny	manual	99			TRUE		https://cdn.shopify.com/s/files/1/0712/7485/6588/files/photo_2025-02-28_21-31-18.jpg?v=1749572751	4			https://cdn.shopify.com/s/files/1/0712/7485/6588/files/photo_2025-02-28_21-31-18.jpg?v=1749572751			
vintage-old-money-premium-tshirt								Size	XXL						0			deny	manual	99			TRUE		https://cdn.shopify.com/s/files/1/0712/7485/6588/files/photo_2025-02-28_21-31-17.jpg?v=1749572751	5			https://cdn.shopify.com/s/files/1/0712/7485/6588/files/photo_2025-02-28_21-31-17.jpg?v=1749572751			
vintage-old-money-premium-tshirt								Size	3XL						0			deny	manual	99			TRUE									
vintage-plaid-branded-polo-t-shirts	Vintage Plaid Branded Polo T-Shirts	"<h3><strong>Vintage Plaid Branded Polo T-Shirt</strong></h3> <p><strong>Heritage Style Meets Modern Sophistication</strong></p> <p>Elevate your casual and professional wardrobe with the <strong>Vintage Plaid Branded Polo</strong>, crafted from premium imported fabric for unmatched comfort, breathability, and durability. Its timeless plaid pattern offers a sophisticated vintage appeal, while the embroidered branding adds a signature touch of luxury.</p> <hr> <h3><strong>Key Features:</strong></h3> <ul> <li> <p>? <strong>Premium Imported Fabric</strong> – Soft, breathable, and comfortable for all-day wear</p> </li> <li> <p>? <strong>Vintage-Inspired Plaid Design</strong> – Classic, timeless look for versatile styling</p> </li> <li> <p>? <strong>Tailored Fit &amp; Structured Collar</strong> – Ensures a sharp, refined silhouette</p> </li> <li> <p>? <strong>Signature Embroidered Branding</strong> – High-end detailing that elevates the look</p> </li> <li> <p>? <strong>Effortless Styling</strong> – Pairs well with chinos, jeans, or tailored trousers</p> </li> </ul> <blockquote> <p>?? <em>Perfect for casual outings, work settings, or smart-casual events.</em></p> </blockquote> <hr> <h3> <strong>Fabric:</strong> Imported Cotton Blend</h3> <h3> <strong>Fit:</strong> Regular Fit</h3> <p>?? <em>Note: Actual product color may vary slightly due to lighting or device display settings.</em></p> <hr> <h3><strong>Size Chart (in inches)</strong></h3> <table> <thead> <tr> <th align=""center""><strong>Size</strong></th> <th align=""center""><strong>Chest</strong></th> <th align=""center""><strong>Shoulder</strong></th> <th align=""center""><strong>Length</strong></th> </tr> </thead> <tbody> <tr> <td align=""center"">S</td> <td align=""center"">38</td> <td align=""center"">15.5</td> <td align=""center"">25.5</td> </tr> <tr> <td align=""center"">M</td> <td align=""center"">40</td> <td align=""center"">16.5</td> <td align=""center"">26.5</td> </tr> <tr> <td align=""center"">L</td> <td align=""center"">42</td> <td align=""center"">17.5</td> <td align=""center"">27.5</td> </tr> <tr> <td align=""center"">XL</td> <td align=""center"">44</td> <td align=""center"">18.5</td> <td align=""center"">28.5</td> </tr> <tr> <td align=""center"">XXL</td> <td align=""center"">46</td> <td align=""center"">19.5</td> <td align=""center"">29.5</td> </tr> </tbody> </table> <p data-start=""82"" data-end=""580""> </p>"	TEES		T-Shirts		2025-06-10T21:52:46+05:30	Size	S/38	Color	Blue			TP02-S-Blue-Black	300			deny	manual	99	2320		TRUE		https://cdn.shopify.com/s/files/1/0712/7485/6588/files/Poshpenopps21722495335058.jpg?v=1749572573	1			https://cdn.shopify.com/s/files/1/0712/7485/6588/files/Poshpenopps21722495335058.jpg?v=1749572573			
vintage-plaid-branded-polo-t-shirts								Size	S/38	Color	Yellow			TP01-S-Gingham	300			deny	manual	99	2320		TRUE		https://cdn.shopify.com/s/files/1/0712/7485/6588/files/Poshpenopps21722495347889.jpg?v=1749572573	2			https://cdn.shopify.com/s/files/1/0712/7485/6588/files/Poshpenopps21722495347889.jpg?v=1749572573			
vintage-plaid-branded-polo-t-shirts								Size	S/38	Color	Pink			TP3-S-Monochrome	300			deny	manual	99	2320		TRUE		https://cdn.shopify.com/s/files/1/0712/7485/6588/files/Poshpenopps21722495348834.jpg?v=1749572573	3			https://cdn.shopify.com/s/files/1/0712/7485/6588/files/Poshpenopps21722495348834.jpg?v=1749572573			
vintage-plaid-branded-polo-t-shirts								Size	M/40	Color	Blue			TP02-M-Blue-Black	300			deny	manual	99	2320		TRUE		https://cdn.shopify.com/s/files/1/0712/7485/6588/files/Poshpenopps21722495369892.jpg?v=1749572574	4			https://cdn.shopify.com/s/files/1/0712/7485/6588/files/Poshpenopps21722495335058.jpg?v=1749572573			
vintage-plaid-branded-polo-t-shirts								Size	M/40	Color	Yellow			TP01-M-Gingham	300			deny	manual	99	2320		TRUE		https://cdn.shopify.com/s/files/1/0712/7485/6588/files/Poshpenopps21722495364869.jpg?v=1749572574	5			https://cdn.shopify.com/s/files/1/0712/7485/6588/files/Poshpenopps21722495347889.jpg?v=1749572573			
vintage-plaid-branded-polo-t-shirts								Size	M/40	Color	Pink			TP3-M-Monochrome	300			deny	manual	99	2320		TRUE		https://cdn.shopify.com/s/files/1/0712/7485/6588/files/Poshpenopps21722495372452.jpg?v=1749572574	6			https://cdn.shopify.com/s/files/1/0712/7485/6588/files/Poshpenopps21722495348834.jpg?v=1749572573			
vintage-plaid-branded-polo-t-shirts								Size	L/42	Color	Blue			TP02-L-Blue-Black	300			deny	manual	99	2320		TRUE		https://cdn.shopify.com/s/files/1/0712/7485/6588/files/Poshpenopps21722495375052.jpg?v=1749572574	7			https://cdn.shopify.com/s/files/1/0712/7485/6588/files/Poshpenopps21722495335058.jpg?v=1749572573			
vintage-plaid-branded-polo-t-shirts								Size	L/42	Color	Yellow			TP01-L-Gingham	300			deny	manual	99	2320		TRUE						https://cdn.shopify.com/s/files/1/0712/7485/6588/files/Poshpenopps21722495347889.jpg?v=1749572573			
vintage-plaid-branded-polo-t-shirts								Size	L/42	Color	Pink			TP3-L-Monochrome	300			deny	manual	99	2320		TRUE						https://cdn.shopify.com/s/files/1/0712/7485/6588/files/Poshpenopps21722495348834.jpg?v=1749572573			
vintage-plaid-branded-polo-t-shirts								Size	XL/44	Color	Blue			TP02-XL-Blue-Black	300			deny	manual	99	2320		TRUE						https://cdn.shopify.com/s/files/1/0712/7485/6588/files/Poshpenopps21722495335058.jpg?v=1749572573			
vintage-plaid-branded-polo-t-shirts								Size	XL/44	Color	Yellow			TP01-XL-Gingham	300			deny	manual	99	2320		TRUE						https://cdn.shopify.com/s/files/1/0712/7485/6588/files/Poshpenopps21722495347889.jpg?v=1749572573			
vintage-plaid-branded-polo-t-shirts								Size	XL/44	Color	Pink			TP3-XL-Monochrome	300			deny	manual	99	2320		TRUE						https://cdn.shopify.com/s/files/1/0712/7485/6588/files/Poshpenopps21722495348834.jpg?v=1749572573			
vintage-plaid-branded-polo-t-shirts								Size	XXL/46	Color	Blue			TP02-XXL-Blue-Black	300			deny	manual	99	2320		TRUE						https://cdn.shopify.com/s/files/1/0712/7485/6588/files/Poshpenopps21722495335058.jpg?v=1749572573			
vintage-plaid-branded-polo-t-shirts								Size	XXL/46	Color	Yellow			TP01-XXL-Gingham	300			deny	manual	99	2320		TRUE						https://cdn.shopify.com/s/files/1/0712/7485/6588/files/Poshpenopps21722495347889.jpg?v=1749572573			
vintage-plaid-branded-polo-t-shirts								Size	XXL/46	Color	Pink			TP3-XXL-Monochrome	300			deny	manual	99	2320		TRUE						https://cdn.shopify.com/s/files/1/0712/7485/6588/files/Poshpenopps21722495348834.jpg?v=1749572573			
